bet_id,placed_utc,city,event_date,event_slug,ui_url,ui_title,status,bracket_label,brackets_on_page,brackets_undecided,random_pick_index,my_choice,choice_reason,ui_yes_cents,ui_no_cents,ui_percent,ui_bracket_volume,book_bid,book_ask,entry_price_exec,entry_price_ui,fee_per_share,cost_per_share,price_band,stake_rule,bet_usd,shares,bankroll_before,data_source,outcome_official,winning_bracket,win,pnl_usd,pnl_if_ui_price_usd,bankroll_after,settled_utc,resolution_source,loss_streak_before,ui_read_latency_ms,page_load_s,code_version,notes
W00001,2026-09-27T15:25:22.226Z,Miami,2026-09-27,highest-temperature-in-miami-on-september-27-2026,https://polymarket.com/event/highest-temperature-in-miami-on-september-27-2026,Highest temperature in Miami on September 27?,OPEN,90-91°F,11,4,4 of 4,YES,"random: bracket 4 of 4 undecided, side Yes (Yes 60% / No 40%)",0.11,0.94,9%,"$5,909 Vol.",0.06,0.11,0.11,0.11,0.0049,0.1149,0.0-0.2,base 2% of bankroll; capped by the size at the best ask,1.26,11.0,200.0,ui,,,,,,,,https://www.weather.gov/wrh/timeseries?site=kmia,0,2218,47.2,1.0.2,
W00002,2026-09-27T15:34:27.495Z,Hong Kong,2026-09-29,highest-temperature-in-hong-kong-on-september-29-2026,https://polymarket.com/event/highest-temperature-in-hong-kong-on-september-29-2026,Highest temperature in Hong Kong on September 29?,OPEN,31°C,11,4,1 of 4,NO,"random: bracket 1 of 4 undecided, side No (Yes 60% / No 40%)",0.065,0.935,,,0.91,0.96,0.96,0.935,0.0019,0.9619,0.8-1.0,base 2% of bankroll; raised to the 5-share minimum,4.81,5.0,200.0,api_fallback(ui_unavailable),,,,,,,,,0,,,1.0.2,
W00003,2026-09-27T15:55:33.970Z,Paris,2026-09-28,highest-temperature-in-paris-on-september-28-2026,https://polymarket.com/event/highest-temperature-in-paris-on-september-28-2026,Highest temperature in Paris on September 28?,OPEN,25°C,11,5,3 of 5,NO,"random: bracket 3 of 5 undecided, side No (Yes 60% / No 40%)",0.305,0.695,,1328.816204,0.69,0.7,0.7,0.695,0.0105,0.7105,0.6-0.8,base 2% of bankroll,4.0,5.6297,200.0,api_fallback(ui_unavailable),,,,,,,,https://www.weather.gov/wrh/timeseries?site=lfpb,0,,,1.0.4,
W00004,2026-09-27T16:14:11.753Z,NYC,2026-09-27,highest-temperature-in-nyc-on-september-27-2026,https://polymarket.com/event/highest-temperature-in-nyc-on-september-27-2026,Highest temperature in NYC on September 27?,OPEN,68-69°F,11,4,4 of 4,YES,"random: bracket 4 of 4 undecided, side Yes (Yes 60% / No 40%)",0.14,0.88,13%,"$4,222 Vol.",0.08,0.14,0.14,0.14,0.006,0.146,0.0-0.2,base 2% of bankroll,4.0,27.393,200.0,ui,,,,,,,,https://www.weather.gov/wrh/timeseries?site=klga,0,757,43.7,1.0.6,
W00005,2026-09-27T17:48:52.630Z,London,2026-09-28,highest-temperature-in-london-on-september-28-2026,https://polymarket.com/event/highest-temperature-in-london-on-september-28-2026,Highest temperature in London on September 28?,OPEN,18°C,11,4,1 of 4,YES,"random: bracket 1 of 4 undecided, side Yes (Yes 60% / No 40%)",0.35,0.67,34%,"$6,359 Vol.",0.33,0.35,0.35,0.35,0.0114,0.3614,0.2-0.4,base 2% of bankroll,4.0,11.0687,200.0,ui,,,,,,,,https://www.weather.gov/wrh/timeseries?site=eglc,0,567,7.2,1.0.6,
W00006,2026-09-27T17:49:00.263Z,Miami,2026-09-27,highest-temperature-in-miami-on-september-27-2026,https://polymarket.com/event/highest-temperature-in-miami-on-september-27-2026,Highest temperature in Miami on September 27?,OPEN,90-91°F,11,3,3 of 3,YES,"random: bracket 3 of 3 undecided, side Yes (Yes 60% / No 40%)",0.05,0.96,5%,"$9,649 Vol.",0.02,0.05,0.05,0.05,0.0024,0.0524,0.0-0.2,base 2% of bankroll; capped by the size at the best ask,3.29,62.85,200.0,ui,,,,,,,,https://www.weather.gov/wrh/timeseries?site=kmia,0,419,4.3,1.0.6,
W00007,2026-09-27T17:49:07.478Z,NYC,2026-09-27,highest-temperature-in-nyc-on-september-27-2026,https://polymarket.com/event/highest-temperature-in-nyc-on-september-27-2026,Highest temperature in NYC on September 27?,OPEN,64-65°F,11,2,1 of 2,NO,"random: bracket 1 of 2 undecided, side No (Yes 60% / No 40%)",0.72,0.38,67%,"$6,880 Vol.",0.24,0.35,0.35,0.38,0.0114,0.3614,0.2-0.4,base 2% of bankroll; capped by the size at the best ask,2.89,8.0,199.99,ui,,,,,,,,https://www.weather.gov/wrh/timeseries?site=klga,0,337,4.3,1.0.6,
W00008,2026-09-27T17:49:15.121Z,Shanghai,2026-09-28,highest-temperature-in-shanghai-on-september-28-2026,https://polymarket.com/event/highest-temperature-in-shanghai-on-september-28-2026,Highest temperature in Shanghai on September 28?,OPEN,26°C,11,3,1 of 3,NO,"random: bracket 1 of 3 undecided, side No (Yes 60% / No 40%)",0.33,0.69,32%,"$3,298 Vol.",0.66,0.69,0.69,0.69,0.0107,0.7007,0.6-0.8,base 2% of bankroll,4.0,5.7084,199.99,ui,,,,,,,,https://www.weather.gov/wrh/timeseries?site=zspd,0,353,4.7,1.0.6,
W00009,2026-09-27T17:50:27.961Z,Miami,2026-09-27,highest-temperature-in-miami-on-september-27-2026,https://polymarket.com/event/highest-temperature-in-miami-on-september-27-2026,Highest temperature in Miami on September 27?,OPEN,88-89°F,11,3,2 of 3,NO,"random: bracket 2 of 3 undecided, side No (Yes 60% / No 40%)",0.55,0.54,51%,"$7,872 Vol.",0.37,0.49,0.49,0.54,0.0125,0.5025,0.4-0.6,base 2% of bankroll,4.0,7.96,199.99,ui,,,,,,,,https://www.weather.gov/wrh/timeseries?site=kmia,0,540,6.4,1.0.6,
W00010,2026-09-27T17:55:39.426Z,Paris,2026-09-28,highest-temperature-in-paris-on-september-28-2026,https://polymarket.com/event/highest-temperature-in-paris-on-september-28-2026,Highest temperature in Paris on September 28?,OPEN,25°C,11,6,3 of 6,NO,"random: bracket 3 of 6 undecided, side No (Yes 60% / No 40%)",0.32,0.71,31%,"$1,964 Vol.",0.68,0.71,0.71,0.71,0.0103,0.7203,0.6-0.8,base 2% of bankroll,4.0,5.5531,199.99,ui,,,,,,,,https://www.weather.gov/wrh/timeseries?site=lfpb,0,300,5.9,1.0.6,
W00011,2026-09-27T17:59:50.251Z,NYC,2026-09-27,highest-temperature-in-nyc-on-september-27-2026,https://polymarket.com/event/highest-temperature-in-nyc-on-september-27-2026,Highest temperature in NYC on September 27?,OPEN,66-67°F,11,2,2 of 2,NO,"random: bracket 2 of 2 undecided, side No (Yes 60% / No 40%)",0.39,0.7,35%,"$4,086 Vol.",0.57,0.68,0.68,0.7,0.0109,0.6909,0.6-0.8,base 2% of bankroll,4.0,5.7896,199.99,ui,,,,,,,,https://www.weather.gov/wrh/timeseries?site=klga,0,326,5.6,1.0.6,
W00012,2026-09-27T18:04:02.040Z,Seoul,2026-09-29,highest-temperature-in-seoul-on-september-29-2026,https://polymarket.com/event/highest-temperature-in-seoul-on-september-29-2026,Highest temperature in Seoul (Incheon) on September 29?,OPEN,24°C,11,3,2 of 3,YES,"random: bracket 2 of 3 undecided, side Yes (Yes 60% / No 40%)",0.49,0.55,47%,"$1,171 Vol.",0.45,0.49,0.49,0.49,0.0125,0.5025,0.4-0.6,base 2% of bankroll,4.0,7.9601,199.99,ui,,,,,,,,https://www.weather.gov/wrh/timeseries?site=rksi,0,291,5.9,1.0.6,
W00013,2026-09-27T18:13:15.053Z,Seoul,2026-09-28,highest-temperature-in-seoul-on-september-28-2026,https://polymarket.com/event/highest-temperature-in-seoul-on-september-28-2026,Highest temperature in Seoul (Incheon) on September 28?,OPEN,24°C,11,4,3 of 4,YES,"random: bracket 3 of 4 undecided, side Yes (Yes 60% / No 40%)",0.49,0.52,49%,"$2,937 Vol.",0.48,0.49,0.49,0.49,0.0125,0.5025,0.4-0.6,base 2% of bankroll,4.0,7.9601,199.99,ui,,,,,,,,https://www.weather.gov/wrh/timeseries?site=rksi,0,500,6.1,1.0.6,
W00014,2026-09-27T18:19:23.518Z,NYC,2026-09-29,highest-temperature-in-nyc-on-september-29-2026,https://polymarket.com/event/highest-temperature-in-nyc-on-september-29-2026,Highest temperature in NYC on September 29?,OPEN,70-71°F,11,4,2 of 4,NO,"random: bracket 2 of 4 undecided, side No (Yes 60% / No 40%)",0.37,0.66,36%,$299 Vol.,0.63,0.66,0.66,0.66,0.0112,0.6712,0.6-0.8,base 2% of bankroll,4.0,5.9591,199.99,ui,,,,,,,,https://www.weather.gov/wrh/timeseries?site=klga,0,51,5.4,1.0.6,
W00015,2026-09-27T18:20:34.778Z,Paris,2026-09-29,highest-temperature-in-paris-on-september-29-2026,https://polymarket.com/event/highest-temperature-in-paris-on-september-29-2026,Highest temperature in Paris on September 29?,OPEN,30°C,11,5,5 of 5,NO,"random: bracket 5 of 5 undecided, side No (Yes 60% / No 40%)",0.05,0.96,5%,$250 Vol.,0.95,0.96,0.96,0.96,0.0019,0.9619,0.8-1.0,base 2% of bankroll; raised to the 5-share minimum,4.81,5.0,199.99,ui,,,,,,,,https://www.weather.gov/wrh/timeseries?site=lfpb,0,532,6.0,1.0.6,
W00016,2026-09-27T18:22:46.934Z,Hong Kong,2026-09-28,highest-temperature-in-hong-kong-on-september-28-2026,https://polymarket.com/event/highest-temperature-in-hong-kong-on-september-28-2026,Highest temperature in Hong Kong on September 28?,OPEN,32°C,11,2,1 of 2,YES,"random: bracket 1 of 2 undecided, side Yes (Yes 60% / No 40%)",0.48,0.56,46%,"$6,013 Vol.",0.43,0.47,0.47,0.48,0.0125,0.4825,0.4-0.6,base 2% of bankroll,4.0,8.2907,200.0,ui,,,,,,,,,0,598,5.5,1.0.6,
W00017,2026-09-27T18:52:59.206Z,Paris,2026-09-29,highest-temperature-in-paris-on-september-29-2026,https://polymarket.com/event/highest-temperature-in-paris-on-september-29-2026,Highest temperature in Paris on September 29?,OPEN,29°C,11,5,4 of 5,NO,"random: bracket 4 of 5 undecided, side No (Yes 60% / No 40%)",0.33,0.71,31%,"$1,397 Vol.",0.67,0.71,0.71,0.71,0.0103,0.7203,0.6-0.8,base 2% of bankroll,4.0,5.5531,200.0,ui,,,,,,,,https://www.weather.gov/wrh/timeseries?site=lfpb,0,357,4.7,1.0.6,
W00018,2026-09-27T19:08:11.185Z,Seoul,2026-09-28,highest-temperature-in-seoul-on-september-28-2026,https://polymarket.com/event/highest-temperature-in-seoul-on-september-28-2026,Highest temperature in Seoul (Incheon) on September 28?,OPEN,23°C,11,4,2 of 4,YES,"random: bracket 2 of 4 undecided, side Yes (Yes 60% / No 40%)",0.42,0.62,40%,"$4,590 Vol.",0.37,0.41,0.41,0.42,0.0121,0.4221,0.4-0.6,base 2% of bankroll,4.0,9.4763,200.0,ui,,,,,,,,https://www.weather.gov/wrh/timeseries?site=rksi,0,249,4.9,1.0.6,
