ts_unix,ts_utc,city,market_day,n_buckets,n_with_ask,n_with_bid,mid_sum,ask_sum,bid_sum,verdict,cheapest_full_set_cost,oldest_quote_age_s
1790511167,2026-09-27T12:12:47Z,lax,2026-09-27,6,6,5,1.08,1.13,1.02,OVERROUND-ASK,1.13,1.3
1790511167,2026-09-27T12:12:47Z,lax,2026-09-28,6,6,6,1.52,2.45,0.59,OVERROUND-ASK,2.45,1.2
1790511167,2026-09-27T12:12:47Z,mdw,2026-09-27,6,6,6,1.045,1.09,1.0,OVERROUND-ASK,1.09,1.2
1790511167,2026-09-27T12:12:47Z,mdw,2026-09-28,6,6,6,1.66,3.15,0.17,OVERROUND-ASK,3.15,1.2
1790511167,2026-09-27T12:12:47Z,mia,2026-09-27,6,6,5,1.085,1.14,1.02,OVERROUND-ASK,1.14,1.2
1790511167,2026-09-27T12:12:47Z,mia,2026-09-28,6,6,6,1.775,2.92,0.63,OVERROUND-ASK,2.92,1.2
1790511167,2026-09-27T12:12:47Z,nyc,2026-09-27,6,6,4,1.075,1.12,1.01,OVERROUND-ASK,1.12,0.8
1790511167,2026-09-27T12:12:47Z,nyc,2026-09-28,6,6,6,0.855,1.14,0.57,OVERROUND-ASK,1.14,1.2
1790511167,2026-09-27T12:12:47Z,sfo,2026-09-27,6,6,6,1.07,1.11,1.03,OVERROUND-ASK,1.11,1.2
1790511167,2026-09-27T12:12:47Z,sfo,2026-09-28,6,6,6,1.59,2.81,0.37,OVERROUND-ASK,2.81,1.1
1790511205,2026-09-27T12:13:25Z,lax,2026-09-27,6,6,5,1.08,1.13,1.02,OVERROUND-ASK,1.13,25.3
1790511205,2026-09-27T12:13:25Z,lax,2026-09-28,6,6,6,1.52,2.45,0.59,OVERROUND-ASK,2.45,39.6
1790511205,2026-09-27T12:13:25Z,mdw,2026-09-27,6,6,6,1.05,1.1,1.0,OVERROUND-ASK,1.1,4.7
1790511205,2026-09-27T12:13:25Z,mdw,2026-09-28,6,6,6,1.66,3.15,0.17,OVERROUND-ASK,3.15,39.5
1790511205,2026-09-27T12:13:25Z,mia,2026-09-27,6,6,5,1.085,1.14,1.02,OVERROUND-ASK,1.14,18.7
1790511205,2026-09-27T12:13:25Z,mia,2026-09-28,6,6,6,1.775,2.92,0.63,OVERROUND-ASK,2.92,39.5
1790511205,2026-09-27T12:13:25Z,nyc,2026-09-27,6,6,4,1.08,1.13,1.01,OVERROUND-ASK,1.13,25.8
1790511205,2026-09-27T12:13:25Z,nyc,2026-09-28,6,6,6,0.855,1.14,0.57,OVERROUND-ASK,1.14,39.5
1790511205,2026-09-27T12:13:25Z,sfo,2026-09-27,6,6,6,1.08,1.13,1.03,OVERROUND-ASK,1.13,39.4
1790511205,2026-09-27T12:13:25Z,sfo,2026-09-28,6,6,6,1.59,2.81,0.37,OVERROUND-ASK,2.81,39.4
1790511248,2026-09-27T12:14:08Z,lax,2026-09-27,6,6,5,1.08,1.13,1.02,OVERROUND-ASK,1.13,1.5
1790511248,2026-09-27T12:14:08Z,lax,2026-09-28,6,6,6,1.52,2.45,0.59,OVERROUND-ASK,2.45,1.5
1790511248,2026-09-27T12:14:08Z,mdw,2026-09-27,6,6,6,1.05,1.1,1.0,OVERROUND-ASK,1.1,1.5
1790511248,2026-09-27T12:14:08Z,mdw,2026-09-28,6,6,6,1.66,3.15,0.17,OVERROUND-ASK,3.15,1.4
1790511248,2026-09-27T12:14:08Z,mia,2026-09-27,6,6,5,1.08,1.13,1.02,OVERROUND-ASK,1.13,1.4
1790511248,2026-09-27T12:14:08Z,mia,2026-09-28,6,6,6,1.775,2.92,0.63,OVERROUND-ASK,2.92,1.4
1790511248,2026-09-27T12:14:08Z,nyc,2026-09-27,6,6,4,1.11,1.17,1.03,OVERROUND-ASK,1.17,1.4
1790511248,2026-09-27T12:14:08Z,nyc,2026-09-28,6,6,6,0.91,1.22,0.6,OVERROUND-ASK,1.22,1.4
1790511248,2026-09-27T12:14:08Z,sfo,2026-09-27,6,6,6,1.085,1.13,1.04,OVERROUND-ASK,1.13,1.4
1790511248,2026-09-27T12:14:08Z,sfo,2026-09-28,6,6,6,1.59,2.81,0.37,OVERROUND-ASK,2.81,1.3
1790511548,2026-09-27T12:19:08Z,lax,2026-09-27,6,6,5,1.07,1.12,1.01,OVERROUND-ASK,1.12,25.1
1790511548,2026-09-27T12:19:08Z,lax,2026-09-28,6,6,6,1.52,2.45,0.59,OVERROUND-ASK,2.45,301.6
1790511548,2026-09-27T12:19:08Z,mdw,2026-09-27,6,6,6,1.01,1.08,0.94,OVERROUND-ASK,1.08,10.0
1790511548,2026-09-27T12:19:08Z,mdw,2026-09-28,6,6,6,1.66,3.15,0.17,OVERROUND-ASK,3.15,183.6
1790511548,2026-09-27T12:19:08Z,mia,2026-09-27,6,6,5,1.065,1.12,1.0,OVERROUND-ASK,1.12,11.5
1790511548,2026-09-27T12:19:08Z,mia,2026-09-28,6,6,6,1.775,2.92,0.63,OVERROUND-ASK,2.92,301.5
1790511548,2026-09-27T12:19:08Z,nyc,2026-09-27,6,6,4,1.035,1.07,0.98,OVERROUND-ASK,1.07,2.9
1790511548,2026-09-27T12:19:08Z,nyc,2026-09-28,6,6,6,0.91,1.22,0.6,OVERROUND-ASK,1.22,75.3
1790511548,2026-09-27T12:19:08Z,sfo,2026-09-27,6,6,6,1.085,1.13,1.04,OVERROUND-ASK,1.13,12.8
1790511548,2026-09-27T12:19:08Z,sfo,2026-09-28,6,6,6,1.59,2.81,0.37,OVERROUND-ASK,2.81,216.5
1790511848,2026-09-27T12:24:08Z,lax,2026-09-27,6,6,5,1.055,1.1,1.0,OVERROUND-ASK,1.1,0.2
1790511848,2026-09-27T12:24:08Z,lax,2026-09-28,6,6,6,1.52,2.45,0.59,OVERROUND-ASK,2.45,601.7
1790511848,2026-09-27T12:24:08Z,mdw,2026-09-27,6,6,6,0.99,1.05,0.93,OK,1.05,2.4
1790511848,2026-09-27T12:24:08Z,mdw,2026-09-28,6,6,6,1.74,3.15,0.33,OVERROUND-ASK,3.15,192.4
1790511848,2026-09-27T12:24:08Z,mia,2026-09-27,6,6,5,1.07,1.13,1.0,OVERROUND-ASK,1.13,6.0
1790511848,2026-09-27T12:24:08Z,mia,2026-09-28,6,6,6,1.795,2.91,0.68,OVERROUND-ASK,2.91,87.9
1790511848,2026-09-27T12:24:08Z,nyc,2026-09-27,6,6,4,1.025,1.08,0.95,OVERROUND-ASK,1.08,20.7
1790511848,2026-09-27T12:24:08Z,nyc,2026-09-28,6,6,6,0.91,1.22,0.6,OVERROUND-ASK,1.22,75.5
1790511848,2026-09-27T12:24:08Z,sfo,2026-09-27,6,6,6,1.085,1.13,1.04,OVERROUND-ASK,1.13,39.1
1790511848,2026-09-27T12:24:08Z,sfo,2026-09-28,6,6,6,1.59,2.81,0.37,OVERROUND-ASK,2.81,189.7
1790512149,2026-09-27T12:29:09Z,lax,2026-09-27,6,6,5,1.085,1.15,1.01,OVERROUND-ASK,1.15,12.0
1790512149,2026-09-27T12:29:09Z,lax,2026-09-28,6,6,6,1.52,2.45,0.59,OVERROUND-ASK,2.45,901.8
1790512149,2026-09-27T12:29:09Z,mdw,2026-09-27,6,6,6,0.99,1.06,0.92,OVERROUND-ASK,1.06,25.1
1790512149,2026-09-27T12:29:09Z,mdw,2026-09-28,6,6,6,1.66,2.89,0.43,OVERROUND-ASK,2.89,388.0
1790512149,2026-09-27T12:29:09Z,mia,2026-09-27,6,6,5,1.04,1.1,0.97,OVERROUND-ASK,1.1,6.5
1790512149,2026-09-27T12:29:09Z,mia,2026-09-28,6,6,6,1.745,2.8,0.69,OVERROUND-ASK,2.8,80.1
1790512149,2026-09-27T12:29:09Z,nyc,2026-09-27,6,6,4,1.04,1.09,0.97,OVERROUND-ASK,1.09,11.4
1790512149,2026-09-27T12:29:09Z,nyc,2026-09-28,6,6,6,0.91,1.22,0.6,OVERROUND-ASK,1.22,184.8
1790512149,2026-09-27T12:29:09Z,sfo,2026-09-27,6,6,6,1.085,1.13,1.04,OVERROUND-ASK,1.13,152.5
1790512149,2026-09-27T12:29:09Z,sfo,2026-09-28,6,6,6,1.59,2.81,0.37,OVERROUND-ASK,2.81,489.8
1790512449,2026-09-27T12:34:09Z,lax,2026-09-27,6,6,5,1.06,1.12,0.99,OVERROUND-ASK,1.12,0.2
1790512449,2026-09-27T12:34:09Z,lax,2026-09-28,6,6,6,1.52,2.45,0.59,OVERROUND-ASK,2.45,1202.0
1790512449,2026-09-27T12:34:09Z,mdw,2026-09-27,6,6,6,1.0,1.07,0.93,OVERROUND-ASK,1.07,3.6
1790512449,2026-09-27T12:34:09Z,mdw,2026-09-28,6,6,6,1.66,2.89,0.43,OVERROUND-ASK,2.89,688.2
1790512449,2026-09-27T12:34:09Z,mia,2026-09-27,6,6,5,1.015,1.06,0.96,OVERROUND-ASK,1.06,0.2
1790512449,2026-09-27T12:34:09Z,mia,2026-09-28,6,6,6,1.745,2.8,0.69,OVERROUND-ASK,2.8,344.9
1790512449,2026-09-27T12:34:09Z,nyc,2026-09-27,6,6,4,1.055,1.1,0.99,OVERROUND-ASK,1.1,25.3
1790512449,2026-09-27T12:34:09Z,nyc,2026-09-28,6,6,6,0.91,1.22,0.6,OVERROUND-ASK,1.22,102.9
1790512449,2026-09-27T12:34:09Z,sfo,2026-09-27,6,6,6,1.08,1.12,1.04,OVERROUND-ASK,1.12,115.3
1790512449,2026-09-27T12:34:09Z,sfo,2026-09-28,6,6,6,1.59,2.81,0.37,OVERROUND-ASK,2.81,789.9
1790512749,2026-09-27T12:39:09Z,lax,2026-09-27,6,6,5,1.07,1.13,1.0,OVERROUND-ASK,1.13,0.1
1790512749,2026-09-27T12:39:09Z,lax,2026-09-28,6,6,6,1.52,2.45,0.59,OVERROUND-ASK,2.45,1502.1
1790512749,2026-09-27T12:39:09Z,mdw,2026-09-27,6,6,6,1.0,1.06,0.94,OVERROUND-ASK,1.06,9.6
1790512749,2026-09-27T12:39:09Z,mdw,2026-09-28,6,6,6,1.66,2.89,0.43,OVERROUND-ASK,2.89,988.3
1790512749,2026-09-27T12:39:09Z,mia,2026-09-27,6,6,5,1.03,1.08,0.97,OVERROUND-ASK,1.08,10.2
1790512749,2026-09-27T12:39:09Z,mia,2026-09-28,6,6,6,1.75,2.8,0.7,OVERROUND-ASK,2.8,645.0
1790512749,2026-09-27T12:39:09Z,nyc,2026-09-27,6,6,4,1.08,1.12,1.02,OVERROUND-ASK,1.12,12.0
1790512749,2026-09-27T12:39:09Z,nyc,2026-09-28,6,6,6,0.91,1.22,0.6,OVERROUND-ASK,1.22,197.0
1790512749,2026-09-27T12:39:09Z,sfo,2026-09-27,6,6,6,1.085,1.12,1.05,OVERROUND-ASK,1.12,192.0
1790512749,2026-09-27T12:39:09Z,sfo,2026-09-28,6,6,6,1.59,2.81,0.37,OVERROUND-ASK,2.81,1090.0
