ts_unix,city,station,obs_time,temp_f,local_day,running_high_f,running_high_complete
1790511165,nyc,KNYC,2026-09-27T10:51:00+00:00,59.0,2026-09-27,59.0,0
1790511166,mia,KMIA,2026-09-27T11:50:00+00:00,75.2,2026-09-27,75.2,0
1790511167,sfo,KSFO,2026-09-27T11:45:00+00:00,59.0,2026-09-27,59.0,0
1790511168,lax,KLAX,2026-09-27T11:50:00+00:00,71.6,2026-09-27,71.6,0
1790511169,mdw,KMDW,2026-09-27T12:00:00+00:00,51.8,2026-09-27,51.8,0
1790511852,nyc,KNYC,2026-09-27T11:51:00+00:00,59.0,2026-09-27,59.0,0
1790511853,mia,KMIA,2026-09-27T12:00:00+00:00,75.2,2026-09-27,75.2,0
1790511854,sfo,KSFO,2026-09-27T12:00:00+00:00,59.0,2026-09-27,59.0,0
1790511855,lax,KLAX,2026-09-27T12:05:00+00:00,71.6,2026-09-27,71.6,0
1790512457,nyc,KNYC,2026-09-27T12:15:00+00:00,59.0,2026-09-27,59.0,0
1790512458,mia,KMIA,2026-09-27T12:10:00+00:00,77.0,2026-09-27,77.0,0
1790512459,sfo,KSFO,2026-09-27T12:15:00+00:00,59.0,2026-09-27,59.0,0
1790512460,lax,KLAX,2026-09-27T12:15:00+00:00,71.6,2026-09-27,71.6,0
1790512461,mdw,KMDW,2026-09-27T12:15:00+00:00,50.0,2026-09-27,51.8,0
