ts_utc,city,market_day,event_slug,station,n_buckets,rule_text
2026-09-27T12:12:43Z,nyc,2026-09-27,temp-nychigh-2026-09-27,KNYC,6,Will the highest temperature recorded at Central Park (KNYC) in New York City for 2026-09-27 as reported by the National Weather Service's Climatological Report (Daily) be less than or equal to 64F? Outcome verified from NWS Climatological Report.
2026-09-27T12:12:43Z,nyc,2026-09-28,temp-nychigh-2026-09-28,KNYC,6,Will the highest temperature recorded at Central Park (KNYC) in New York City for 2026-09-28 as reported by the National Weather Service's Climatological Report (Daily) be less than or equal to 63F? Outcome verified from NWS Climatological Report.
2026-09-27T12:12:44Z,mia,2026-09-27,temp-miahigh-2026-09-27,KMIA,6,Will the highest temperature recorded at Miami International Airport (KMIA) in Miami for 2026-09-27 as reported by the National Weather Service's Climatological Report (Daily) be less than or equal to 82F? Outcome verified from NWS Climatological Report.
2026-09-27T12:12:44Z,mia,2026-09-28,temp-miahigh-2026-09-28,KMIA,6,Will the highest temperature recorded at Miami International Airport (KMIA) in Miami for 2026-09-28 as reported by the National Weather Service's Climatological Report (Daily) be less than or equal to 82F? Outcome verified from NWS Climatological Report.
2026-09-27T12:12:44Z,sfo,2026-09-27,temp-sfohigh-2026-09-27,KSFO,6,Will the highest temperature recorded at San Francisco International Airport (KSFO) in San Francisco for 2026-09-27 as reported by the National Weather Service's Climatological Report (Daily) be less than or equal to 61F? Outcome verified from NWS Climatological Report.
2026-09-27T12:12:44Z,sfo,2026-09-28,temp-sfohigh-2026-09-28,KSFO,6,Will the highest temperature recorded at San Francisco International Airport (KSFO) in San Francisco for 2026-09-28 as reported by the National Weather Service's Climatological Report (Daily) be less than or equal to 67F? Outcome verified from NWS Climatological Report.
2026-09-27T12:12:44Z,lax,2026-09-27,temp-laxhigh-2026-09-27,KLAX,6,Will the highest temperature recorded at Los Angeles International Airport (KLAX) in Los Angeles for 2026-09-27 as reported by the National Weather Service's Climatological Report (Daily) be less than or equal to 75F? Outcome verified from NWS Climatological Report.
2026-09-27T12:12:45Z,lax,2026-09-28,temp-laxhigh-2026-09-28,KLAX,6,Will the highest temperature recorded at Los Angeles International Airport (KLAX) in Los Angeles for 2026-09-28 as reported by the National Weather Service's Climatological Report (Daily) be less than or equal to 75F? Outcome verified from NWS Climatological Report.
2026-09-27T12:12:45Z,mdw,2026-09-27,temp-mdwhigh-2026-09-27,KMDW,6,Will the highest temperature recorded at Chicago Midway Airport (KMDW) in Chicago for 2026-09-27 as reported by the National Weather Service's Climatological Report (Daily) be less than or equal to 66F? Outcome verified from NWS Climatological Report.
2026-09-27T12:12:45Z,mdw,2026-09-28,temp-mdwhigh-2026-09-28,KMDW,6,Will the highest temperature recorded at Chicago Midway Airport (KMDW) in Chicago for 2026-09-28 as reported by the National Weather Service's Climatological Report (Daily) be less than or equal to 68F? Outcome verified from NWS Climatological Report.
