venue,horizon,minutes_to_resolution,seconds_observed,one_sided_seconds,one_sided_pct,no_ask_pct,no_bid_pct
polymarket.com,15m,0,8820,6893,78.152,0.0,0.0
polymarket.com,15m,1,8820,2995,33.957,0.0,0.0
polymarket.com,15m,2,8820,1124,12.744,0.0,0.0
polymarket.com,15m,3,8820,410,4.649,0.0,0.0
polymarket.com,15m,4,8820,314,3.56,0.0,0.0
polymarket.com,15m,5,8820,173,1.961,0.0,0.0
polymarket.com,15m,6,8820,172,1.95,0.0,0.0
polymarket.com,15m,7,8820,180,2.041,0.0,0.0
polymarket.com,15m,8,8820,170,1.927,0.0,0.0
polymarket.com,15m,9,8820,171,1.939,0.0,0.0
polymarket.com,15m,10,8820,110,1.247,0.0,0.0
polymarket.com,15m,11,8820,158,1.791,0.0,0.0
polymarket.com,15m,12,8820,168,1.905,0.0,0.0
polymarket.com,15m,13,8820,183,2.075,0.0,0.0
polymarket.com,15m,14,8820,482,5.465,0.0,0.0
polymarket.com,5m,0,26280,19409,73.855,0.0,0.0
polymarket.com,5m,1,26280,4310,16.4,0.0,0.0
polymarket.com,5m,2,26280,713,2.713,0.0,0.0
polymarket.com,5m,3,26280,521,1.982,0.0,0.0
polymarket.com,5m,4,26280,1407,5.354,0.0,0.0
polymarket.us,15m,0,117,117,100.0,48.718,52.991
polymarket.us,15m,1,60,13,21.667,0.0,21.667
polymarket.us,15m,2,110,0,0.0,0.0,0.0
polymarket.us,15m,3,120,0,0.0,0.0,0.0
polymarket.us,15m,4,120,0,0.0,0.0,0.0
polymarket.us,15m,5,120,0,0.0,0.0,0.0
polymarket.us,15m,6,118,0,0.0,0.0,0.0
polymarket.us,15m,7,120,0,0.0,0.0,0.0
polymarket.us,15m,8,120,0,0.0,0.0,0.0
polymarket.us,15m,9,120,0,0.0,0.0,0.0
polymarket.us,15m,10,120,0,0.0,0.0,0.0
polymarket.us,15m,11,120,0,0.0,0.0,0.0
polymarket.us,15m,12,120,0,0.0,0.0,0.0
polymarket.us,15m,13,120,0,0.0,0.0,0.0
polymarket.us,15m,14,119,0,0.0,0.0,0.0
polymarket.us,1h,17,26,0,0.0,0.0,0.0
polymarket.us,1h,18,60,0,0.0,0.0,0.0
polymarket.us,1h,19,60,0,0.0,0.0,0.0
polymarket.us,1h,20,60,0,0.0,0.0,0.0
polymarket.us,1h,21,59,0,0.0,0.0,0.0
polymarket.us,1h,22,60,0,0.0,0.0,0.0
polymarket.us,1h,23,60,0,0.0,0.0,0.0
polymarket.us,1h,24,60,0,0.0,0.0,0.0
polymarket.us,1h,25,60,0,0.0,0.0,0.0
polymarket.us,1h,26,60,0,0.0,0.0,0.0
polymarket.us,1h,27,60,0,0.0,0.0,0.0
polymarket.us,1h,28,60,0,0.0,0.0,0.0
polymarket.us,1h,29,60,0,0.0,0.0,0.0
polymarket.us,1h,30,60,0,0.0,0.0,0.0
polymarket.us,1h,31,60,0,0.0,0.0,0.0
polymarket.us,1h,32,60,0,0.0,0.0,0.0
polymarket.us,1h,33,60,0,0.0,0.0,0.0
polymarket.us,1h,34,60,0,0.0,0.0,0.0
polymarket.us,1h,35,60,0,0.0,0.0,0.0
polymarket.us,1h,36,59,0,0.0,0.0,0.0
polymarket.us,1h,37,60,0,0.0,0.0,0.0
polymarket.us,1h,38,60,0,0.0,0.0,0.0
polymarket.us,1h,39,60,0,0.0,0.0,0.0
polymarket.us,1h,40,60,0,0.0,0.0,0.0
polymarket.us,1h,41,60,0,0.0,0.0,0.0
polymarket.us,1h,42,60,0,0.0,0.0,0.0
polymarket.us,1h,43,60,0,0.0,0.0,0.0
polymarket.us,1h,44,60,0,0.0,0.0,0.0
polymarket.us,1h,45,55,0,0.0,0.0,0.0
polymarket.us,1h,47,24,0,0.0,0.0,0.0
