round_slug,horizon,ts_utc,secs_to_end,market_up_px,best_bid,best_ask,proxy_gap_bps_vs_open,oracle_walk_p_up,market_minus_model
cpc-btc-updown-15m-2026-09-27-1215z,15m,2026-09-27T12:15:29Z,870,0.525,0.52,0.53,0.877,0.5691,-0.0441
cpc-btc-updown-15m-2026-09-27-1215z,15m,2026-09-27T12:15:59Z,840,0.535,0.53,0.54,0.877,0.5704,-0.0354
cpc-btc-updown-15m-2026-09-27-1215z,15m,2026-09-27T12:16:29Z,810,0.655,0.65,0.66,3.518,0.7658,-0.1108
cpc-btc-updown-15m-2026-09-27-1215z,15m,2026-09-27T12:16:59Z,780,0.515,0.5,0.53,1.348,0.6116,-0.0966
cpc-btc-updown-15m-2026-09-27-1215z,15m,2026-09-27T12:17:29Z,750,0.595,0.59,0.6,1.826,0.6524,-0.0574
cpc-btc-updown-15m-2026-09-27-1215z,15m,2026-09-27T12:17:59Z,720,0.545,0.54,0.55,1.229,0.6061,-0.0611
cpc-btc-updown-15m-2026-09-27-1215z,15m,2026-09-27T12:18:29Z,690,0.495,0.49,0.5,0.19,0.5169,-0.0219
cpc-btc-updown-15m-2026-09-27-1215z,15m,2026-09-27T12:18:59Z,660,0.495,0.49,0.5,-0.518,0.4527,0.0423
cpc-btc-updown-15m-2026-09-27-1215z,15m,2026-09-27T12:19:29Z,630,0.495,0.49,0.5,-0.235,0.4779,0.0171
cpc-btc-updown-15m-2026-09-27-1215z,15m,2026-09-27T12:19:59Z,600,0.535,0.53,0.54,1.247,0.6181,-0.0831
cpc-btc-updown-15m-2026-09-27-1215z,15m,2026-09-27T12:20:29Z,570,0.645,0.64,0.65,1.392,0.6349,0.0101
cpc-btc-updown-15m-2026-09-27-1215z,15m,2026-09-27T12:20:59Z,540,0.505,0.5,0.51,-0.157,0.484,0.021
cpc-btc-updown-15m-2026-09-27-1215z,15m,2026-09-27T12:21:29Z,510,0.545,0.54,0.55,0.119,0.5125,0.0325
cpc-btc-updown-15m-2026-09-27-1215z,15m,2026-09-27T12:21:59Z,480,0.405,0.4,0.41,-1.517,0.3403,0.0647
cpc-btc-updown-15m-2026-09-27-1215z,15m,2026-09-27T12:22:29Z,450,0.495,0.49,0.5,-0.794,0.4117,0.0833
cpc-btc-updown-15m-2026-09-27-1215z,15m,2026-09-27T12:22:59Z,420,0.465,0.46,0.47,-0.874,0.3994,0.0656
cpc-btc-updown-15m-2026-09-27-1215z,15m,2026-09-27T12:23:29Z,390,0.445,0.44,0.45,-0.924,0.3896,0.0554
cpc-btc-updown-15m-2026-09-27-1215z,15m,2026-09-27T12:23:59Z,360,0.345,0.34,0.35,-1.535,0.3132,0.0318
cpc-btc-updown-15m-2026-09-27-1215z,15m,2026-09-27T12:24:29Z,330,0.175,0.17,0.18,-3.391,0.1298,0.0452
cpc-btc-updown-15m-2026-09-27-1215z,15m,2026-09-27T12:24:59Z,300,0.265,0.26,0.27,-3.051,0.1425,0.1225
cpc-btc-updown-15m-2026-09-27-1215z,15m,2026-09-27T12:25:29Z,270,0.075,0.07,0.08,-4.714,0.0399,0.0351
cpc-btc-updown-15m-2026-09-27-1215z,15m,2026-09-27T12:25:59Z,240,0.065,0.06,0.07,-5.398,0.016,0.049
cpc-btc-updown-15m-2026-09-27-1215z,15m,2026-09-27T12:26:29Z,210,0.075,0.07,0.08,-4.754,0.0207,0.0543
cpc-btc-updown-15m-2026-09-27-1215z,15m,2026-09-27T12:26:59Z,180,0.075,0.07,0.08,-4.642,0.0145,0.0605
cpc-btc-updown-15m-2026-09-27-1215z,15m,2026-09-27T12:27:29Z,150,0.035,0.03,0.04,-4.879,0.0052,0.0298
cpc-btc-updown-15m-2026-09-27-1215z,15m,2026-09-27T12:27:59Z,120,0.025,0.02,0.03,-4.879,0.0015,0.0235
cpc-btc-updown-15m-2026-09-27-1215z,15m,2026-09-27T12:28:29Z,90,0.015,0.01,0.02,-5.04,0.0001,0.0149
cpc-btc-updown-15m-2026-09-27-1215z,15m,2026-09-27T12:28:59Z,60,0.01,,0.01,-4.864,0.0,0.01
cpc-btc-updown-15m-2026-09-27-1215z,15m,2026-09-27T12:29:29Z,30,0.01,,0.01,-5.061,0.0,0.01
cpc-btc-updown-15m-2026-09-27-1230z,15m,2026-09-27T12:30:29Z,870,0.515,0.51,0.52,0.763,0.5581,-0.0431
cpc-btc-updown-15m-2026-09-27-1230z,15m,2026-09-27T12:30:59Z,840,0.485,0.48,0.49,0.083,0.5065,-0.0215
cpc-btc-updown-15m-2026-09-27-1230z,15m,2026-09-27T12:31:29Z,810,0.515,0.51,0.52,0.611,0.5484,-0.0334
cpc-btc-updown-15m-2026-09-27-1230z,15m,2026-09-27T12:31:59Z,780,0.565,0.56,0.57,1.008,0.5811,-0.0161
cpc-btc-updown-15m-2026-09-27-1230z,15m,2026-09-27T12:32:29Z,750,0.555,0.55,0.56,1.082,0.5887,-0.0337
cpc-btc-updown-15m-2026-09-27-1230z,15m,2026-09-27T12:32:59Z,720,0.635,0.63,0.64,2.381,0.6927,-0.0577
cpc-btc-updown-15m-2026-09-27-1230z,15m,2026-09-27T12:33:29Z,690,0.635,0.63,0.64,2.381,0.6967,-0.0617
cpc-btc-updown-15m-2026-09-27-1230z,15m,2026-09-27T12:33:59Z,660,0.635,0.63,0.64,2.078,0.6772,-0.0422
cpc-btc-updown-15m-2026-09-27-1230z,15m,2026-09-27T12:34:29Z,630,0.615,0.61,0.62,2.233,0.6937,-0.0787
cpc-btc-updown-15m-2026-09-27-1230z,15m,2026-09-27T12:34:59Z,600,0.655,0.65,0.66,2.029,0.6815,-0.0265
cpc-btc-updown-15m-2026-09-27-1230z,15m,2026-09-27T12:35:29Z,570,0.765,0.76,0.77,3.82,0.8194,-0.0544
cpc-btc-updown-15m-2026-09-27-1230z,15m,2026-09-27T12:35:59Z,540,0.785,0.78,0.79,3.831,0.827,-0.042
cpc-btc-updown-15m-2026-09-27-1230z,15m,2026-09-27T12:36:29Z,510,0.855,0.85,0.86,5.264,0.909,-0.054
cpc-btc-updown-15m-2026-09-27-1230z,15m,2026-09-27T12:36:59Z,480,0.895,0.89,0.9,5.522,0.9259,-0.0309
cpc-btc-updown-15m-2026-09-27-1230z,15m,2026-09-27T12:37:29Z,450,0.875,0.87,0.88,5.537,0.9333,-0.0583
cpc-btc-updown-15m-2026-09-27-1230z,15m,2026-09-27T12:37:59Z,420,0.695,0.69,0.7,2.512,0.7601,-0.0651
cpc-btc-updown-15m-2026-09-27-1230z,15m,2026-09-27T12:38:29Z,390,0.705,0.7,0.71,2.506,0.7685,-0.0635
cpc-btc-updown-15m-2026-09-27-1230z,15m,2026-09-27T12:38:59Z,360,0.735,0.73,0.74,2.613,0.7879,-0.0529
cpc-btc-updown-15m-2026-09-27-1230z,15m,2026-09-27T12:39:29Z,330,0.905,0.9,0.91,5.95,0.9718,-0.0668
cpc-btc-updown-15m-2026-09-27-1230z,15m,2026-09-27T12:39:59Z,300,0.925,0.92,0.93,5.88,0.9766,-0.0516
cpc-btc-updown-15m-2026-09-27-1230z,15m,2026-09-27T12:40:29Z,270,0.925,0.92,0.93,4.975,0.9628,-0.0378
cpc-btc-updown-15m-2026-09-27-1230z,15m,2026-09-27T12:40:59Z,240,0.955,0.95,0.96,5.791,0.9868,-0.0318
cpc-btc-updown-15m-2026-09-27-1230z,15m,2026-09-27T12:41:29Z,210,0.975,0.97,0.98,5.848,0.9923,-0.0173
cpc-btc-updown-15m-2026-09-27-1230z,15m,2026-09-27T12:41:59Z,180,0.975,0.97,0.98,5.933,0.9964,-0.0214
cpc-btc-updown-15m-2026-09-27-1230z,15m,2026-09-27T12:42:29Z,150,0.985,0.98,0.99,5.811,0.9984,-0.0134
