ts,side,usd,buy,sell,n
1788843635.111,SELL,1557267.79,0,1557267.79,222
1788847359.462,SELL,1570161.48,0,1570161.48,223
1788848533.922,SELL,1511549.95,0,1511549.95,145
1788874638.656,SELL,2962925.24,0,2962925.24,106
1788874791.723,SELL,3773983.12,0,3773983.12,31
1788874873.998,SELL,1992400.3199999998,0,1992400.3199999998,113
1788929019.198,BUY,1985769.39,1985769.39,0,39
1788930894.168,BUY,1509145.19,1509145.19,0,94
1788942111.777,BUY,2146705.2199999997,2146705.2199999997,0,67
1788966681.537,SELL,1500124.7,0,1500124.7,78
1788985764.211,SELL,1905315.95,0,1905315.95,252
1788991738.235,SELL,5577787.81,188763.44,5577787.81,73
1789038286.357,SELL,1791305.11,0,1791305.11,87
1789043438.413,SELL,1697070.81,0,1697070.81,153
1789043670.11,SELL,1547634.44,0,1547634.44,82
1789043824.603,SELL,1574045.5,0,1574045.5,91
1789043916.107,SELL,1518962.27,0,1518962.27,61
1789044392.378,SELL,2062669.31,0,2062669.31,24
1789057109.398,SELL,2462316.4,0,2462316.4,7
1789081736.278,SELL,1771938.71,46.74,1771938.71,122
1789082098.364,SELL,10444542.229999999,0,10444542.229999999,55
1789129819.087,SELL,1511712.78,2052.5600000000004,1511712.78,104
1789130242.845,BUY,1744776.32,1744776.32,2781.2,82
1789130412.024,BUY,1559801.99,1559801.99,0,48
1789130812.567,BUY,1504013.9,1504013.9,0,195
1789130881.341,BUY,1629476.56,1629476.56,0,47
1789134558.286,BUY,2082429.97,2082429.97,0,45
1789134794.115,BUY,2347157.85,2347157.85,0,10
1789135115.414,BUY,2710150.15,2710150.15,36911.63,55
1789135176.1,BUY,1742015.25,1742015.25,0,52
1789135379.55,BUY,3258109.52,3258109.52,2068.55,45
1789141936.985,SELL,1985399.21,0,1985399.21,99
1789142075.179,SELL,1771754.16,155.5,1771754.16,105
1789149869.586,SELL,3101415.4699999997,0,3101415.4699999997,11
1789149970.263,SELL,1513419.97,0,1513419.97,210
1789270076.441,SELL,4252945.22,45019.11,4252945.22,9
1789345695.688,SELL,1584231.32,0,1584231.32,35
1789379524.783,BUY,1547916.36,1547916.36,0,128
1789409983.861,BUY,1514869.43,1514869.43,0,69
1789410045.021,BUY,1658466.6199999999,1658466.6199999999,0,16
1789410152.216,BUY,1531051.33,1531051.33,0,51
1789417067.166,BUY,3238413.3200000003,3238413.3200000003,19.65,68
1789417413.62,BUY,5442201.94,5442201.94,0,78
1789446353.366,SELL,1799456.95,0,1799456.95,20
1789479484.64,SELL,1515052.82,0,1515052.82,91
1789479549.904,SELL,2081850.2,0,2081850.2,112
1789482923.117,SELL,1511581.65,0,1511581.65,247
1789483147.978,SELL,1622673.46,0,1622673.46,106
1789483216.429,SELL,1539320.58,0,1539320.58,75
1789483899.135,SELL,2032301.12,0,2032301.12,27
1789493489.23,BUY,1501529.4,1501529.4,0,49
1789493641.222,BUY,1583764.76,1583764.76,0,53
1789493735.849,BUY,1545112.61,1545112.61,0,99
1789497430.867,SELL,1610350.67,0,1610350.67,85
1789497950.517,SELL,1749646.47,5111.81,1749646.47,83
1789498020.806,SELL,2696550.1900000004,0,2696550.1900000004,34
1789498088.065,SELL,1653720.91,0,1653720.91,27
1789498168.784,SELL,2737039.51,1505.16,2737039.51,60
1789582086.497,BUY,4612575.19,4612575.19,0,2
1789582098.063,BUY,20227209.52,20227209.52,0,176
1789583762.558,SELL,2545269.16,0,2545269.16,13
1789608322.861,BUY,1500310.05,1500310.05,0,27
1789648243.177,BUY,1740066.7,1740066.7,0,111
1789701401.18,BUY,1505409.38,1505409.38,0,152
1789701476.756,BUY,1547547.71,1547547.71,0,149
1789719804.006,BUY,1523739.25,1523739.25,0,28
1789721896.986,BUY,1547631.1400000001,1547631.1400000001,0,19
1789721999.215,BUY,1518088.0399999998,1518088.0399999998,0,34
1789722188.319,BUY,3877785.66,3877785.66,0,68
1789738748.959,BUY,2237169.39,2237169.39,0,61
1789738750.566,BUY,4073130.24,4073130.24,0,115
1789738819.098,BUY,1540774.8800000001,1540774.8800000001,0,41
1789739049.965,BUY,1509773.81,1509773.81,0,72
1789739157.141,BUY,1587508.36,1587508.36,0,60
1789739217.23,BUY,2330370.39,2330370.39,0,75
1789739280.066,BUY,1554743.97,1554743.97,0,83
1789739458.095,BUY,1599218.01,1599218.01,0,40
1789739521.166,BUY,2454314.53,2454314.53,80.18,241
1789741154.132,BUY,2342868.62,2342868.62,0,64
1789741280.066,BUY,1569223.73,1569223.73,0,52
1789741350.134,BUY,1637874.18,1637874.18,0,61
1789741426.24,BUY,1602179.32,1602179.32,0,17
1789744595.74,BUY,1621519.89,1621519.89,0,107
1789749188.267,BUY,1506321.58,1506321.58,194.09,87
1789758962.078,BUY,1529125.39,1529125.39,3401.61,50
1789768094.182,SELL,1941145.77,0,1941145.77,1
1789772405.079,BUY,4223514.19,4223514.19,0,24
1789779194.137,BUY,1530252.55,1530252.55,0,50
1789779561.259,BUY,1533660.18,1533660.18,0,171
1789832474.148,BUY,1525940.32,1525940.32,0,140
1789872257.086,SELL,5721518.66,0,5721518.66,46
1789872836.135,SELL,1582263.92,0,1582263.92,74
1789873003.588,SELL,1523203.83,0,1523203.83,135
1789873357.147,SELL,1783429.32,0,1783429.32,70
1789922293.303,BUY,1572178.19,1572178.19,0,152
1789949579.066,BUY,1513614.29,1513614.29,0,76
1789949685.12,BUY,1502403.32,1502403.32,0,4
1789953773.767,BUY,1501745.84,1501745.84,0,102
1789978999.26,BUY,1586978.81,1586978.81,0,174
1789979065.331,BUY,1502188.18,1502188.18,0,23
1789979570.76,BUY,1655009.75,1655009.75,0,60
1789979791.591,BUY,1721129.86,1721129.86,0,49
1789979891.079,BUY,5529334.57,5529334.57,0,81
1789979935.566,BUY,35230231.06,35230231.06,46778.55,538
1789982761.175,BUY,2416884.12,2416884.12,0,90
1789983178.15,BUY,4128083.68,4128083.68,0,68
1789983318.162,BUY,2078999.19,2078999.19,2.5,171
1789983398.836,BUY,2195879.34,2195879.34,0,64
1789983492.759,BUY,1524580.6,1524580.6,0,86
1789992514.795,BUY,1811532.48,1811532.48,0,80
1789993271.066,BUY,1512127.87,1512127.87,0,63
1789998654.042,BUY,2384549.24,2384549.24,0,4
1789998730.191,BUY,1783553.27,1783553.27,0,49
1790001207.089,BUY,2161318.62,2161318.62,0,113
1790001273.555,BUY,1512221.25,1512221.25,0,77
1790002219.566,BUY,1520764.82,1520764.82,0,40
1790003279.114,BUY,7314009.11,7314009.11,0,96
1790018414.21,BUY,1760747.56,1760747.56,0,57
1790019191.058,BUY,1671690.04,1671690.04,0,123
1790019272.566,BUY,1577985.25,1577985.25,0,55
1790021929.133,BUY,1591260.3,1591260.3,0,71
1790022393.067,BUY,1598873.94,1598873.94,0,70
1790039113.127,SELL,2800322.0,0,2800322.0,77
1790039941.153,SELL,1694317.84,0,1694317.84,112
1790055078.064,SELL,1886450.6099999999,0,1886450.6099999999,9
1790118335.197,BUY,3306462.92,3306462.92,0,3
1790137421.118,BUY,1851883.16,1851883.16,0,152
1790142659.175,SELL,1638223.02,0,1638223.02,15
1790149474.989,SELL,1509975.34,0,1509975.34,107
1790153396.078,SELL,1506019.56,0,1506019.56,50
1790162961.36,SELL,1558111.3599999999,0,1558111.3599999999,115
1790165849.389,SELL,1888205.24,0,1888205.24,39
1790165914.206,SELL,1506415.94,0,1506415.94,20
1790172691.125,SELL,2108268.06,0,2108268.06,35
1790172698.155,SELL,2350495.71,0,2350495.71,78
1790172790.078,SELL,1554134.77,10519.65,1554134.77,50
1790173036.217,SELL,1947300.94,0,1947300.94,137
1790173205.007,SELL,1528393.18,0,1528393.18,49
1790173344.14,SELL,1865948.67,0,1865948.67,59
1790173779.069,SELL,1573991.2,0,1573991.2,57
1790173872.176,SELL,1899920.8900000001,25849.25,1899920.8900000001,50
1790179287.453,SELL,1757532.84,0,1757532.84,50
1790179347.565,SELL,2370758.57,0,2370758.57,88
1790239791.149,SELL,1779427.49,0,1779427.49,62
1790242225.567,SELL,1520432.93,0,1520432.93,123
1790242347.896,SELL,1975932.5699999998,0,1975932.5699999998,4
1790242465.96,SELL,1508626.96,0,1508626.96,24
1790260093.275,BUY,1562479.55,1562479.55,0,98
1790261600.157,SELL,1569042.8199999998,0,1569042.8199999998,31
1790334423.978,BUY,1599986.1099999999,1599986.1099999999,0,114
1790338554.104,SELL,1524019.3,0,1524019.3,23
1790338673.055,SELL,2410991.41,0,2410991.41,8
1790344015.066,SELL,1547222.28,0,1547222.28,46
1790345065.121,SELL,2368442.48,0,2368442.48,21
