timestamp,utc_time,strategy,series,regime,clock_session,macro_blackout,pnl_ungated,pnl_gated,s8_allowed,s8_action,paired,adverse,note
1789971600,2026-09-21 06:20:00Z,S3_FEE_FARM,5m,ASIA,ASIA,False,-10.9632,-10.9632,True,TRADE_NORMAL,0,1,single-leg: Up naked 50sh -> 0.28 ($-10.96)
1789971900,2026-09-21 06:25:00Z,S3_FEE_FARM,5m,ASIA,ASIA,False,0.0,0.0,True,TRADE_NORMAL,0,0,
1789972200,2026-09-21 06:30:00Z,S3_FEE_FARM,5m,ASIA,ASIA,False,1.0,1.0,True,TRADE_NORMAL,1,0,pair 50sh +$1.00 | Down naked 0sh -> 0.49 ($+0.00)
1789972200,2026-09-21 06:30:00Z,S3_FEE_FARM,15m,ASIA,ASIA,False,1.0,1.0,True,TRADE_NORMAL,1,0,pair 50sh +$1.00
1789972500,2026-09-21 06:35:00Z,S3_FEE_FARM,5m,ASIA,ASIA,False,-22.8295,-22.8295,True,TRADE_NORMAL,1,1,pair 2sh +$0.04 | Up naked 48sh -> 0.02 ($-22.87)
1789972800,2026-09-21 06:40:00Z,S3_FEE_FARM,5m,ASIA,ASIA,False,-18.6328,-18.6328,True,TRADE_NORMAL,0,1,single-leg: Up naked 50sh -> 0.12 ($-18.63)
1789973100,2026-09-21 06:45:00Z,S3_FEE_FARM,5m,ASIA,ASIA,False,0.0,0.0,True,TRADE_NORMAL,0,0,
1789973100,2026-09-21 06:45:00Z,S3_FEE_FARM,15m,ASIA,ASIA,False,-0.8461,-0.8461,True,TRADE_NORMAL,0,1,single-leg: Down naked 2sh -> 0.03 ($-0.85)
1789973400,2026-09-21 06:50:00Z,S3_FEE_FARM,5m,ASIA,ASIA,False,0.0,0.0,True,TRADE_NORMAL,0,0,
1789973700,2026-09-21 06:55:00Z,S3_FEE_FARM,5m,ASIA,ASIA,False,0.6284,0.6284,True,TRADE_NORMAL,1,0,pair 31sh +$0.63 | Up naked 19sh -> 0.49 ($+0.00)
1789974000,2026-09-21 07:00:00Z,S3_FEE_FARM,5m,ASIA,ASIA,False,0.0,0.0,True,TRADE_NORMAL,0,0,
1789974000,2026-09-21 07:00:00Z,S3_FEE_FARM,15m,ASIA,ASIA,False,0.114,0.114,True,TRADE_NORMAL,1,0,pair 6sh +$0.11 | Down naked 12sh -> 0.49 ($+0.00)
1789974300,2026-09-21 07:05:00Z,S3_FEE_FARM,5m,ASIA,ASIA,False,0.2,0.2,True,TRADE_NORMAL,1,0,pair 10sh +$0.20 | Up naked 40sh -> 0.49 ($+0.00)
1789974600,2026-09-21 07:10:00Z,S3_FEE_FARM,5m,ASIA,ASIA,False,0.0,0.0,True,TRADE_NORMAL,0,0,
1789974900,2026-09-21 07:15:00Z,S3_FEE_FARM,5m,ASIA,ASIA,False,0.0,0.0,True,TRADE_NORMAL,0,0,
1789974900,2026-09-21 07:15:00Z,S3_FEE_FARM,15m,ASIA,ASIA,False,0.0,0.0,True,TRADE_NORMAL,0,0,
1789975200,2026-09-21 07:20:00Z,S3_FEE_FARM,5m,ASIA,ASIA,False,0.0,0.0,True,TRADE_NORMAL,0,0,
1789975500,2026-09-21 07:25:00Z,S3_FEE_FARM,5m,ASIA,ASIA,False,0.0,0.0,True,TRADE_NORMAL,0,0,
1789975800,2026-09-21 07:30:00Z,S3_FEE_FARM,5m,ASIA,ASIA,False,-22.8682,-22.8682,True,TRADE_NORMAL,0,1,single-leg: Up naked 50sh -> 0.03 ($-22.87)
1789975800,2026-09-21 07:30:00Z,S3_FEE_FARM,15m,ASIA,ASIA,False,-11.9317,-11.9317,True,TRADE_NORMAL,0,1,single-leg: Up naked 50sh -> 0.27 ($-11.93)
1789976100,2026-09-21 07:35:00Z,S3_FEE_FARM,5m,ASIA,ASIA,False,0.0,0.0,True,TRADE_NORMAL,0,0,
1789976400,2026-09-21 07:40:00Z,S3_FEE_FARM,5m,ASIA,ASIA,False,0.0,0.0,True,TRADE_NORMAL,0,0,
1789976700,2026-09-21 07:45:00Z,S3_FEE_FARM,5m,ASIA,ASIA,False,0.0,0.0,True,TRADE_NORMAL,0,0,single-leg: Down naked 5sh -> 0.49 ($+0.00)
1789976700,2026-09-21 07:45:00Z,S3_FEE_FARM,15m,ASIA,ASIA,False,0.0,0.0,True,TRADE_NORMAL,0,0,
1789977000,2026-09-21 07:50:00Z,S3_FEE_FARM,5m,ASIA,ASIA,False,0.0,0.0,True,TRADE_NORMAL,0,0,
1789977300,2026-09-21 07:55:00Z,S3_FEE_FARM,5m,ASIA,ASIA,False,0.0,0.0,True,TRADE_NORMAL,0,0,
1789977600,2026-09-21 08:00:00Z,S3_FEE_FARM,5m,ASIA,ASIA,False,0.0,0.0,True,TRADE_NORMAL,0,0,
1789977600,2026-09-21 08:00:00Z,S3_FEE_FARM,15m,ASIA,ASIA,False,0.0,0.0,True,TRADE_NORMAL,0,0,
1789977900,2026-09-21 08:05:00Z,S3_FEE_FARM,5m,ASIA,ASIA,False,0.0,0.0,True,TRADE_NORMAL,0,0,
1789978200,2026-09-21 08:10:00Z,S3_FEE_FARM,5m,ASIA,ASIA,False,0.0,0.0,True,TRADE_NORMAL,0,0,
1789978500,2026-09-21 08:15:00Z,S3_FEE_FARM,5m,ASIA,ASIA,False,0.2,0.2,True,TRADE_NORMAL,1,0,pair 10sh +$0.20 | Down naked 40sh -> 0.49 ($+0.00)
1789978500,2026-09-21 08:15:00Z,S3_FEE_FARM,15m,ASIA,ASIA,False,0.0,0.0,True,TRADE_NORMAL,0,0,
1789978800,2026-09-21 08:20:00Z,S3_FEE_FARM,5m,ASIA,ASIA,False,-18.1587,-18.1587,True,TRADE_NORMAL,0,1,single-leg: Down naked 50sh -> 0.13 ($-18.16)
1789979100,2026-09-21 08:25:00Z,S3_FEE_FARM,5m,ASIA,ASIA,False,0.0,0.0,True,TRADE_NORMAL,0,0,
1789979400,2026-09-21 08:30:00Z,S3_FEE_FARM,5m,ASIA,ASIA,False,0.0,0.0,True,TRADE_NORMAL,0,0,
1789979400,2026-09-21 08:30:00Z,S3_FEE_FARM,15m,ASIA,ASIA,False,-24.0346,-24.0346,True,TRADE_NORMAL,0,1,single-leg: Down naked 50sh -> 0.01 ($-24.03)
1789979700,2026-09-21 08:35:00Z,S3_FEE_FARM,5m,ASIA,ASIA,False,-20.5222,-20.5222,True,TRADE_NORMAL,0,1,single-leg: Down naked 50sh -> 0.09 ($-20.52)
1789980000,2026-09-21 08:40:00Z,S3_FEE_FARM,5m,ASIA,ASIA,False,0.0,0.0,True,TRADE_NORMAL,0,0,
1789980300,2026-09-21 08:45:00Z,S3_FEE_FARM,5m,ASIA,ASIA,False,0.0,0.0,True,TRADE_NORMAL,0,0,
1789980300,2026-09-21 08:45:00Z,S3_FEE_FARM,15m,ASIA,ASIA,False,0.0,0.0,True,TRADE_NORMAL,0,0,single-leg: Up naked 50sh -> 0.49 ($+0.00)
1789980600,2026-09-21 08:50:00Z,S3_FEE_FARM,5m,ASIA,ASIA,False,0.0,0.0,True,TRADE_NORMAL,0,0,
1789980900,2026-09-21 08:55:00Z,S3_FEE_FARM,5m,ASIA,ASIA,False,-15.7777,-15.7777,True,TRADE_NORMAL,0,1,single-leg: Up naked 50sh -> 0.18 ($-15.78)
1789981200,2026-09-21 09:00:00Z,S3_FEE_FARM,5m,ASIA,ASIA,False,0.0,0.0,True,TRADE_NORMAL,0,0,single-leg: Up naked 50sh -> 0.49 ($+0.00)
1789981200,2026-09-21 09:00:00Z,S3_FEE_FARM,15m,ASIA,ASIA,False,0.0,0.0,True,TRADE_NORMAL,0,0,single-leg: Up naked 41sh -> 0.49 ($+0.00)
1789981500,2026-09-21 09:05:00Z,S3_FEE_FARM,5m,ASIA,ASIA,False,-2.6758,-2.6758,True,TRADE_NORMAL,0,1,single-leg: Down naked 10sh -> 0.23 ($-2.68)
1789981800,2026-09-21 09:10:00Z,S3_FEE_FARM,5m,ASIA,ASIA,False,0.0,0.0,True,TRADE_NORMAL,0,0,single-leg: Down naked 50sh -> 0.49 ($+0.00)
1789982100,2026-09-21 09:15:00Z,S3_FEE_FARM,5m,ASIA,ASIA,False,0.0,0.0,True,TRADE_NORMAL,0,0,
1789982100,2026-09-21 09:15:00Z,S3_FEE_FARM,15m,ASIA,ASIA,False,0.0,0.0,True,TRADE_NORMAL,0,0,single-leg: Down naked 5sh -> 0.49 ($+0.00)
1789982400,2026-09-21 09:20:00Z,S3_FEE_FARM,5m,ASIA,ASIA,False,1.0,1.0,True,TRADE_NORMAL,1,0,pair 50sh +$1.00
1789982700,2026-09-21 09:25:00Z,S3_FEE_FARM,5m,ASIA,ASIA,False,0.0,0.0,True,TRADE_NORMAL,0,0,
1789983000,2026-09-21 09:30:00Z,S3_FEE_FARM,5m,ASIA,ASIA,False,0.0,0.0,True,TRADE_NORMAL,0,0,
1789983000,2026-09-21 09:30:00Z,S3_FEE_FARM,15m,ASIA,ASIA,False,0.0,0.0,True,TRADE_NORMAL,0,0,single-leg: Up naked 50sh -> 0.49 ($+0.00)
1789983300,2026-09-21 09:35:00Z,S3_FEE_FARM,5m,ASIA,ASIA,False,0.0,0.0,True,TRADE_NORMAL,0,0,
1789983600,2026-09-21 09:40:00Z,S3_FEE_FARM,5m,ASIA,ASIA,False,0.0,0.0,True,TRADE_NORMAL,0,0,
1789983900,2026-09-21 09:45:00Z,S3_FEE_FARM,5m,ASIA,ASIA,False,-1.9204,-1.9204,True,TRADE_NORMAL,1,1,pair 28sh +$0.56 | Up naked 22sh -> 0.40 ($-2.48)
1789983900,2026-09-21 09:45:00Z,S3_FEE_FARM,15m,ASIA,ASIA,False,-20.9845,-20.9845,True,TRADE_NORMAL,0,1,single-leg: Up naked 48sh -> 0.06 ($-20.98)
1789984200,2026-09-21 09:50:00Z,S3_FEE_FARM,5m,ASIA,ASIA,False,0.0,0.0,True,TRADE_NORMAL,0,0,
1789984500,2026-09-21 09:55:00Z,S3_FEE_FARM,5m,ASIA,ASIA,False,-2.1207,-2.1207,True,TRADE_NORMAL,0,0,single-leg: Up naked 50sh -> 0.46 ($-2.12)
1789984800,2026-09-21 10:00:00Z,S3_FEE_FARM,5m,ASIA,ASIA,False,0.0,0.0,True,TRADE_NORMAL,0,0,
1789984800,2026-09-21 10:00:00Z,S3_FEE_FARM,15m,ASIA,ASIA,False,0.2292,0.2292,True,TRADE_NORMAL,1,0,pair 11sh +$0.23 | Up naked 39sh -> 0.49 ($+0.00)
1789985100,2026-09-21 10:05:00Z,S3_FEE_FARM,5m,ASIA,ASIA,False,0.0002,0.0002,True,TRADE_NORMAL,1,0,pair 0sh +$0.00 | Down naked 50sh -> 0.49 ($+0.00)
1789985400,2026-09-21 10:10:00Z,S3_FEE_FARM,5m,ASIA,ASIA,False,0.0,0.0,True,TRADE_NORMAL,0,0,single-leg: Down naked 50sh -> 0.49 ($+0.00)
1789985700,2026-09-21 10:15:00Z,S3_FEE_FARM,5m,ASIA,ASIA,False,1.0,1.0,True,TRADE_NORMAL,1,0,pair 50sh +$1.00
1789985700,2026-09-21 10:15:00Z,S3_FEE_FARM,15m,ASIA,ASIA,False,1.0,1.0,True,TRADE_NORMAL,1,0,pair 50sh +$1.00
1789986000,2026-09-21 10:20:00Z,S3_FEE_FARM,5m,ASIA,ASIA,False,0.0,0.0,True,TRADE_NORMAL,0,0,
1789986300,2026-09-21 10:25:00Z,S3_FEE_FARM,5m,ASIA,ASIA,False,0.0,0.0,True,TRADE_NORMAL,0,0,single-leg: Up naked 50sh -> 0.49 ($+0.00)
1789986600,2026-09-21 10:30:00Z,S3_FEE_FARM,5m,ASIA,ASIA,False,0.0,0.0,True,TRADE_NORMAL,0,0,
1789986600,2026-09-21 10:30:00Z,S3_FEE_FARM,15m,ASIA,ASIA,False,0.2,0.2,True,TRADE_NORMAL,1,0,pair 10sh +$0.20 | Down naked 33sh -> 0.49 ($+0.00)
1789986900,2026-09-21 10:35:00Z,S3_FEE_FARM,5m,ASIA,ASIA,False,0.0,0.0,True,TRADE_NORMAL,0,0,
1789987200,2026-09-21 10:40:00Z,S3_FEE_FARM,5m,ASIA,ASIA,False,0.0,0.0,True,TRADE_NORMAL,0,0,
1789987500,2026-09-21 10:45:00Z,S3_FEE_FARM,5m,ASIA,ASIA,False,-13.8603,-13.8603,True,TRADE_NORMAL,0,1,single-leg: Up naked 50sh -> 0.22 ($-13.86)
1789987500,2026-09-21 10:45:00Z,S3_FEE_FARM,15m,ASIA,ASIA,False,-1.0963,-1.0963,True,TRADE_NORMAL,0,1,single-leg: Up naked 5sh -> 0.28 ($-1.10)
1789987800,2026-09-21 10:50:00Z,S3_FEE_FARM,5m,ASIA,ASIA,False,0.0,0.0,True,TRADE_NORMAL,0,0,
1789988100,2026-09-21 10:55:00Z,S3_FEE_FARM,5m,ASIA,ASIA,False,0.0,0.0,True,TRADE_NORMAL,0,0,
1789988400,2026-09-21 11:00:00Z,S3_FEE_FARM,5m,ASIA,ASIA,False,-14.3407,-14.3407,True,TRADE_NORMAL,0,1,single-leg: Down naked 50sh -> 0.21 ($-14.34)
1789988400,2026-09-21 11:00:00Z,S3_FEE_FARM,15m,ASIA,ASIA,False,0.0,0.0,True,TRADE_NORMAL,0,0,single-leg: Down naked 50sh -> 0.49 ($+0.00)
1789988700,2026-09-21 11:05:00Z,S3_FEE_FARM,5m,ASIA,ASIA,False,0.0,0.0,True,TRADE_NORMAL,0,0,
1789989000,2026-09-21 11:10:00Z,S3_FEE_FARM,5m,ASIA,ASIA,False,-14.8204,-14.8204,True,TRADE_NORMAL,0,1,single-leg: Down naked 50sh -> 0.20 ($-14.82)
1789989300,2026-09-21 11:15:00Z,S3_FEE_FARM,5m,ASIA,ASIA,False,0.0,0.0,True,TRADE_NORMAL,0,0,
1789989300,2026-09-21 11:15:00Z,S3_FEE_FARM,15m,ASIA,ASIA,False,-5.2861,-5.2861,True,TRADE_NORMAL,1,1,pair 2sh +$0.05 | Down naked 48sh -> 0.40 ($-5.33)
1789989600,2026-09-21 11:20:00Z,S3_FEE_FARM,5m,ASIA,ASIA,False,1.0,1.0,True,TRADE_NORMAL,1,0,pair 50sh +$1.00 | Up naked 0sh -> 0.49 ($+0.00)
1789989900,2026-09-21 11:25:00Z,S3_FEE_FARM,5m,ASIA,ASIA,False,0.0,0.0,True,TRADE_NORMAL,0,0,
1789990200,2026-09-21 11:30:00Z,S3_FEE_FARM,5m,ASIA,ASIA,False,0.0,0.0,True,TRADE_NORMAL,0,0,
1789990200,2026-09-21 11:30:00Z,S3_FEE_FARM,15m,ASIA,ASIA,False,-2.9754,-2.9754,True,TRADE_NORMAL,0,1,single-leg: Down naked 14sh -> 0.28 ($-2.98)
1789990500,2026-09-21 11:35:00Z,S3_FEE_FARM,5m,ASIA,ASIA,False,-16.7322,-16.7322,True,TRADE_NORMAL,0,1,single-leg: Up naked 50sh -> 0.16 ($-16.73)
1789990800,2026-09-21 11:40:00Z,S3_FEE_FARM,5m,ASIA,ASIA,False,0.0,0.0,True,TRADE_NORMAL,0,0,
1789991100,2026-09-21 11:45:00Z,S3_FEE_FARM,5m,ASIA,ASIA,False,0.0,0.0,True,TRADE_NORMAL,0,0,
1789991100,2026-09-21 11:45:00Z,S3_FEE_FARM,15m,ASIA,ASIA,False,0.0,0.0,True,TRADE_NORMAL,0,0,
1789991400,2026-09-21 11:50:00Z,S3_FEE_FARM,5m,ASIA,ASIA,False,0.0,0.0,True,TRADE_NORMAL,0,0,
1789991700,2026-09-21 11:55:00Z,S3_FEE_FARM,5m,ASIA,ASIA,False,0.0,0.0,True,TRADE_NORMAL,0,0,
1789992000,2026-09-21 12:00:00Z,S3_FEE_FARM,5m,OFF_HOURS,OFF_HOURS,False,0.0,0.0,True,TRADE_NORMAL,0,0,
1789992000,2026-09-21 12:00:00Z,S3_FEE_FARM,15m,OFF_HOURS,OFF_HOURS,False,0.0,0.0,True,TRADE_NORMAL,0,0,
1789992300,2026-09-21 12:05:00Z,S3_FEE_FARM,5m,OFF_HOURS,OFF_HOURS,False,0.0,0.0,True,TRADE_NORMAL,0,0,
1789992600,2026-09-21 12:10:00Z,S3_FEE_FARM,5m,OFF_HOURS,OFF_HOURS,False,0.0,0.0,True,TRADE_NORMAL,0,0,
1789992900,2026-09-21 12:15:00Z,S3_FEE_FARM,5m,OFF_HOURS,OFF_HOURS,False,1.0,1.0,True,TRADE_NORMAL,1,0,pair 50sh +$1.00
1789992900,2026-09-21 12:15:00Z,S3_FEE_FARM,15m,OFF_HOURS,OFF_HOURS,False,0.0,0.0,True,TRADE_NORMAL,0,0,single-leg: Up naked 50sh -> 0.49 ($+0.00)
1789993200,2026-09-21 12:20:00Z,S3_FEE_FARM,5m,OFF_HOURS,OFF_HOURS,False,0.0,0.0,True,TRADE_NORMAL,0,0,
1789993500,2026-09-21 12:25:00Z,S3_FEE_FARM,5m,OFF_HOURS,OFF_HOURS,False,-16.2553,-16.2553,True,TRADE_NORMAL,0,1,single-leg: Up naked 50sh -> 0.17 ($-16.26)
1789993800,2026-09-21 12:30:00Z,S3_FEE_FARM,5m,OFF_HOURS,OFF_HOURS,False,0.0,0.0,True,TRADE_NORMAL,0,0,
1789993800,2026-09-21 12:30:00Z,S3_FEE_FARM,15m,OFF_HOURS,OFF_HOURS,False,0.0,0.0,True,TRADE_NORMAL,0,0,
1789994100,2026-09-21 12:35:00Z,S3_FEE_FARM,5m,OFF_HOURS,OFF_HOURS,False,0.0,0.0,True,TRADE_NORMAL,0,0,
1789994400,2026-09-21 12:40:00Z,S3_FEE_FARM,5m,OFF_HOURS,OFF_HOURS,False,0.0,0.0,True,TRADE_NORMAL,0,0,single-leg: Down naked 20sh -> 0.49 ($+0.00)
1789994700,2026-09-21 12:45:00Z,S3_FEE_FARM,5m,OFF_HOURS,OFF_HOURS,False,1.0,1.0,True,TRADE_NORMAL,1,0,pair 50sh +$1.00
1789994700,2026-09-21 12:45:00Z,S3_FEE_FARM,15m,OFF_HOURS,OFF_HOURS,False,1.0,1.0,True,TRADE_NORMAL,1,0,pair 50sh +$1.00
1789995000,2026-09-21 12:50:00Z,S3_FEE_FARM,5m,OFF_HOURS,OFF_HOURS,False,0.0,0.0,True,TRADE_NORMAL,0,0,
1789995300,2026-09-21 12:55:00Z,S3_FEE_FARM,5m,OFF_HOURS,OFF_HOURS,False,0.0,0.0,True,TRADE_NORMAL,0,0,
1789995600,2026-09-21 13:00:00Z,S3_FEE_FARM,5m,OFF_HOURS,OFF_HOURS,False,0.0,0.0,True,TRADE_NORMAL,0,0,
1789995600,2026-09-21 13:00:00Z,S3_FEE_FARM,15m,OFF_HOURS,OFF_HOURS,False,1.0,1.0,True,TRADE_NORMAL,1,0,pair 50sh +$1.00
1789995900,2026-09-21 13:05:00Z,S3_FEE_FARM,5m,OFF_HOURS,OFF_HOURS,False,-10.2907,-10.2907,True,TRADE_NORMAL,0,1,single-leg: Down naked 26sh -> 0.11 ($-10.29)
1789996200,2026-09-21 13:10:00Z,S3_FEE_FARM,5m,OFF_HOURS,OFF_HOURS,False,-18.1587,-18.1587,True,TRADE_NORMAL,0,1,single-leg: Up naked 50sh -> 0.13 ($-18.16)
1789996500,2026-09-21 13:15:00Z,S3_FEE_FARM,5m,OFF_HOURS,OFF_HOURS,False,0.0,0.0,True,TRADE_NORMAL,0,0,
1789996500,2026-09-21 13:15:00Z,S3_FEE_FARM,15m,OFF_HOURS,OFF_HOURS,False,-4.3276,-4.3276,True,TRADE_NORMAL,1,1,pair 0sh +$0.00 | Up naked 39sh -> 0.40 ($-4.33)
1789996800,2026-09-21 13:20:00Z,S3_FEE_FARM,5m,OFF_HOURS,OFF_HOURS,False,1.0,1.0,True,TRADE_NORMAL,1,0,pair 50sh +$1.00 | Down naked 0sh -> 0.49 ($+0.00)
1789997100,2026-09-21 13:25:00Z,S3_FEE_FARM,5m,OFF_HOURS,OFF_HOURS,False,-12.8974,-12.8974,True,TRADE_NORMAL,0,1,single-leg: Up naked 50sh -> 0.24 ($-12.90)
1789997400,2026-09-21 13:30:00Z,S3_FEE_FARM,5m,US,US,False,0.0,0.0,False,BLOCKED_PULL,0,0,
1789997400,2026-09-21 13:30:00Z,S3_FEE_FARM,15m,US,US,False,0.56,0.0,False,BLOCKED_PULL,1,0,pair 28sh +$0.56 | Up naked 22sh -> 0.49 ($+0.00)
1789997700,2026-09-21 13:35:00Z,S3_FEE_FARM,5m,US,US,False,0.0,0.0,False,BLOCKED_PULL,0,0,
1789998000,2026-09-21 13:40:00Z,S3_FEE_FARM,5m,US,US,False,0.0,0.0,False,BLOCKED_PULL,0,0,
1789998300,2026-09-21 13:45:00Z,S3_FEE_FARM,5m,US,US,False,-4.7837,0.0,False,BLOCKED_PULL,0,1,single-leg: Down naked 10sh -> 0.03 ($-4.78)
1789998300,2026-09-21 13:45:00Z,S3_FEE_FARM,15m,US,US,False,0.0,0.0,False,BLOCKED_PULL,0,0,
1789998600,2026-09-21 13:50:00Z,S3_FEE_FARM,5m,US,US,False,0.0,0.0,False,BLOCKED_PULL,0,0,
1789998900,2026-09-21 13:55:00Z,S3_FEE_FARM,5m,US,US,False,0.0,0.0,False,BLOCKED_PULL,0,0,
1789999200,2026-09-21 14:00:00Z,S3_FEE_FARM,5m,US,US,False,-9.702,0.0,False,BLOCKED_PULL,1,1,pair 3sh +$0.07 | Down naked 47sh -> 0.29 ($-9.77)
1789999200,2026-09-21 14:00:00Z,S3_FEE_FARM,15m,US,US,False,0.0,0.0,False,BLOCKED_PULL,0,0,single-leg: Down naked 3sh -> 0.49 ($+0.00)
1789999500,2026-09-21 14:05:00Z,S3_FEE_FARM,5m,US,US,False,0.0,0.0,False,BLOCKED_PULL,0,0,
1789999800,2026-09-21 14:10:00Z,S3_FEE_FARM,5m,US,US,False,0.0,0.0,False,BLOCKED_PULL,0,0,
1790000100,2026-09-21 14:15:00Z,S3_FEE_FARM,5m,US,US,False,0.0,0.0,False,BLOCKED_PULL,0,0,single-leg: Down naked 50sh -> 0.49 ($+0.00)
1790000100,2026-09-21 14:15:00Z,S3_FEE_FARM,15m,US,US,False,0.0,0.0,False,BLOCKED_PULL,0,0,single-leg: Down naked 8sh -> 0.49 ($+0.00)
1790000400,2026-09-21 14:20:00Z,S3_FEE_FARM,5m,US,US,False,0.0,0.0,False,BLOCKED_PULL,0,0,
1790000700,2026-09-21 14:25:00Z,S3_FEE_FARM,5m,US,US,False,0.0,0.0,False,BLOCKED_PULL,0,0,
1790001000,2026-09-21 14:30:00Z,S3_FEE_FARM,5m,US,US,False,0.0,0.0,False,BLOCKED_PULL,0,0,
1790001000,2026-09-21 14:30:00Z,S3_FEE_FARM,15m,US,US,False,0.0,0.0,False,BLOCKED_PULL,0,0,single-leg: Up naked 3sh -> 0.49 ($+0.00)
1790001300,2026-09-21 14:35:00Z,S3_FEE_FARM,5m,US,US,False,1.0,0.0,False,BLOCKED_PULL,1,0,pair 50sh +$1.00
1790001600,2026-09-21 14:40:00Z,S3_FEE_FARM,5m,US,US,False,0.0,0.0,False,BLOCKED_PULL,0,0,single-leg: Up naked 50sh -> 0.49 ($+0.00)
1790001900,2026-09-21 14:45:00Z,S3_FEE_FARM,5m,US,US,False,-2.6179,0.0,False,BLOCKED_PULL,0,0,single-leg: Down naked 50sh -> 0.46 ($-2.62)
1790001900,2026-09-21 14:45:00Z,S3_FEE_FARM,15m,US,US,False,-18.6971,0.0,False,BLOCKED_PULL,0,1,single-leg: Down naked 41sh -> 0.03 ($-18.70)
1790002200,2026-09-21 14:50:00Z,S3_FEE_FARM,5m,US,US,False,0.0,0.0,False,BLOCKED_PULL,0,0,
1790002500,2026-09-21 14:55:00Z,S3_FEE_FARM,5m,US,US,False,0.0,0.0,False,BLOCKED_PULL,0,0,single-leg: Up naked 50sh -> 0.49 ($+0.00)
1790002800,2026-09-21 15:00:00Z,S3_FEE_FARM,5m,US,US,False,0.0,0.0,False,BLOCKED_PULL,0,0,
1790002800,2026-09-21 15:00:00Z,S3_FEE_FARM,15m,US,US,False,0.0,0.0,False,BLOCKED_PULL,0,0,
1790003100,2026-09-21 15:05:00Z,S3_FEE_FARM,5m,US,US,False,0.0,0.0,False,BLOCKED_PULL,0,0,
1790003400,2026-09-21 15:10:00Z,S3_FEE_FARM,5m,US,US,False,0.0,0.0,False,BLOCKED_PULL,0,0,
1790003700,2026-09-21 15:15:00Z,S3_FEE_FARM,5m,US,US,False,0.0,0.0,False,BLOCKED_PULL,0,0,
1790003700,2026-09-21 15:15:00Z,S3_FEE_FARM,15m,US,US,False,0.0,0.0,False,BLOCKED_PULL,0,0,
1790004000,2026-09-21 15:20:00Z,S3_FEE_FARM,5m,US,US,False,0.0,0.0,False,BLOCKED_PULL,0,0,
1790004300,2026-09-21 15:25:00Z,S3_FEE_FARM,5m,US,US,False,-11.9317,0.0,False,BLOCKED_PULL,0,1,single-leg: Up naked 50sh -> 0.27 ($-11.93)
1790004600,2026-09-21 15:30:00Z,S3_FEE_FARM,5m,US,US,False,1.0,0.0,False,BLOCKED_PULL,1,0,pair 50sh +$1.00
1790004600,2026-09-21 15:30:00Z,S3_FEE_FARM,15m,US,US,False,-0.8564,0.0,False,BLOCKED_PULL,0,0,single-leg: Down naked 38sh -> 0.48 ($-0.86)
1790004900,2026-09-21 15:35:00Z,S3_FEE_FARM,5m,US,US,False,1.0,0.0,False,BLOCKED_PULL,1,0,pair 50sh +$1.00
1790005200,2026-09-21 15:40:00Z,S3_FEE_FARM,5m,US,US,False,0.0,0.0,False,BLOCKED_PULL,0,0,
1790005500,2026-09-21 15:45:00Z,S3_FEE_FARM,5m,US,US,False,0.0,0.0,False,BLOCKED_PULL,0,0,
1790005500,2026-09-21 15:45:00Z,S3_FEE_FARM,15m,US,US,False,0.0,0.0,False,BLOCKED_PULL,0,0,
1790005800,2026-09-21 15:50:00Z,S3_FEE_FARM,5m,US,US,False,0.0,0.0,False,BLOCKED_PULL,0,0,
1790006100,2026-09-21 15:55:00Z,S3_FEE_FARM,5m,US,US,False,1.3793,0.0,False,BLOCKED_PULL,0,0,single-leg: Up naked 50sh -> 0.54 ($+1.38)
1790006400,2026-09-21 16:00:00Z,S3_FEE_FARM,5m,US,US,False,0.648,0.0,False,BLOCKED_PULL,1,0,pair 32sh +$0.65 | Down naked 18sh -> 0.49 ($+0.00)
1790006400,2026-09-21 16:00:00Z,S3_FEE_FARM,15m,US,US,False,0.2,0.0,False,BLOCKED_PULL,1,0,pair 10sh +$0.20 | Down naked 2sh -> 0.49 ($+0.00)
1790006700,2026-09-21 16:05:00Z,S3_FEE_FARM,5m,US,US,False,0.0,0.0,False,BLOCKED_PULL,0,0,
1790007000,2026-09-21 16:10:00Z,S3_FEE_FARM,5m,US,US,False,0.0,0.0,False,BLOCKED_PULL,0,0,
1790007300,2026-09-21 16:15:00Z,S3_FEE_FARM,5m,US,US,False,0.0,0.0,False,BLOCKED_PULL,0,0,
1790007300,2026-09-21 16:15:00Z,S3_FEE_FARM,15m,US,US,False,-3.0975,0.0,False,BLOCKED_PULL,0,1,single-leg: Down naked 9sh -> 0.15 ($-3.10)
1790007600,2026-09-21 16:20:00Z,S3_FEE_FARM,5m,US,US,False,1.0,0.0,False,BLOCKED_PULL,1,0,pair 50sh +$1.00
1790007900,2026-09-21 16:25:00Z,S3_FEE_FARM,5m,US,US,False,0.0,0.0,False,BLOCKED_PULL,0,0,
1790008200,2026-09-21 16:30:00Z,S3_FEE_FARM,5m,US,US,False,0.0,0.0,False,BLOCKED_PULL,0,0,
1790008200,2026-09-21 16:30:00Z,S3_FEE_FARM,15m,US,US,False,0.0,0.0,False,BLOCKED_PULL,0,0,
1790008500,2026-09-21 16:35:00Z,S3_FEE_FARM,5m,US,US,False,0.0,0.0,False,BLOCKED_PULL,0,0,
1790008800,2026-09-21 16:40:00Z,S3_FEE_FARM,5m,US,US,False,0.0,0.0,False,BLOCKED_PULL,0,0,
1790009100,2026-09-21 16:45:00Z,S3_FEE_FARM,5m,US,US,False,-3.759,0.0,False,BLOCKED_PULL,1,1,pair 0sh +$0.00 | Down naked 12sh -> 0.19 ($-3.76)
1790009100,2026-09-21 16:45:00Z,S3_FEE_FARM,15m,US,US,False,-0.4589,0.0,False,BLOCKED_PULL,0,1,single-leg: Down naked 2sh -> 0.21 ($-0.46)
1790009400,2026-09-21 16:50:00Z,S3_FEE_FARM,5m,US,US,False,0.0,0.0,False,BLOCKED_PULL,0,0,
1790009700,2026-09-21 16:55:00Z,S3_FEE_FARM,5m,US,US,False,0.0,0.0,False,BLOCKED_PULL,0,0,
1790010000,2026-09-21 17:00:00Z,S3_FEE_FARM,5m,US,US,False,0.1,0.0,False,BLOCKED_PULL,1,0,pair 5sh +$0.10 | Down naked 45sh -> 0.49 ($+0.00)
1790010000,2026-09-21 17:00:00Z,S3_FEE_FARM,15m,US,US,False,0.7724,0.0,False,BLOCKED_PULL,1,0,pair 39sh +$0.77 | Up naked 11sh -> 0.49 ($+0.00)
1790010300,2026-09-21 17:05:00Z,S3_FEE_FARM,5m,US,US,False,-21.4627,0.0,False,BLOCKED_PULL,0,1,single-leg: Down naked 50sh -> 0.07 ($-21.46)
1790010600,2026-09-21 17:10:00Z,S3_FEE_FARM,5m,US,US,False,0.0,0.0,False,BLOCKED_PULL,0,0,
1790010900,2026-09-21 17:15:00Z,S3_FEE_FARM,5m,US,US,False,0.0,0.0,False,BLOCKED_PULL,0,0,single-leg: Up naked 50sh -> 0.49 ($+0.00)
1790010900,2026-09-21 17:15:00Z,S3_FEE_FARM,15m,US,US,False,-0.9319,0.0,False,BLOCKED_PULL,0,1,single-leg: Up naked 2sh -> 0.04 ($-0.93)
1790011200,2026-09-21 17:20:00Z,S3_FEE_FARM,5m,US,US,False,0.0,0.0,False,BLOCKED_PULL,0,0,single-leg: Down naked 15sh -> 0.49 ($+0.00)
1790011500,2026-09-21 17:25:00Z,S3_FEE_FARM,5m,US,US,False,0.0,0.0,False,BLOCKED_PULL,0,0,
1790011800,2026-09-21 17:30:00Z,S3_FEE_FARM,5m,US,US,False,0.0,0.0,False,BLOCKED_PULL,0,0,single-leg: Up naked 50sh -> 0.49 ($+0.00)
1790011800,2026-09-21 17:30:00Z,S3_FEE_FARM,15m,US,US,False,1.0,0.0,False,BLOCKED_PULL,1,0,pair 50sh +$1.00
1790012100,2026-09-21 17:35:00Z,S3_FEE_FARM,5m,US,US,False,-1.6228,0.0,False,BLOCKED_PULL,0,0,single-leg: Down naked 50sh -> 0.47 ($-1.62)
1790012400,2026-09-21 17:40:00Z,S3_FEE_FARM,5m,US,US,False,0.0,0.0,False,BLOCKED_PULL,0,0,single-leg: Down naked 50sh -> 0.49 ($+0.00)
1790012700,2026-09-21 17:45:00Z,S3_FEE_FARM,5m,US,US,False,0.0,0.0,False,BLOCKED_PULL,0,0,
1790012700,2026-09-21 17:45:00Z,S3_FEE_FARM,15m,US,US,False,0.0,0.0,False,BLOCKED_PULL,0,0,
1790013000,2026-09-21 17:50:00Z,S3_FEE_FARM,5m,US,US,False,0.14,0.0,False,BLOCKED_PULL,1,0,pair 7sh +$0.14 | Down naked 43sh -> 0.49 ($+0.00)
1790013300,2026-09-21 17:55:00Z,S3_FEE_FARM,5m,US,US,False,0.4444,0.0,False,BLOCKED_PULL,1,0,pair 22sh +$0.44 | Down naked 3sh -> 0.49 ($+0.00)
1790013600,2026-09-21 18:00:00Z,S3_FEE_FARM,5m,US,US,False,0.0,0.0,False,BLOCKED_PULL,0,0,
1790013600,2026-09-21 18:00:00Z,S3_FEE_FARM,15m,US,US,False,-3.0563,0.0,False,BLOCKED_PULL,1,1,pair 2sh +$0.03 | Down naked 11sh -> 0.22 ($-3.09)
1790013900,2026-09-21 18:05:00Z,S3_FEE_FARM,5m,US,US,False,0.0,0.0,False,BLOCKED_PULL,0,0,
1790014200,2026-09-21 18:10:00Z,S3_FEE_FARM,5m,US,US,False,-1.006,0.0,False,BLOCKED_PULL,0,1,single-leg: Down naked 3sh -> 0.13 ($-1.01)
1790014500,2026-09-21 18:15:00Z,S3_FEE_FARM,5m,US,US,False,-12.4149,0.0,False,BLOCKED_PULL,0,1,single-leg: Down naked 50sh -> 0.26 ($-12.41)
1790014500,2026-09-21 18:15:00Z,S3_FEE_FARM,15m,US,US,False,0.0,0.0,False,BLOCKED_PULL,0,0,single-leg: Down naked 50sh -> 0.49 ($+0.00)
1790014800,2026-09-21 18:20:00Z,S3_FEE_FARM,5m,US,US,False,0.0,0.0,False,BLOCKED_PULL,0,0,single-leg: Up naked 50sh -> 0.49 ($+0.00)
1790015100,2026-09-21 18:25:00Z,S3_FEE_FARM,5m,US,US,False,0.0,0.0,False,BLOCKED_PULL,0,0,
1790015400,2026-09-21 18:30:00Z,S3_FEE_FARM,5m,US,US,False,0.0,0.0,False,BLOCKED_PULL,0,0,
1790015400,2026-09-21 18:30:00Z,S3_FEE_FARM,15m,US,US,False,0.1,0.0,False,BLOCKED_PULL,1,0,pair 5sh +$0.10 | Up naked 43sh -> 0.49 ($+0.00)
1790015700,2026-09-21 18:35:00Z,S3_FEE_FARM,5m,US,US,False,0.0,0.0,False,BLOCKED_PULL,0,0,
1790016000,2026-09-21 18:40:00Z,S3_FEE_FARM,5m,US,US,False,0.0,0.0,False,BLOCKED_PULL,0,0,single-leg: Up naked 50sh -> 0.49 ($+0.00)
1790016300,2026-09-21 18:45:00Z,S3_FEE_FARM,5m,US,US,False,0.2348,0.0,False,BLOCKED_PULL,1,0,pair 12sh +$0.23 | Up naked 38sh -> 0.49 ($+0.00)
1790016300,2026-09-21 18:45:00Z,S3_FEE_FARM,15m,US,US,False,0.2,0.0,False,BLOCKED_PULL,1,0,pair 10sh +$0.20 | Up naked 40sh -> 0.49 ($+0.00)
1790016600,2026-09-21 18:50:00Z,S3_FEE_FARM,5m,US,US,False,0.0,0.0,False,BLOCKED_PULL,0,0,single-leg: Down naked 50sh -> 0.49 ($+0.00)
1790016900,2026-09-21 18:55:00Z,S3_FEE_FARM,5m,US,US,False,1.0,0.0,False,BLOCKED_PULL,1,0,pair 50sh +$1.00
1790017200,2026-09-21 19:00:00Z,S3_FEE_FARM,5m,US,US,False,0.0,0.0,False,BLOCKED_PULL,0,0,
1790017200,2026-09-21 19:00:00Z,S3_FEE_FARM,15m,US,US,False,0.0,0.0,False,BLOCKED_PULL,0,0,single-leg: Up naked 31sh -> 0.49 ($+0.00)
1790017500,2026-09-21 19:05:00Z,S3_FEE_FARM,5m,US,US,False,0.0,0.0,False,BLOCKED_PULL,0,0,
1790017800,2026-09-21 19:10:00Z,S3_FEE_FARM,5m,US,US,False,0.0,0.0,False,BLOCKED_PULL,0,0,
1790018100,2026-09-21 19:15:00Z,S3_FEE_FARM,5m,US,US,False,-11.1522,0.0,False,BLOCKED_PULL,1,1,pair 20sh +$0.40 | Down naked 30sh -> 0.12 ($-11.55)
1790018100,2026-09-21 19:15:00Z,S3_FEE_FARM,15m,US,US,False,0.0014,0.0,False,BLOCKED_PULL,1,0,pair 0sh +$0.00 | Up naked 1sh -> 0.49 ($+0.00)
1790018400,2026-09-21 19:20:00Z,S3_FEE_FARM,5m,US,US,False,0.0,0.0,False,BLOCKED_PULL,0,0,
1790018700,2026-09-21 19:25:00Z,S3_FEE_FARM,5m,US,US,False,-3.3867,0.0,False,BLOCKED_PULL,0,1,single-leg: Down naked 22sh -> 0.35 ($-3.39)
1790019000,2026-09-21 19:30:00Z,S3_FEE_FARM,5m,US,US,False,0.0,0.0,False,BLOCKED_PULL,0,0,
1790019000,2026-09-21 19:30:00Z,S3_FEE_FARM,15m,US,US,False,-2.0522,0.0,False,BLOCKED_PULL,0,1,single-leg: Down naked 5sh -> 0.09 ($-2.05)
1790019300,2026-09-21 19:35:00Z,S3_FEE_FARM,5m,US,US,False,0.0,0.0,False,BLOCKED_PULL,0,0,
1790019600,2026-09-21 19:40:00Z,S3_FEE_FARM,5m,US,US,False,0.5472,0.0,False,BLOCKED_PULL,1,0,pair 27sh +$0.55 | Up naked 23sh -> 0.49 ($+0.00)
1790019900,2026-09-21 19:45:00Z,S3_FEE_FARM,5m,US,US,False,0.0,0.0,False,BLOCKED_PULL,0,0,
1790019900,2026-09-21 19:45:00Z,S3_FEE_FARM,15m,US,US,False,0.0,0.0,False,BLOCKED_PULL,0,0,single-leg: Up naked 50sh -> 0.49 ($+0.00)
1790020200,2026-09-21 19:50:00Z,S3_FEE_FARM,5m,US,US,False,0.0,0.0,False,BLOCKED_PULL,0,0,single-leg: Down naked 50sh -> 0.49 ($+0.00)
1790020500,2026-09-21 19:55:00Z,S3_FEE_FARM,5m,US,US,False,0.0,0.0,False,BLOCKED_PULL,0,0,
1790020800,2026-09-21 20:00:00Z,S3_FEE_FARM,5m,US,US,False,0.0,0.0,False,BLOCKED_PULL,0,0,
1790020800,2026-09-21 20:00:00Z,S3_FEE_FARM,15m,US,US,False,0.0,0.0,False,BLOCKED_PULL,0,0,
1790021100,2026-09-21 20:05:00Z,S3_FEE_FARM,5m,US,US,False,0.3912,0.0,False,BLOCKED_PULL,1,0,pair 20sh +$0.39 | Down naked 30sh -> 0.49 ($+0.00)
1790021400,2026-09-21 20:10:00Z,S3_FEE_FARM,5m,US,US,False,0.0,0.0,False,BLOCKED_PULL,0,0,
1790021700,2026-09-21 20:15:00Z,S3_FEE_FARM,5m,US,US,False,0.0,0.0,False,BLOCKED_PULL,0,0,
1790021700,2026-09-21 20:15:00Z,S3_FEE_FARM,15m,US,US,False,-19.5789,0.0,False,BLOCKED_PULL,0,1,single-leg: Down naked 50sh -> 0.11 ($-19.58)
1790022000,2026-09-21 20:20:00Z,S3_FEE_FARM,5m,US,US,False,0.0,0.0,False,BLOCKED_PULL,0,0,
1790022300,2026-09-21 20:25:00Z,S3_FEE_FARM,5m,US,US,False,0.0,0.0,False,BLOCKED_PULL,0,0,
1790022600,2026-09-21 20:30:00Z,S3_FEE_FARM,5m,US,US,False,0.0,0.0,False,BLOCKED_PULL,0,0,
1790022600,2026-09-21 20:30:00Z,S3_FEE_FARM,15m,US,US,False,0.0,0.0,False,BLOCKED_PULL,0,0,
1790022900,2026-09-21 20:35:00Z,S3_FEE_FARM,5m,US,US,False,0.3996,0.0,False,BLOCKED_PULL,1,0,pair 20sh +$0.40 | Down naked 30sh -> 0.49 ($+0.00)
1790023200,2026-09-21 20:40:00Z,S3_FEE_FARM,5m,US,US,False,0.0,0.0,False,BLOCKED_PULL,0,0,
1790023500,2026-09-21 20:45:00Z,S3_FEE_FARM,5m,US,US,False,0.3582,0.0,False,BLOCKED_PULL,1,0,pair 18sh +$0.36 | Down naked 32sh -> 0.49 ($+0.00)
1790023500,2026-09-21 20:45:00Z,S3_FEE_FARM,15m,US,US,False,0.2768,0.0,False,BLOCKED_PULL,1,0,pair 14sh +$0.28 | Down naked 36sh -> 0.49 ($+0.00)
1790023800,2026-09-21 20:50:00Z,S3_FEE_FARM,5m,US,US,False,-20.9928,0.0,False,BLOCKED_PULL,0,1,single-leg: Down naked 50sh -> 0.08 ($-20.99)
1790024100,2026-09-21 20:55:00Z,S3_FEE_FARM,5m,US,US,False,0.0,0.0,False,BLOCKED_PULL,0,0,
1790024400,2026-09-21 21:00:00Z,S3_FEE_FARM,5m,OFF_HOURS,OFF_HOURS,False,0.0,0.0,True,TRADE_NORMAL,0,0,
1790024400,2026-09-21 21:00:00Z,S3_FEE_FARM,15m,OFF_HOURS,OFF_HOURS,False,0.0,0.0,True,TRADE_NORMAL,0,0,
1790024700,2026-09-21 21:05:00Z,S3_FEE_FARM,5m,OFF_HOURS,OFF_HOURS,False,0.0,0.0,True,TRADE_NORMAL,0,0,
1790025000,2026-09-21 21:10:00Z,S3_FEE_FARM,5m,OFF_HOURS,OFF_HOURS,False,0.0,0.0,True,TRADE_NORMAL,0,0,
1790025300,2026-09-21 21:15:00Z,S3_FEE_FARM,5m,OFF_HOURS,OFF_HOURS,False,-15.2994,-15.2994,True,TRADE_NORMAL,0,1,single-leg: Down naked 50sh -> 0.19 ($-15.30)
1790025300,2026-09-21 21:15:00Z,S3_FEE_FARM,15m,OFF_HOURS,OFF_HOURS,False,0.0,0.0,True,TRADE_NORMAL,0,0,
1790025600,2026-09-21 21:20:00Z,S3_FEE_FARM,5m,OFF_HOURS,OFF_HOURS,False,0.0,0.0,True,TRADE_NORMAL,0,0,
1790025900,2026-09-21 21:25:00Z,S3_FEE_FARM,5m,OFF_HOURS,OFF_HOURS,False,-0.1249,-0.1249,True,TRADE_NORMAL,0,0,single-leg: Up naked 50sh -> 0.51 ($-0.12)
1790026200,2026-09-21 21:30:00Z,S3_FEE_FARM,5m,OFF_HOURS,OFF_HOURS,False,-18.1587,-18.1587,True,TRADE_NORMAL,0,1,single-leg: Down naked 50sh -> 0.13 ($-18.16)
1790026200,2026-09-21 21:30:00Z,S3_FEE_FARM,15m,OFF_HOURS,OFF_HOURS,False,-0.0269,-0.0269,True,TRADE_NORMAL,0,1,single-leg: Down naked 0sh -> 0.04 ($-0.03)
1790026500,2026-09-21 21:35:00Z,S3_FEE_FARM,5m,OFF_HOURS,OFF_HOURS,False,0.0,0.0,True,TRADE_NORMAL,0,0,
1790026800,2026-09-21 21:40:00Z,S3_FEE_FARM,5m,OFF_HOURS,OFF_HOURS,False,0.0,0.0,True,TRADE_NORMAL,0,0,single-leg: Up naked 50sh -> 0.49 ($+0.00)
1790027100,2026-09-21 21:45:00Z,S3_FEE_FARM,5m,OFF_HOURS,OFF_HOURS,False,0.0,0.0,True,TRADE_NORMAL,0,0,
1790027100,2026-09-21 21:45:00Z,S3_FEE_FARM,15m,OFF_HOURS,OFF_HOURS,False,-0.028,-0.028,True,TRADE_NORMAL,0,1,single-leg: Up naked 0sh -> 0.03 ($-0.03)
1790027400,2026-09-21 21:50:00Z,S3_FEE_FARM,5m,OFF_HOURS,OFF_HOURS,False,0.0,0.0,True,TRADE_NORMAL,0,0,
1790027700,2026-09-21 21:55:00Z,S3_FEE_FARM,5m,OFF_HOURS,OFF_HOURS,False,0.4406,0.4406,True,TRADE_NORMAL,1,0,pair 22sh +$0.44 | Down naked 28sh -> 0.49 ($+0.00)
1790028000,2026-09-21 22:00:00Z,S3_FEE_FARM,5m,OFF_HOURS,OFF_HOURS,False,0.0,0.0,True,TRADE_NORMAL,0,0,
1790028000,2026-09-21 22:00:00Z,S3_FEE_FARM,15m,OFF_HOURS,OFF_HOURS,False,1.0,1.0,True,TRADE_NORMAL,1,0,pair 50sh +$1.00
1790028300,2026-09-21 22:05:00Z,S3_FEE_FARM,5m,OFF_HOURS,OFF_HOURS,False,0.0,0.0,True,TRADE_NORMAL,0,0,
1790028600,2026-09-21 22:10:00Z,S3_FEE_FARM,5m,OFF_HOURS,OFF_HOURS,False,1.0,1.0,True,TRADE_NORMAL,1,0,pair 50sh +$1.00
1790028900,2026-09-21 22:15:00Z,S3_FEE_FARM,5m,OFF_HOURS,OFF_HOURS,False,0.0,0.0,True,TRADE_NORMAL,0,0,
1790028900,2026-09-21 22:15:00Z,S3_FEE_FARM,15m,OFF_HOURS,OFF_HOURS,False,0.0,0.0,True,TRADE_NORMAL,0,0,
1790029200,2026-09-21 22:20:00Z,S3_FEE_FARM,5m,OFF_HOURS,OFF_HOURS,False,0.0,0.0,True,TRADE_NORMAL,0,0,
1790029500,2026-09-21 22:25:00Z,S3_FEE_FARM,5m,OFF_HOURS,OFF_HOURS,False,0.0,0.0,True,TRADE_NORMAL,0,0,single-leg: Down naked 50sh -> 0.49 ($+0.00)
1790029800,2026-09-21 22:30:00Z,S3_FEE_FARM,5m,OFF_HOURS,OFF_HOURS,False,0.0,0.0,True,TRADE_NORMAL,0,0,
1790029800,2026-09-21 22:30:00Z,S3_FEE_FARM,15m,OFF_HOURS,OFF_HOURS,False,0.0,0.0,True,TRADE_NORMAL,0,0,
1790030100,2026-09-21 22:35:00Z,S3_FEE_FARM,5m,OFF_HOURS,OFF_HOURS,False,-2.6179,-2.6179,True,TRADE_NORMAL,0,0,single-leg: Down naked 50sh -> 0.46 ($-2.62)
1790030400,2026-09-21 22:40:00Z,S3_FEE_FARM,5m,OFF_HOURS,OFF_HOURS,False,1.0,1.0,True,TRADE_NORMAL,1,0,pair 50sh +$1.00 | Up naked 0sh -> 0.49 ($+0.00)
1790030700,2026-09-21 22:45:00Z,S3_FEE_FARM,5m,OFF_HOURS,OFF_HOURS,False,-13.0148,-13.0148,True,TRADE_NORMAL,0,1,single-leg: Up naked 47sh -> 0.22 ($-13.01)
1790030700,2026-09-21 22:45:00Z,S3_FEE_FARM,15m,OFF_HOURS,OFF_HOURS,False,0.0,0.0,True,TRADE_NORMAL,0,0,
1790031000,2026-09-21 22:50:00Z,S3_FEE_FARM,5m,OFF_HOURS,OFF_HOURS,False,0.0,0.0,True,TRADE_NORMAL,0,0,single-leg: Down naked 10sh -> 0.49 ($+0.00)
1790031300,2026-09-21 22:55:00Z,S3_FEE_FARM,5m,OFF_HOURS,OFF_HOURS,False,0.0,0.0,True,TRADE_NORMAL,0,0,
1790031600,2026-09-21 23:00:00Z,S3_FEE_FARM,5m,OFF_HOURS,OFF_HOURS,False,0.3486,0.3486,True,TRADE_NORMAL,1,0,pair 17sh +$0.35 | Down naked 33sh -> 0.49 ($+0.00)
1790031600,2026-09-21 23:00:00Z,S3_FEE_FARM,15m,OFF_HOURS,OFF_HOURS,False,0.0,0.0,True,TRADE_NORMAL,0,0,
1790031900,2026-09-21 23:05:00Z,S3_FEE_FARM,5m,OFF_HOURS,OFF_HOURS,False,0.0,0.0,True,TRADE_NORMAL,0,0,single-leg: Down naked 50sh -> 0.49 ($+0.00)
1790032200,2026-09-21 23:10:00Z,S3_FEE_FARM,5m,OFF_HOURS,OFF_HOURS,False,0.0,0.0,True,TRADE_NORMAL,0,0,
1790032500,2026-09-21 23:15:00Z,S3_FEE_FARM,5m,OFF_HOURS,OFF_HOURS,False,0.0,0.0,True,TRADE_NORMAL,0,0,
1790032500,2026-09-21 23:15:00Z,S3_FEE_FARM,15m,OFF_HOURS,OFF_HOURS,False,0.0,0.0,True,TRADE_NORMAL,0,0,
1790032800,2026-09-21 23:20:00Z,S3_FEE_FARM,5m,OFF_HOURS,OFF_HOURS,False,0.385,0.385,True,TRADE_NORMAL,1,0,pair 19sh +$0.39 | Up naked 31sh -> 0.49 ($+0.00)
1790033100,2026-09-21 23:25:00Z,S3_FEE_FARM,5m,OFF_HOURS,OFF_HOURS,False,-0.0365,-0.0365,True,TRADE_NORMAL,0,1,single-leg: Up naked 0sh -> 0.39 ($-0.04)
1790033400,2026-09-21 23:30:00Z,S3_FEE_FARM,5m,OFF_HOURS,OFF_HOURS,False,0.0,0.0,True,TRADE_NORMAL,0,0,
1790033400,2026-09-21 23:30:00Z,S3_FEE_FARM,15m,OFF_HOURS,OFF_HOURS,False,0.0,0.0,True,TRADE_NORMAL,0,0,
1790033700,2026-09-21 23:35:00Z,S3_FEE_FARM,5m,OFF_HOURS,OFF_HOURS,False,0.3318,0.3318,True,TRADE_NORMAL,0,0,single-leg: Down naked 19sh -> 0.53 ($+0.33)
1790034000,2026-09-21 23:40:00Z,S3_FEE_FARM,5m,OFF_HOURS,OFF_HOURS,False,0.0,0.0,True,TRADE_NORMAL,0,0,
1790034300,2026-09-21 23:45:00Z,S3_FEE_FARM,5m,OFF_HOURS,OFF_HOURS,False,0.0,0.0,True,TRADE_NORMAL,0,0,
1790034300,2026-09-21 23:45:00Z,S3_FEE_FARM,15m,OFF_HOURS,OFF_HOURS,False,-5.7687,-5.7687,True,TRADE_NORMAL,0,1,single-leg: Down naked 21sh -> 0.22 ($-5.77)
1790034600,2026-09-21 23:50:00Z,S3_FEE_FARM,5m,OFF_HOURS,OFF_HOURS,False,-0.284,-0.284,True,TRADE_NORMAL,0,1,single-leg: Down naked 1sh -> 0.09 ($-0.28)
1790034900,2026-09-21 23:55:00Z,S3_FEE_FARM,5m,OFF_HOURS,OFF_HOURS,False,0.0,0.0,True,TRADE_NORMAL,0,0,
1790035200,2026-09-22 00:00:00Z,S3_FEE_FARM,5m,ASIA,ASIA,False,0.0,0.0,True,TRADE_NORMAL,0,0,
1790035200,2026-09-22 00:00:00Z,S3_FEE_FARM,15m,ASIA,ASIA,False,-2.3802,-2.3802,True,TRADE_NORMAL,0,1,single-leg: Up naked 5sh -> 0.02 ($-2.38)
1790035500,2026-09-22 00:05:00Z,S3_FEE_FARM,5m,ASIA,ASIA,False,0.0,0.0,True,TRADE_NORMAL,0,0,single-leg: Down naked 3sh -> 0.49 ($+0.00)
1790035800,2026-09-22 00:10:00Z,S3_FEE_FARM,5m,ASIA,ASIA,False,-14.7873,-14.7873,True,TRADE_NORMAL,0,1,single-leg: Down naked 42sh -> 0.14 ($-14.79)
1790036100,2026-09-22 00:15:00Z,S3_FEE_FARM,5m,ASIA,ASIA,False,0.0,0.0,True,TRADE_NORMAL,0,0,
1790036100,2026-09-22 00:15:00Z,S3_FEE_FARM,15m,ASIA,ASIA,False,0.0,0.0,True,TRADE_NORMAL,0,0,single-leg: Up naked 50sh -> 0.49 ($+0.00)
1790036400,2026-09-22 00:20:00Z,S3_FEE_FARM,5m,ASIA,ASIA,False,0.0,0.0,True,TRADE_NORMAL,0,0,
1790036700,2026-09-22 00:25:00Z,S3_FEE_FARM,5m,ASIA,ASIA,False,0.0,0.0,True,TRADE_NORMAL,0,0,
1790037000,2026-09-22 00:30:00Z,S3_FEE_FARM,5m,ASIA,ASIA,False,0.0,0.0,True,TRADE_NORMAL,0,0,
1790037000,2026-09-22 00:30:00Z,S3_FEE_FARM,15m,ASIA,ASIA,False,0.0,0.0,True,TRADE_NORMAL,0,0,single-leg: Down naked 5sh -> 0.49 ($+0.00)
1790037300,2026-09-22 00:35:00Z,S3_FEE_FARM,5m,ASIA,ASIA,False,0.0,0.0,True,TRADE_NORMAL,0,0,
1790037600,2026-09-22 00:40:00Z,S3_FEE_FARM,5m,ASIA,ASIA,False,0.0,0.0,True,TRADE_NORMAL,0,0,
1790037900,2026-09-22 00:45:00Z,S3_FEE_FARM,5m,ASIA,ASIA,False,-14.8204,-14.8204,True,TRADE_NORMAL,0,1,single-leg: Up naked 50sh -> 0.20 ($-14.82)
1790037900,2026-09-22 00:45:00Z,S3_FEE_FARM,15m,ASIA,ASIA,False,-21.4627,-21.4627,True,TRADE_NORMAL,0,1,single-leg: Up naked 50sh -> 0.07 ($-21.46)
1790038200,2026-09-22 00:50:00Z,S3_FEE_FARM,5m,ASIA,ASIA,False,0.0,0.0,True,TRADE_NORMAL,0,0,
1790038500,2026-09-22 00:55:00Z,S3_FEE_FARM,5m,ASIA,ASIA,False,0.0,0.0,True,TRADE_NORMAL,0,0,
1790038800,2026-09-22 01:00:00Z,S3_FEE_FARM,5m,ASIA,ASIA,False,0.0,0.0,True,TRADE_NORMAL,0,0,single-leg: Down naked 50sh -> 0.49 ($+0.00)
1790038800,2026-09-22 01:00:00Z,S3_FEE_FARM,15m,ASIA,ASIA,False,0.0,0.0,True,TRADE_NORMAL,0,0,
1790039100,2026-09-22 01:05:00Z,S3_FEE_FARM,5m,ASIA,ASIA,False,0.0,0.0,True,TRADE_NORMAL,0,0,
1790039400,2026-09-22 01:10:00Z,S3_FEE_FARM,5m,ASIA,ASIA,False,0.0,0.0,True,TRADE_NORMAL,0,0,
1790039700,2026-09-22 01:15:00Z,S3_FEE_FARM,5m,ASIA,ASIA,False,0.0,0.0,True,TRADE_NORMAL,0,0,
1790039700,2026-09-22 01:15:00Z,S3_FEE_FARM,15m,ASIA,ASIA,False,0.0,0.0,True,TRADE_NORMAL,0,0,single-leg: Down naked 6sh -> 0.49 ($+0.00)
1790040000,2026-09-22 01:20:00Z,S3_FEE_FARM,5m,ASIA,ASIA,False,0.0,0.0,True,TRADE_NORMAL,0,0,
1790040300,2026-09-22 01:25:00Z,S3_FEE_FARM,5m,ASIA,ASIA,False,0.0,0.0,True,TRADE_NORMAL,0,0,
1790040600,2026-09-22 01:30:00Z,S3_FEE_FARM,5m,ASIA,ASIA,False,0.0,0.0,True,TRADE_NORMAL,0,0,
1790040600,2026-09-22 01:30:00Z,S3_FEE_FARM,15m,ASIA,ASIA,False,0.4683,0.4683,True,TRADE_NORMAL,1,0,pair 7sh +$0.15 | Up naked 43sh -> 0.52 ($+0.32)
1790040900,2026-09-22 01:35:00Z,S3_FEE_FARM,5m,ASIA,ASIA,False,1.0,1.0,True,TRADE_NORMAL,1,0,pair 50sh +$1.00
1790041200,2026-09-22 01:40:00Z,S3_FEE_FARM,5m,ASIA,ASIA,False,-9.9919,-9.9919,True,TRADE_NORMAL,0,1,single-leg: Down naked 50sh -> 0.30 ($-9.99)
1790041500,2026-09-22 01:45:00Z,S3_FEE_FARM,5m,ASIA,ASIA,False,1.0,1.0,True,TRADE_NORMAL,1,0,pair 50sh +$1.00
1790041500,2026-09-22 01:45:00Z,S3_FEE_FARM,15m,ASIA,ASIA,False,0.2588,0.2588,True,TRADE_NORMAL,1,0,pair 13sh +$0.26 | Up naked 37sh -> 0.49 ($+0.00)
1790041800,2026-09-22 01:50:00Z,S3_FEE_FARM,5m,ASIA,ASIA,False,0.0,0.0,True,TRADE_NORMAL,0,0,
1790042100,2026-09-22 01:55:00Z,S3_FEE_FARM,5m,ASIA,ASIA,False,0.0,0.0,True,TRADE_NORMAL,0,0,
1790042400,2026-09-22 02:00:00Z,S3_FEE_FARM,5m,ASIA,ASIA,False,0.0,0.0,True,TRADE_NORMAL,0,0,
1790042400,2026-09-22 02:00:00Z,S3_FEE_FARM,15m,ASIA,ASIA,False,0.0,0.0,True,TRADE_NORMAL,0,0,
1790042700,2026-09-22 02:05:00Z,S3_FEE_FARM,5m,ASIA,ASIA,False,0.18,0.18,True,TRADE_NORMAL,1,0,pair 9sh +$0.18 | Up naked 41sh -> 0.49 ($+0.00)
1790043000,2026-09-22 02:10:00Z,S3_FEE_FARM,5m,ASIA,ASIA,False,0.0,0.0,True,TRADE_NORMAL,0,0,
1790043300,2026-09-22 02:15:00Z,S3_FEE_FARM,5m,ASIA,ASIA,False,0.0,0.0,True,TRADE_NORMAL,0,0,
1790043300,2026-09-22 02:15:00Z,S3_FEE_FARM,15m,ASIA,ASIA,False,0.0,0.0,True,TRADE_NORMAL,0,0,
1790043600,2026-09-22 02:20:00Z,S3_FEE_FARM,5m,ASIA,ASIA,False,0.0,0.0,True,TRADE_NORMAL,0,0,
1790043900,2026-09-22 02:25:00Z,S3_FEE_FARM,5m,ASIA,ASIA,False,-8.4258,-8.4258,True,TRADE_NORMAL,0,1,single-leg: Down naked 23sh -> 0.12 ($-8.43)
1790044200,2026-09-22 02:30:00Z,S3_FEE_FARM,5m,ASIA,ASIA,False,-15.3917,-15.3917,True,TRADE_NORMAL,0,1,single-leg: Up naked 38sh -> 0.09 ($-15.39)
1790044200,2026-09-22 02:30:00Z,S3_FEE_FARM,15m,ASIA,ASIA,False,-5.1144,-5.1144,True,TRADE_NORMAL,1,1,pair 10sh +$0.20 | Down naked 24sh -> 0.28 ($-5.31)
1790044500,2026-09-22 02:35:00Z,S3_FEE_FARM,5m,ASIA,ASIA,False,-19.5789,-19.5789,True,TRADE_NORMAL,0,1,single-leg: Down naked 50sh -> 0.11 ($-19.58)
1790044800,2026-09-22 02:40:00Z,S3_FEE_FARM,5m,ASIA,ASIA,False,1.0,1.0,True,TRADE_NORMAL,1,0,pair 50sh +$1.00
1790045100,2026-09-22 02:45:00Z,S3_FEE_FARM,5m,ASIA,ASIA,False,-11.9317,-11.9317,True,TRADE_NORMAL,0,1,single-leg: Up naked 50sh -> 0.27 ($-11.93)
1790045100,2026-09-22 02:45:00Z,S3_FEE_FARM,15m,ASIA,ASIA,False,0.0,0.0,True,TRADE_NORMAL,0,0,single-leg: Down naked 8sh -> 0.49 ($+0.00)
1790045400,2026-09-22 02:50:00Z,S3_FEE_FARM,5m,ASIA,ASIA,False,0.0,0.0,True,TRADE_NORMAL,0,0,
1790045700,2026-09-22 02:55:00Z,S3_FEE_FARM,5m,ASIA,ASIA,False,-18.1587,-18.1587,True,TRADE_NORMAL,0,1,single-leg: Down naked 50sh -> 0.13 ($-18.16)
1790046000,2026-09-22 03:00:00Z,S3_FEE_FARM,5m,ASIA,ASIA,False,-21.4627,-21.4627,True,TRADE_NORMAL,0,1,single-leg: Up naked 50sh -> 0.07 ($-21.46)
1790046000,2026-09-22 03:00:00Z,S3_FEE_FARM,15m,ASIA,ASIA,False,0.0,0.0,True,TRADE_NORMAL,0,0,single-leg: Up naked 50sh -> 0.49 ($+0.00)
1790046300,2026-09-22 03:05:00Z,S3_FEE_FARM,5m,ASIA,ASIA,False,-16.7322,-16.7322,True,TRADE_NORMAL,0,1,single-leg: Up naked 50sh -> 0.16 ($-16.73)
1790046600,2026-09-22 03:10:00Z,S3_FEE_FARM,5m,ASIA,ASIA,False,-1.91,-1.91,True,TRADE_NORMAL,0,1,single-leg: Up naked 7sh -> 0.22 ($-1.91)
1790046900,2026-09-22 03:15:00Z,S3_FEE_FARM,5m,ASIA,ASIA,False,0.0,0.0,True,TRADE_NORMAL,0,0,single-leg: Down naked 50sh -> 0.49 ($+0.00)
1790046900,2026-09-22 03:15:00Z,S3_FEE_FARM,15m,ASIA,ASIA,False,-9.8986,-9.8986,True,TRADE_NORMAL,1,1,pair 24sh +$0.47 | Up naked 26sh -> 0.11 ($-10.37)
1790047200,2026-09-22 03:20:00Z,S3_FEE_FARM,5m,ASIA,ASIA,False,-13.3792,-13.3792,True,TRADE_NORMAL,0,1,single-leg: Up naked 50sh -> 0.23 ($-13.38)
1790047500,2026-09-22 03:25:00Z,S3_FEE_FARM,5m,ASIA,ASIA,False,0.0,0.0,True,TRADE_NORMAL,0,0,
1790047800,2026-09-22 03:30:00Z,S3_FEE_FARM,5m,ASIA,ASIA,False,0.0,0.0,True,TRADE_NORMAL,0,0,
1790047800,2026-09-22 03:30:00Z,S3_FEE_FARM,15m,ASIA,ASIA,False,0.0,0.0,True,TRADE_NORMAL,0,0,
1790048100,2026-09-22 03:35:00Z,S3_FEE_FARM,5m,ASIA,ASIA,False,0.0,0.0,True,TRADE_NORMAL,0,0,single-leg: Down naked 50sh -> 0.49 ($+0.00)
1790048400,2026-09-22 03:40:00Z,S3_FEE_FARM,5m,ASIA,ASIA,False,0.0,0.0,True,TRADE_NORMAL,0,0,
1790048700,2026-09-22 03:45:00Z,S3_FEE_FARM,5m,ASIA,ASIA,False,-6.1006,-6.1006,True,TRADE_NORMAL,1,1,pair 15sh +$0.29 | Down naked 35sh -> 0.33 ($-6.39)
1790048700,2026-09-22 03:45:00Z,S3_FEE_FARM,15m,ASIA,ASIA,False,0.0,0.0,True,TRADE_NORMAL,0,0,
1790049000,2026-09-22 03:50:00Z,S3_FEE_FARM,5m,ASIA,ASIA,False,0.0,0.0,True,TRADE_NORMAL,0,0,
1790049300,2026-09-22 03:55:00Z,S3_FEE_FARM,5m,ASIA,ASIA,False,-12.5062,-12.5062,True,TRADE_NORMAL,0,1,single-leg: Down naked 30sh -> 0.09 ($-12.51)
1790049600,2026-09-22 04:00:00Z,S3_FEE_FARM,5m,ASIA,ASIA,False,0.0,0.0,True,TRADE_NORMAL,0,0,
1790049600,2026-09-22 04:00:00Z,S3_FEE_FARM,15m,ASIA,ASIA,False,0.0,0.0,True,TRADE_NORMAL,0,0,single-leg: Down naked 19sh -> 0.49 ($+0.00)
1790049900,2026-09-22 04:05:00Z,S3_FEE_FARM,5m,ASIA,ASIA,False,0.0,0.0,True,TRADE_NORMAL,0,0,single-leg: Up naked 50sh -> 0.49 ($+0.00)
1790050200,2026-09-22 04:10:00Z,S3_FEE_FARM,5m,ASIA,ASIA,False,0.0,0.0,True,TRADE_NORMAL,0,0,
1790050500,2026-09-22 04:15:00Z,S3_FEE_FARM,5m,ASIA,ASIA,False,0.0,0.0,True,TRADE_NORMAL,0,0,
1790050500,2026-09-22 04:15:00Z,S3_FEE_FARM,15m,ASIA,ASIA,False,-9.0282,-9.0282,True,TRADE_NORMAL,0,1,single-leg: Up naked 35sh -> 0.24 ($-9.03)
1790050800,2026-09-22 04:20:00Z,S3_FEE_FARM,5m,ASIA,ASIA,False,0.561,0.561,True,TRADE_NORMAL,1,0,pair 28sh +$0.56 | Up naked 22sh -> 0.49 ($+0.00)
1790051100,2026-09-22 04:25:00Z,S3_FEE_FARM,5m,ASIA,ASIA,False,1.0,1.0,True,TRADE_NORMAL,1,0,pair 50sh +$1.00
1790051400,2026-09-22 04:30:00Z,S3_FEE_FARM,5m,ASIA,ASIA,False,0.0,0.0,True,TRADE_NORMAL,0,0,
1790051400,2026-09-22 04:30:00Z,S3_FEE_FARM,15m,ASIA,ASIA,False,0.0,0.0,True,TRADE_NORMAL,0,0,single-leg: Up naked 30sh -> 0.49 ($+0.00)
1790051700,2026-09-22 04:35:00Z,S3_FEE_FARM,5m,ASIA,ASIA,False,0.0,0.0,True,TRADE_NORMAL,0,0,single-leg: Down naked 5sh -> 0.49 ($+0.00)
1790052000,2026-09-22 04:40:00Z,S3_FEE_FARM,5m,ASIA,ASIA,False,0.0,0.0,True,TRADE_NORMAL,0,0,
1790052300,2026-09-22 04:45:00Z,S3_FEE_FARM,5m,ASIA,ASIA,False,0.0,0.0,True,TRADE_NORMAL,0,0,
1790052300,2026-09-22 04:45:00Z,S3_FEE_FARM,15m,ASIA,ASIA,False,0.0,0.0,True,TRADE_NORMAL,0,0,
1790052600,2026-09-22 04:50:00Z,S3_FEE_FARM,5m,ASIA,ASIA,False,0.0,0.0,True,TRADE_NORMAL,0,0,
1790052900,2026-09-22 04:55:00Z,S3_FEE_FARM,5m,ASIA,ASIA,False,0.0,0.0,True,TRADE_NORMAL,0,0,
1790053200,2026-09-22 05:00:00Z,S3_FEE_FARM,5m,ASIA,ASIA,False,0.8618,0.8618,True,TRADE_NORMAL,1,0,pair 43sh +$0.86 | Up naked 7sh -> 0.49 ($+0.00)
1790053200,2026-09-22 05:00:00Z,S3_FEE_FARM,15m,ASIA,ASIA,False,0.1392,0.1392,True,TRADE_NORMAL,1,0,pair 7sh +$0.14 | Up naked 43sh -> 0.49 ($+0.00)
1790053500,2026-09-22 05:05:00Z,S3_FEE_FARM,5m,ASIA,ASIA,False,-14.792,-14.792,True,TRADE_NORMAL,0,1,single-leg: Down naked 39sh -> 0.12 ($-14.79)
1790053800,2026-09-22 05:10:00Z,S3_FEE_FARM,5m,ASIA,ASIA,False,-14.6828,-14.6828,True,TRADE_NORMAL,1,1,pair 11sh +$0.22 | Up naked 39sh -> 0.12 ($-14.90)
1790054100,2026-09-22 05:15:00Z,S3_FEE_FARM,5m,ASIA,ASIA,False,0.0,0.0,True,TRADE_NORMAL,0,0,
1790054100,2026-09-22 05:15:00Z,S3_FEE_FARM,15m,ASIA,ASIA,False,0.0,0.0,True,TRADE_NORMAL,0,0,
1790054400,2026-09-22 05:20:00Z,S3_FEE_FARM,5m,ASIA,ASIA,False,0.0,0.0,True,TRADE_NORMAL,0,0,
1790054700,2026-09-22 05:25:00Z,S3_FEE_FARM,5m,ASIA,ASIA,False,0.0,0.0,True,TRADE_NORMAL,0,0,
1790055000,2026-09-22 05:30:00Z,S3_FEE_FARM,5m,ASIA,ASIA,False,-16.7322,-16.7322,True,TRADE_NORMAL,0,1,single-leg: Up naked 50sh -> 0.16 ($-16.73)
1790055000,2026-09-22 05:30:00Z,S3_FEE_FARM,15m,ASIA,ASIA,False,1.0,1.0,True,TRADE_NORMAL,1,0,pair 50sh +$1.00
1790055300,2026-09-22 05:35:00Z,S3_FEE_FARM,5m,ASIA,ASIA,False,0.0,0.0,True,TRADE_NORMAL,0,0,single-leg: Up naked 50sh -> 0.49 ($+0.00)
1790055600,2026-09-22 05:40:00Z,S3_FEE_FARM,5m,ASIA,ASIA,False,0.0,0.0,True,TRADE_NORMAL,0,0,
1790055900,2026-09-22 05:45:00Z,S3_FEE_FARM,5m,ASIA,ASIA,False,0.0,0.0,True,TRADE_NORMAL,0,0,
1790055900,2026-09-22 05:45:00Z,S3_FEE_FARM,15m,ASIA,ASIA,False,-6.1365,-6.1365,True,TRADE_NORMAL,0,1,single-leg: Down naked 14sh -> 0.06 ($-6.14)
1790056200,2026-09-22 05:50:00Z,S3_FEE_FARM,5m,ASIA,ASIA,False,1.0,1.0,True,TRADE_NORMAL,1,0,pair 50sh +$1.00
1790056500,2026-09-22 05:55:00Z,S3_FEE_FARM,5m,ASIA,ASIA,False,0.0,0.0,True,TRADE_NORMAL,0,0,
1790056800,2026-09-22 06:00:00Z,S3_FEE_FARM,5m,ASIA,ASIA,False,0.0,0.0,True,TRADE_NORMAL,0,0,single-leg: Down naked 12sh -> 0.49 ($+0.00)
1790057100,2026-09-22 06:05:00Z,S3_FEE_FARM,5m,ASIA,ASIA,False,0.0002,0.0002,True,TRADE_NORMAL,1,0,pair 0sh +$0.00 | Up naked 50sh -> 0.49 ($+0.00)
1789758900,2026-09-18 19:15:00Z,S1_TWAP_LOCKIN,5m,US,US,False,-0.021372000000000002,-0.021372000000000002,True,TRADE_TAKER,0,1,"price=0.02, win=False"
1789759800,2026-09-18 19:30:00Z,S1_TWAP_LOCKIN,5m,US,US,False,0.841075,0.841075,True,TRADE_TAKER,0,0,"price=0.15, win=True"
1789760700,2026-09-18 19:45:00Z,S1_TWAP_LOCKIN,5m,US,US,False,0.747232,0.747232,True,TRADE_TAKER,0,0,"price=0.24, win=True"
1789761600,2026-09-18 20:00:00Z,S1_TWAP_LOCKIN,5m,US,US,False,0.9786279999999999,0.9786279999999999,True,TRADE_TAKER,0,0,"price=0.02, win=True"
1789762500,2026-09-18 20:15:00Z,S1_TWAP_LOCKIN,5m,US,US,False,-0.010693000000000001,-0.010693000000000001,True,TRADE_TAKER,0,1,"price=0.01, win=False"
1789764600,2026-09-18 20:50:00Z,S1_TWAP_LOCKIN,5m,US,US,False,-0.010693000000000001,-0.010693000000000001,True,TRADE_TAKER,0,1,"price=0.01, win=False"
1789765500,2026-09-18 21:05:00Z,S1_TWAP_LOCKIN,5m,OFF_HOURS,OFF_HOURS,False,0.726532,0.0,False,BLOCKED_QUIET_TAPE,0,0,"price=0.26, win=True"
1789767600,2026-09-18 21:40:00Z,S1_TWAP_LOCKIN,5m,OFF_HOURS,OFF_HOURS,False,-0.010693000000000001,0.0,False,BLOCKED_QUIET_TAPE,0,1,"price=0.01, win=False"
1789767900,2026-09-18 21:45:00Z,S1_TWAP_LOCKIN,5m,OFF_HOURS,OFF_HOURS,False,0.9786279999999999,0.0,False,BLOCKED_QUIET_TAPE,0,0,"price=0.02, win=True"
1789768800,2026-09-18 22:00:00Z,S1_TWAP_LOCKIN,5m,OFF_HOURS,OFF_HOURS,False,0.8937,0.0,False,BLOCKED_QUIET_TAPE,0,0,"price=0.10, win=True"
1789768800,2026-09-18 22:00:00Z,S1_TWAP_LOCKIN,5m,OFF_HOURS,OFF_HOURS,False,0.10314699999999999,0.0,False,BLOCKED_QUIET_TAPE,0,0,"price=0.89, win=True"
1789769700,2026-09-18 22:15:00Z,S1_TWAP_LOCKIN,5m,OFF_HOURS,OFF_HOURS,False,0.9466749999999999,0.0,False,BLOCKED_QUIET_TAPE,0,0,"price=0.05, win=True"
1789770300,2026-09-18 22:25:00Z,S1_TWAP_LOCKIN,5m,OFF_HOURS,OFF_HOURS,False,0.705888,0.0,False,BLOCKED_QUIET_TAPE,0,0,"price=0.28, win=True"
1789770900,2026-09-18 22:35:00Z,S1_TWAP_LOCKIN,5m,OFF_HOURS,OFF_HOURS,False,0.967963,0.0,False,BLOCKED_QUIET_TAPE,0,0,"price=0.03, win=True"
1789771500,2026-09-18 22:45:00Z,S1_TWAP_LOCKIN,5m,OFF_HOURS,OFF_HOURS,False,0.17922699999999994,0.0,False,BLOCKED_QUIET_TAPE,0,0,"price=0.81, win=True"
1789771500,2026-09-18 22:45:00Z,S1_TWAP_LOCKIN,5m,OFF_HOURS,OFF_HOURS,False,-0.021372000000000002,0.0,False,BLOCKED_QUIET_TAPE,0,1,"price=0.02, win=False"
1789771800,2026-09-18 22:50:00Z,S1_TWAP_LOCKIN,5m,OFF_HOURS,OFF_HOURS,False,-0.021372000000000002,0.0,False,BLOCKED_QUIET_TAPE,0,1,"price=0.02, win=False"
1789772100,2026-09-18 22:55:00Z,S1_TWAP_LOCKIN,5m,OFF_HOURS,OFF_HOURS,False,-0.021372000000000002,0.0,False,BLOCKED_QUIET_TAPE,0,1,"price=0.02, win=False"
1789772400,2026-09-18 23:00:00Z,S1_TWAP_LOCKIN,5m,OFF_HOURS,OFF_HOURS,False,0.9893069999999999,0.0,False,BLOCKED_QUIET_TAPE,0,0,"price=0.01, win=True"
1789772400,2026-09-18 23:00:00Z,S1_TWAP_LOCKIN,5m,OFF_HOURS,OFF_HOURS,False,-0.5175,0.0,False,BLOCKED_QUIET_TAPE,0,1,"price=0.50, win=False"
1789772700,2026-09-18 23:05:00Z,S1_TWAP_LOCKIN,5m,OFF_HOURS,OFF_HOURS,False,0.4825,0.0,False,BLOCKED_QUIET_TAPE,0,0,"price=0.50, win=True"
1789774200,2026-09-18 23:30:00Z,S1_TWAP_LOCKIN,5m,OFF_HOURS,OFF_HOURS,False,0.9786279999999999,0.0,False,BLOCKED_QUIET_TAPE,0,0,"price=0.02, win=True"
1789775100,2026-09-18 23:45:00Z,S1_TWAP_LOCKIN,5m,OFF_HOURS,OFF_HOURS,False,-0.839877,0.0,False,BLOCKED_QUIET_TAPE,0,1,"price=0.83, win=False"
1789775400,2026-09-18 23:50:00Z,S1_TWAP_LOCKIN,5m,OFF_HOURS,OFF_HOURS,False,0.10314699999999999,0.0,False,BLOCKED_QUIET_TAPE,0,0,"price=0.89, win=True"
1789775700,2026-09-18 23:55:00Z,S1_TWAP_LOCKIN,5m,OFF_HOURS,OFF_HOURS,False,-0.032036999999999996,0.0,False,BLOCKED_QUIET_TAPE,0,1,"price=0.03, win=False"
1789776000,2026-09-19 00:00:00Z,S1_TWAP_LOCKIN,5m,ASIA,ASIA,False,-0.021372000000000002,0.0,False,BLOCKED_QUIET_TAPE,0,1,"price=0.02, win=False"
1789778100,2026-09-19 00:35:00Z,S1_TWAP_LOCKIN,5m,ASIA,ASIA,False,-0.021372000000000002,0.0,False,BLOCKED_QUIET_TAPE,0,1,"price=0.02, win=False"
1789783800,2026-09-19 02:10:00Z,S1_TWAP_LOCKIN,5m,ASIA,ASIA,False,0.9786279999999999,0.0,False,BLOCKED_QUIET_TAPE,0,0,"price=0.02, win=True"
1789785000,2026-09-19 02:30:00Z,S1_TWAP_LOCKIN,5m,ASIA,ASIA,False,0.9893069999999999,0.0,False,BLOCKED_QUIET_TAPE,0,0,"price=0.01, win=True"
1789785300,2026-09-19 02:35:00Z,S1_TWAP_LOCKIN,5m,ASIA,ASIA,False,-0.010693000000000001,0.0,False,BLOCKED_QUIET_TAPE,0,1,"price=0.01, win=False"
1789785900,2026-09-19 02:45:00Z,S1_TWAP_LOCKIN,5m,ASIA,ASIA,False,0.9466749999999999,0.0,False,BLOCKED_QUIET_TAPE,0,0,"price=0.05, win=True"
1789786200,2026-09-19 02:50:00Z,S1_TWAP_LOCKIN,5m,ASIA,ASIA,False,-0.15892499999999998,0.0,False,BLOCKED_QUIET_TAPE,0,1,"price=0.15, win=False"
1789786800,2026-09-19 03:00:00Z,S1_TWAP_LOCKIN,5m,ASIA,ASIA,False,-0.032036999999999996,0.0,False,BLOCKED_QUIET_TAPE,0,1,"price=0.03, win=False"
1789788000,2026-09-19 03:20:00Z,S1_TWAP_LOCKIN,5m,ASIA,ASIA,False,-0.010693000000000001,0.0,False,BLOCKED_QUIET_TAPE,0,1,"price=0.01, win=False"
1789788600,2026-09-19 03:30:00Z,S1_TWAP_LOCKIN,5m,ASIA,ASIA,False,-0.010693000000000001,0.0,False,BLOCKED_QUIET_TAPE,0,1,"price=0.01, win=False"
1789788900,2026-09-19 03:35:00Z,S1_TWAP_LOCKIN,5m,ASIA,ASIA,False,-0.221613,0.0,False,BLOCKED_QUIET_TAPE,0,1,"price=0.21, win=False"
1789791600,2026-09-19 04:20:00Z,S1_TWAP_LOCKIN,5m,ASIA,ASIA,False,-0.010693000000000001,0.0,False,BLOCKED_QUIET_TAPE,0,1,"price=0.01, win=False"
1789791900,2026-09-19 04:25:00Z,S1_TWAP_LOCKIN,5m,ASIA,ASIA,False,-0.010693000000000001,0.0,False,BLOCKED_QUIET_TAPE,0,1,"price=0.01, win=False"
1789793100,2026-09-19 04:45:00Z,S1_TWAP_LOCKIN,5m,ASIA,ASIA,False,0.9786279999999999,0.0,False,BLOCKED_QUIET_TAPE,0,0,"price=0.02, win=True"
1789793400,2026-09-19 04:50:00Z,S1_TWAP_LOCKIN,5m,ASIA,ASIA,False,-0.021372000000000002,0.0,False,BLOCKED_QUIET_TAPE,0,1,"price=0.02, win=False"
1789795200,2026-09-19 05:20:00Z,S1_TWAP_LOCKIN,5m,ASIA,ASIA,False,0.9786279999999999,0.0,False,BLOCKED_QUIET_TAPE,0,0,"price=0.02, win=True"
1789795500,2026-09-19 05:25:00Z,S1_TWAP_LOCKIN,5m,ASIA,ASIA,False,0.9893069999999999,0.0,False,BLOCKED_QUIET_TAPE,0,0,"price=0.01, win=True"
1789795800,2026-09-19 05:30:00Z,S1_TWAP_LOCKIN,5m,ASIA,ASIA,False,-0.010693000000000001,0.0,False,BLOCKED_QUIET_TAPE,0,1,"price=0.01, win=False"
1789796700,2026-09-19 05:45:00Z,S1_TWAP_LOCKIN,5m,ASIA,ASIA,False,0.5226120000000001,0.0,False,BLOCKED_QUIET_TAPE,0,0,"price=0.46, win=True"
1789800300,2026-09-19 06:45:00Z,S1_TWAP_LOCKIN,5m,ASIA,ASIA,False,0.502528,0.0,False,BLOCKED_QUIET_TAPE,0,0,"price=0.48, win=True"
