market,round_start_unix,round_start_utc,round_end_utc,condition_id,chain_outcome,gamma_outcome,pastresults_outcome,observer_gamma_at_settle,public_disagrees_with_chain,pr_open,pr_close,pr_gap_bps,obs_coverage_pct,obs_open_twap,obs_open_spot,obs_end_value,obs_full_round_avg,obs_tail60_avg,obs_end_gap_bps,obs_fullavg_gap_bps,rule_end_value,rule_full_avg,rule_tail60,rule_end_vs_spot_open
5m,1789911900,2026-09-20T13:45:00Z,2026-09-20T13:50:00Z,0x102f362b78e92dd22d855d867498604a18254a582fc04be1ebf8a2510f5aff8d,up,up,down,,pastresults_outcome,80529.81825339161,80516.50511900849,-1.6531931490555027,,,,,,,,,,,,
5m,1789912500,2026-09-20T13:55:00Z,2026-09-20T14:00:00Z,0x846228ca36460155bd3b3d06aaf3f144a9ddfaf469a5b017adcbb32a148cfda8,down,down,up,,pastresults_outcome,80529.44785392816,80532.90632404464,0.429466513015107,,,,,,,,,,,,
5m,1789916700,2026-09-20T15:05:00Z,2026-09-20T15:10:00Z,0xbdf5a3805060df516a6dd3b7bf8f82de0d7e22330250d64b80b298db06cbbb5c,down,down,up,,pastresults_outcome,80799.9361076766,80801.86452283403,0.2386654309794111,,,,,,,,,,,,
5m,1789918800,2026-09-20T15:40:00Z,2026-09-20T15:45:00Z,0xffe6db0fb477fb60499ec3ba7951ece0c1255a86efdf12ad09102d35077e6d25,up,up,down,,pastresults_outcome,80813.64937132719,80813.42967030196,-0.027186128449422642,,,,,,,,,,,,
5m,1789919700,2026-09-20T15:55:00Z,2026-09-20T16:00:00Z,0x4c25aa8f9c3a59e16b5cd201c9027201e49ee8a3ba3a2ba2233a10f26c6c0b7a,up,up,down,,pastresults_outcome,80894.12503542365,80882.71442636373,-1.4105609096985376,,,,,,,,,,,,
5m,1789923000,2026-09-20T16:50:00Z,2026-09-20T16:55:00Z,0xacc4e96afe1a1329d186b6100b3b19ebc73ed68b137033105fdf73b92863afbf,down,down,up,,pastresults_outcome,81244.32568084713,81272.71131213187,3.493860161538204,,,,,,,,,,,,
5m,1789924800,2026-09-20T17:20:00Z,2026-09-20T17:25:00Z,0x0eaa507200c060dd9c1651b928c3809151f2e8ac843ea3dee359d70b194e5f8c,down,down,up,,pastresults_outcome,81218.05710103973,81231.2922146554,1.6295777180700384,,,,,,,,,,,,
5m,1789926000,2026-09-20T17:40:00Z,2026-09-20T17:45:00Z,0x5d32b5162ac5b5e936c7827bb079ff9bdbc1096890cba015939a7a6dcf0b0142,down,down,up,,pastresults_outcome,81338.27675070337,81372.02128647953,4.148666178358514,,,,,,,,,,,,
5m,1789926900,2026-09-20T17:55:00Z,2026-09-20T18:00:00Z,0x91afdf1c8959be2dc4afa6c53ccfc8e6927a6d6f04af0dbeffe78e14a0d178c2,down,down,up,,pastresults_outcome,81124.65161971762,81127.96081924629,0.4079154070428677,,,,,,,,,,,,
5m,1789937100,2026-09-20T20:45:00Z,2026-09-20T20:50:00Z,0x9c75df362b39a31f8fe5e894ee712c96d0f66ccce10e584ed9825704139d3ecb,down,down,up,down,pastresults_outcome,81119.62377875634,81125.42557707096,0.7152151408439105,100.0,81118.48,81119.6,81118.7,81130.34,81109.49,0.027120823763113432,1.4620589537674502,up,up,down,down
5m,1789941000,2026-09-20T21:50:00Z,2026-09-20T21:55:00Z,0x19eb40b1b89ddaae8b4490ff0f7f802480036d805c029762ecfa9686e802a7b0,down,down,up,,pastresults_outcome,80893.19071857426,80921.96082231458,3.5565544497320296,,,,,,,,,,,,
5m,1789941300,2026-09-20T21:55:00Z,2026-09-20T22:00:00Z,0x27b71c23d7333b34eebff4bb17de3771cf5600620a36b818052f8676581ed68a,up,up,down,up,pastresults_outcome,80921.96082231458,80912.56637135,-1.1609272525178598,99.0,80899.14,80922.51,80906.88,80883.51,80905.92,0.9567468826003884,-1.9320353714519904,up,down,up,down
5m,1789943400,2026-09-20T22:30:00Z,2026-09-20T22:35:00Z,0x81e926e68ac08e76251c6a9feac94b5779f8ac72182f7fec50581fb1962cae9b,up,up,down,up,pastresults_outcome,81145.42692455764,81130.99195821151,-1.7789007826100929,99.0,81126.72,81146.58,81130.36,81141.16,81131.19,0.44868077989587374,1.7799314455215653,up,up,up,down
5m,1789944600,2026-09-20T22:50:00Z,2026-09-20T22:55:00Z,0xf0d3d1c282bc80dd1abf7f257f1c92eeee21aa155a731c9b16e83b83e11ba45a,up,up,down,up,pastresults_outcome,81170.08785975998,81164.7630178496,-0.656010366722339,99.0,81158.1,81170.02,81171.93,81203.21,81184.61,1.7040812931780307,5.558286849987934,up,up,up,up
5m,1789947600,2026-09-20T23:40:00Z,2026-09-20T23:45:00Z,0xd9b98d716cd33468e528b6eaa383153c0eb7243dd077f0b4e23afa173baf1061,down,down,up,down,pastresults_outcome,81219.23780520032,81242.34466962572,2.8449989251090795,99.0,81250.09,81220.42,81243.42,81219.74,81241.09,-0.8209221675936917,-3.7353804777313195,down,down,down,up
5m,1789950000,2026-09-21T00:20:00Z,2026-09-21T00:25:00Z,0x2e80c06c5399d0c0c2ef3411b542708e52d4367f01f6002e48511cf74036f2dd,up,up,down,up,pastresults_outcome,81753.18009450637,81744.52814486754,-1.0583012952932085,99.0,81709.13,81744.64,81756.52,81750.58,81742.78,5.79984146202504,5.072872517428235,up,up,up,up
5m,1789950900,2026-09-21T00:35:00Z,2026-09-21T00:40:00Z,0x165939b5e766db67e16669e68f55b0936780491fb0c184da8ce29e33eb3ae58d,down,down,up,down,pastresults_outcome,81621.35478537391,81648.5590034462,3.332978010939994,99.0,81651.87,81626.57,81626.56,81669.9,81655.56,-3.0997452967087797,2.2081551837084485,down,up,up,down
5m,1789951200,2026-09-21T00:40:00Z,2026-09-21T00:45:00Z,0x690eaec9c2fe398001ed8c8a776ebdcaccb90dd250a3224df51bd9634972e3e4,down,down,up,down,pastresults_outcome,81648.5590034462,81667.44434095047,2.313003160715264,99.0,81627.43,81646.86,81565.18,81582.16,81542.56,-7.626112937771041,-5.545929842454862,down,down,down,down
5m,1789951500,2026-09-21T00:45:00Z,2026-09-21T00:50:00Z,0x1fb74d0a192c01f95ceb1265fe87b517e5ff1bf1361855a13f6488f56248d28c,up,up,down,up,pastresults_outcome,81667.44434095047,81653.93011547186,-1.654787362048297,99.0,81556.23,81662.23,81678.61,81746.57,81732.77,15.005597978229824,23.338499094429825,up,up,up,up
5m,1789953300,2026-09-21T01:15:00Z,2026-09-21T01:20:00Z,0x6af6a5601dba5424bcff13026621e3552ed4e15e96d1dc8c9461c1e271519aa0,down,down,up,down,pastresults_outcome,81772.93204432032,81800.61349110673,3.38516011281261,99.0,81758.03,81771.67,81748.94,81739.72,81709.68,-1.1118173957954354,-2.239535370409203,down,down,down,down
5m,1789959300,2026-09-21T02:55:00Z,2026-09-21T03:00:00Z,0x34733c4ed7ed98f4c013ffedbd99dbf5ae2d545fdf313805626211b657e29cb7,up,up,down,up,pastresults_outcome,81304.02496549953,81289.30615055835,-1.8103427164186647,99.0,81265.33,81303.26,81287.75,81311.99,81289.21,2.7588640813983347,5.741685907139427,up,up,up,down
5m,1789960800,2026-09-21T03:20:00Z,2026-09-21T03:25:00Z,0xa9fd801eaad41db224286346453291633dfa7723174fbb6d1d20ed4ef66761a0,up,up,down,up,pastresults_outcome,81381.74371766571,81379.80832083867,-0.23781707525937343,99.0,81380.85,81380.63,81414.41,81384.1,81414.16,4.123820284501535,0.3993568511511,up,up,up,up
5m,1789961100,2026-09-21T03:25:00Z,2026-09-21T03:30:00Z,0xe5dc8c7f373c7569d2f8df90b994aa0ec566a48bb336767ff1e1942824e1b869,down,down,up,down,pastresults_outcome,81379.80832083867,81417.27922199527,4.6044469666078065,99.0,81415.0,81414.79,81368.56,81418.83,81380.62,-5.704108579500378,0.47042928207354245,down,up,down,down
5m,1789962000,2026-09-21T03:40:00Z,2026-09-21T03:45:00Z,0xa60c3a26cfd0483d868fbb86eada564e40215b87fc1118240aa2ae2a46d530ae,down,down,up,down,pastresults_outcome,81440.107283619,81448.64173893046,1.0479425428227753,99.0,81457.82,81440.15,81429.27,81445.89,81434.79,-3.504881422066403,-1.4645616590288772,down,down,down,down
5m,1789969800,2026-09-21T05:50:00Z,2026-09-21T05:55:00Z,0x0526a8fab676a9e42d5b9e135a444f78535dd56027ac917c14be6482b488b7e9,up,up,down,up,pastresults_outcome,81557.8933717864,81547.22790130485,-1.3077177500067896,99.0,81550.9,81563.92,81569.1,81552.42,81573.28,2.2317350268374283,0.18638666158240738,up,up,up,up
5m,1789974000,2026-09-21T07:00:00Z,2026-09-21T07:05:00Z,0x979a840b36820821c178d5b555a6b9bca83932299eeada4cb21509caf547601c,down,down,up,down,pastresults_outcome,81622.264314095,81627.51480059036,0.643266459156478,100.0,81629.66,81622.87,81614.34,81619.95,81616.55,-1.8767688117293375,-1.1895186137007556,down,down,down,down
5m,1789975500,2026-09-21T07:25:00Z,2026-09-21T07:30:00Z,0xd491fdcc2b326091c2c74da41bbde960ea6af1a61d5a0688b51a05e22b5a292d,down,down,up,down,pastresults_outcome,81596.07763466772,81598.12905192644,0.2514112587510694,100.0,81605.26,81595.84,81599.01,81622.47,81622.35,-0.765882003194402,2.1089326839968896,down,up,up,up
5m,1789980600,2026-09-21T08:50:00Z,2026-09-21T08:55:00Z,0xeb6e450476382b53e80b0f9b6c6d8b9195dfea23fb397c51c475f746ac7811a4,down,down,up,down,pastresults_outcome,83750.18223113113,83782.97734684075,3.9158261911738914,99.0,83795.12,83756.77,83792.22,83775.96,83785.42,-0.34608220621847424,-2.286529334881189,down,down,down,up
5m,1789982400,2026-09-21T09:20:00Z,2026-09-21T09:25:00Z,0x1b77abf0a65f8e240c368a8353d8b5538e77040a65a8f6a07d9978bb31ecea5e,down,down,up,down,pastresults_outcome,83988.77772030671,83992.99168933573,0.5017300100560541,99.0,84003.81,83989.01,83948.23,83985.47,83930.21,-6.616366567183292,-2.183234308062516,down,down,down,down
5m,1789983600,2026-09-21T09:40:00Z,2026-09-21T09:45:00Z,0x99224aa4b021fd846699898414c2f5b37977fb18e67402d4a4ce192e09249e4c,down,down,up,down,pastresults_outcome,84885.05244723095,85009.36248463942,14.64451441386019,99.0,85007.38,84884.08,84996.99,84930.58,84992.43,-1.2222468213935562,-9.034509709627907,down,down,down,up
5m,1789991400,2026-09-21T11:50:00Z,2026-09-21T11:55:00Z,0xbdea7c0cf2d8f4a191618e4b0e86a0e47052a7ced563617441cdbd3b88ec2fc1,up,up,down,up,pastresults_outcome,84849.7751118721,84830.92628455196,-2.221435153516832,99.0,84824.59,84845.54,84835.81,84854.82,84838.17,1.3227296471460888,3.5638250653508,up,up,up,down
5m,1789991700,2026-09-21T11:55:00Z,2026-09-21T12:00:00Z,0x9b37cefa093da2a0e6564e3b02c9da89c894fee93a8a77b49666be71427f0465,down,down,up,,pastresults_outcome,84830.92628455196,84858.8822195092,3.2954885890881482,,,,,,,,,,,,
5m,1789992300,2026-09-21T12:05:00Z,2026-09-21T12:10:00Z,0x497acb89de8b3a9699ba84c9c5c0d2603c5380dd2635e8292025e74d73ad01df,up,up,down,up,pastresults_outcome,84953.34915095521,84933.66550097175,-2.316995172077858,99.0,84922.34,84950.25,85042.23,85029.55,85094.27,14.117604390081505,12.624475491373225,up,up,up,up
5m,1789992600,2026-09-21T12:10:00Z,2026-09-21T12:15:00Z,0x8354c867b9ef6c01e18d496cb0ac9901c9bd0a52c93e0c24dfcbdd035fda2e89,down,down,up,down,pastresults_outcome,84933.66550097175,84975.09142383562,4.877444370206226,99.0,85055.52,84941.25,85022.73,84993.54,85041.32,-3.8551289792841366,-7.28700500567282,down,down,down,up
5m,1789993200,2026-09-21T12:20:00Z,2026-09-21T12:25:00Z,0x3aefba29633410fbe44e0f841c7151f2ae96b74b6ced8ec0bfc944dd25427c6f,up,up,down,,pastresults_outcome,85223.47552788521,85211.84586745768,-1.3646076219599201,,,,,,,,,,,,
5m,1789994400,2026-09-21T12:40:00Z,2026-09-21T12:45:00Z,0x6f288598d005c269b630d49d0352cab28cda16a1d4ef3e767a1f55e1dc7c270d,down,down,up,down,pastresults_outcome,85255.76465567373,85264.3758742919,1.0100453210348106,99.0,85260.04,85255.43,85177.73,85195.97,85141.88,-9.653995001644109,-7.51465751130218,down,down,down,down
5m,1789994700,2026-09-21T12:45:00Z,2026-09-21T12:50:00Z,0x26fa27cabd47b3e869638e5be001e1fb21889d39454dbba559c63393cf27128b,up,up,down,up,pastresults_outcome,85264.3758742919,85252.51367148038,-1.3912261351692043,99.0,85172.57,85259.71,85245.94,85203.06,85229.76,8.614275699323779,3.5797910054834188,up,up,up,down
5m,1789995000,2026-09-21T12:50:00Z,2026-09-21T12:55:00Z,0x4bf5d422246fc8e7269ad1cfb7b69d8ac0ca64cabda4135fe2bfd88c674226b4,down,down,up,down,pastresults_outcome,85252.51367148038,85273.38429258546,2.44809451431528,99.0,85243.83,85267.33,85215.83,85225.69,85217.52,-3.2846952090256853,-2.1280132532758578,down,down,down,down
5m,1789998600,2026-09-21T13:50:00Z,2026-09-21T13:55:00Z,0x545b061eafd0ae4b229e7424d4aebf7eea6561cc6e5261dfa8fd895a3ece3405,up,up,down,up,pastresults_outcome,85414.23207664477,85375.02225295057,-4.590549225919678,99.0,85344.02,85398.26,85423.22,85589.75,85487.21,9.280087814002327,28.792878516854014,up,up,up,up
5m,1789998900,2026-09-21T13:55:00Z,2026-09-21T14:00:00Z,0x4c3d9ebb9538826e49b45d99864b5136d09e18cf082c2a57437a83422289ced0,down,down,up,down,pastresults_outcome,85375.02225295057,85427.79071814803,6.180784942124249,99.0,85429.69,85365.51,85407.31,85464.68,85424.27,-2.619698140073393,4.095765769487246,down,up,down,up
5m,1790003400,2026-09-21T15:10:00Z,2026-09-21T15:15:00Z,0x39cf076f83da603c094d2762bbe2cafd8184955b345913951736bee77dc71de6,up,up,down,up,pastresults_outcome,86291.78348463672,86280.56842813976,-1.2996667868105989,99.0,86226.38,86291.42,86242.26,86225.61,86243.88,1.8416637692536906,-0.08929981752731292,up,down,up,down
5m,1790005500,2026-09-21T15:45:00Z,2026-09-21T15:50:00Z,0x48aed9ba30e8d9cec07ed145e44b045712b8555746f6c0a53fec2a77b7d6bfea,up,up,down,up,pastresults_outcome,86114.89546280324,86066.8103227735,-5.583835383102771,99.0,86039.32,86093.61,86077.44,86104.11,86118.99,4.4305324588798864,7.530278017073309,up,up,up,down
5m,1790009400,2026-09-21T16:50:00Z,2026-09-21T16:55:00Z,0x0fb5fc36ad8ea0ded99be08cb2e427d1a282af8838bf91a103b9c6ebd131c771,down,down,up,down,pastresults_outcome,86009.42278494191,86015.27870938652,0.6808468485191408,99.0,85996.2,86010.6,85973.11,85961.99,85960.61,-2.685002360569014,-3.9780827524927673,down,down,down,down
5m,1790009700,2026-09-21T16:55:00Z,2026-09-21T17:00:00Z,0x23f1cbcab84658d96f0a2beae435201fca1052d793b849e4b6635562c1a40f5f,up,up,down,up,pastresults_outcome,86015.27870938652,85965.0845797439,-5.835489972916348,99.0,85970.58,86013.81,85977.73,86040.19,85990.78,0.8316798607144653,8.096955958654762,up,up,up,down
5m,1790013900,2026-09-21T18:05:00Z,2026-09-21T18:10:00Z,0x72400e7ae19f9efce731bc0cc589b40f3a218bdbfa064ef415d904b01054a66d,up,up,down,up,pastresults_outcome,85970.4637569102,85946.59078484567,-2.7768806891676503,0.0,85859.47,85859.66,85859.47,nan,nan,0.0,nan,up,down,down,down
5m,1790016000,2026-09-21T18:40:00Z,2026-09-21T18:45:00Z,0xbcc62c2848f206d0165f262e10a65c1b0f581fdaa865f26dda94f4420f208112,up,up,down,up,pastresults_outcome,85954.62826856825,85927.68430165804,-3.134673193632641,0.0,85859.47,85859.66,85859.47,nan,nan,0.0,nan,up,down,down,down
5m,1790020500,2026-09-21T19:55:00Z,2026-09-21T20:00:00Z,0x1578df9e98d9c27e97797b4d0b8d346ab8fafcc9f2ac509c20781d7d40204bed,up,up,down,up,pastresults_outcome,86500.65911632573,86490.81529323144,-1.1380055591306895,99.0,86488.59,86499.97,86561.48,86594.37,86595.29,8.427701272503045,12.230515030942097,up,up,up,up
5m,1790022000,2026-09-21T20:20:00Z,2026-09-21T20:25:00Z,0xf8671c3d7071c06cd82b323436482003cf7bc6d2b136e540f676454adc3184c3,up,up,down,up,pastresults_outcome,86985.66537281567,86970.59087066,-1.7329869342329558,99.0,86960.57,86981.06,86980.54,86960.69,86982.25,2.2964430890904475,0.0137993575703728,up,up,up,down
5m,1790026500,2026-09-21T21:35:00Z,2026-09-21T21:40:00Z,0xe457d50f627f747d11195fc2f1997ae7bbaad026afdb936c0f4bcfa7d6f88653,up,up,down,up,pastresults_outcome,86815.85519811226,86795.49902890148,-2.3447524837857747,99.0,86776.46,86815.87,86790.44,86785.57,86783.37,1.611035988330928,1.0498238808082954,up,up,up,down
5m,1790027700,2026-09-21T21:55:00Z,2026-09-21T22:00:00Z,0xfb7a378323c2a8786dee04a36b9ff1614a88b7dc58fbe5d0214a7d7074d6840a,up,up,down,up,pastresults_outcome,86578.98547307287,86566.17979482394,-1.4790746483062047,99.0,86578.9,86579.24,86588.32,86593.66,86602.67,1.0880249113828897,1.704803364331184,up,up,up,up
5m,1790030100,2026-09-21T22:35:00Z,2026-09-21T22:40:00Z,0xa8475f528efd9a97babf85fa153dc7b774126a2133bd58a4a2b9afa4664864d2,up,up,down,up,pastresults_outcome,86528.89734174,86483.73511031586,-5.219323579933569,99.0,86482.04,86525.26,86489.08,86511.71,86508.14,0.8140418519276545,3.4307701344710195,up,up,up,down
5m,1790031900,2026-09-21T23:05:00Z,2026-09-21T23:10:00Z,0xc7e7395c0ffb8bffbb6454c1fb009166d8f72c31523096ba00169d29ee72ec0d,up,up,down,up,pastresults_outcome,86545.65357623335,86531.37689728782,-1.6496124710594466,99.0,86542.87,86550.14,86543.07,86560.38,86556.13,0.023109933841071083,2.023274707669079,up,up,up,down
5m,1790033700,2026-09-21T23:35:00Z,2026-09-21T23:40:00Z,0x81bcd51ea50ca7b92d22f43b287f5ea8d371b40a3bde17c250bfb490b8b6612f,down,down,up,down,pastresults_outcome,86406.5478835729,86420.34444329924,1.59670303515992,99.0,86411.62,86409.61,86410.61,86392.21,86401.42,-0.11688242854314748,-2.2462256812207597,down,down,down,up
5m,1790046000,2026-09-22T03:00:00Z,2026-09-22T03:05:00Z,0xdbff39b39092e5b76a1f80adfeafff6beaaeb0e4bfb9313c7277750bc5ec9ac6,down,down,up,down,pastresults_outcome,85696.44609845527,85709.53092945716,1.526881404960355,99.0,85722.52,85695.39,85699.69,85686.36,85697.14,-2.6632441510120963,-4.218261432352139,down,down,down,up
5m,1790048400,2026-09-22T03:40:00Z,2026-09-22T03:45:00Z,0x1bb2cd509b7281755a71d99e5a7e6325554ab811e7f3ae73c9b33cc29108a623,down,down,up,down,pastresults_outcome,85462.66035716522,85470.16709821059,0.8783650092322041,99.0,85472.58,85464.01,85466.87,85446.32,85452.61,-0.6680505022787897,-3.0723303309663472,down,down,down,up
5m,1790050200,2026-09-22T04:10:00Z,2026-09-22T04:15:00Z,0xb9967089deed27a2a9ce766ecabcb8ff04e67e722240ac04fe601d3eea995363,up,up,down,up,pastresults_outcome,85603.46954527205,85601.96044031232,-0.17629016297369057,99.0,85608.85,85603.46,85609.61,85627.46,85627.53,0.08877586838215455,2.173840671846495,up,up,up,up
5m,1790057400,2026-09-22T06:10:00Z,2026-09-22T06:15:00Z,0x438c719c48f7dedd311795041f0b44a6b474e6ff2c75f02fbb7164fc7ecab435,down,down,up,down,pastresults_outcome,85312.57268749253,85336.51788921,2.806761179876266,99.0,85349.23,85315.14,85321.76,85287.52,85283.47,-3.2185410460060586,-7.2302937003640055,down,down,down,up
5m,1790059800,2026-09-22T06:50:00Z,2026-09-22T06:55:00Z,0xe92beade49a84b62153b7321fe4eaee87a2e01f6ee30148f044d7fbebc7ca91a,up,up,down,up,pastresults_outcome,85435.08480795333,85432.5803385098,-0.29314296921040467,99.0,85437.97,85434.66,85444.34,85448.94,85460.92,0.7455701487284101,1.2839724539336743,up,up,up,up
5m,1790063700,2026-09-22T07:55:00Z,2026-09-22T08:00:00Z,0x9fb790b2b2b7a57ad376fe4cf050e1b8128108e5286dda90bf150d2007e63d2b,down,down,up,down,pastresults_outcome,85302.18312090372,85325.62729608142,2.748367546991864,99.0,85302.04,85302.01,85299.31,85285.08,85289.09,-0.32003923938934237,-1.9882291208969742,down,down,down,down
5m,1790064600,2026-09-22T08:10:00Z,2026-09-22T08:15:00Z,0xc2dae177c27c87bdc7d5cfe9667d09677b669a0e14f33466e3f6d191e524488c,up,up,down,up,pastresults_outcome,85479.05754383048,85464.0578408518,-1.7547810434133762,99.0,85461.38,85479.31,85482.2,85481.01,85491.0,2.436188135505468,2.2969439529282236,up,up,up,up
5m,1790064900,2026-09-22T08:15:00Z,2026-09-22T08:20:00Z,0x78f2b3cef92c56608123914fcbca1420fa60d6a3a66fdea7d2ba1ef8c64fd65e,down,down,up,down,pastresults_outcome,85464.0578408518,85489.88591213977,3.022097468863491,99.0,85484.08,85464.76,85472.05,85457.32,85458.4,-1.4072795776709341,-3.1304074396068553,down,down,down,up
5m,1790072100,2026-09-22T10:15:00Z,2026-09-22T10:20:00Z,0x4dff23e6c9d54c9a08801df7700753165ee4f01129b74d01d11b6d6a715eeb5f,up,up,down,up,pastresults_outcome,86015.55334042436,86006.22210762135,-1.0848308754214333,99.0,86005.19,86017.85,86011.47,86036.31,86024.68,0.7301884921129568,3.61838628575733,up,up,up,down
5m,1790079000,2026-09-22T12:10:00Z,2026-09-22T12:15:00Z,0x23317cf74c0852ac66bf532c8e960fccf0291de4b357851e2e7653b9fae84c1d,up,up,down,up,pastresults_outcome,85924.80361204248,85901.859307575,-2.6702772078572194,99.0,85948.55,85925.64,85948.76,85957.71,85970.62,0.024433221967310785,1.0657538725206523,up,up,up,up
5m,1790081100,2026-09-22T12:45:00Z,2026-09-22T12:50:00Z,0x7f4a03b570c460ba36aa93cfacde3e92e373e75d21693800a3437aa90550b97b,down,down,up,down,pastresults_outcome,85961.08441291132,85991.34141800822,3.5198491623901402,99.0,85984.83,85960.98,85961.76,85970.63,85960.79,-2.683031413797874,-1.6514540995193094,down,down,down,up
5m,1790086800,2026-09-22T14:20:00Z,2026-09-22T14:25:00Z,0x3dd0a3c64e7788fc5a95a0e80aadbac1bef5d58a738d9c9ac7b036d56d5647d5,down,down,up,down,pastresults_outcome,86108.85198146242,86133.40034841307,2.850852889774332,99.0,86135.51,86110.63,86124.56,86121.54,86132.52,-1.2712527040238213,-1.621863038832784,down,down,down,up
5m,1790089200,2026-09-22T15:00:00Z,2026-09-22T15:05:00Z,0xe28bc749045a7b887bbad27584c5c6b8a3038827e9d7b550b2f3b5792187078f,up,up,down,up,pastresults_outcome,86245.45351544338,86239.52060840935,-0.6879095409904069,99.0,86212.88,86246.33,86217.16,86221.42,86200.73,0.4964455427076367,0.990571246430185,up,up,down,down
5m,1790090700,2026-09-22T15:25:00Z,2026-09-22T15:30:00Z,0x75dae25395622346aa6a67ad4537b7d5ec83be70085c97cca0f53461b6e4ab80,down,down,up,down,pastresults_outcome,86239.76279744894,86279.623,4.6220213574429945,99.0,86294.44,86252.92,86290.15,86284.04,86292.83,-0.4971351572602069,-1.2051761388113453,down,down,down,up
5m,1790092800,2026-09-22T16:00:00Z,2026-09-22T16:05:00Z,0x7e09b51d53c16c7ae2b1232553dcc4a7113a8f906c89f81848fa4ad81be8f2eb,up,up,down,up,pastresults_outcome,86408.73925715212,86403.43913680043,-0.6133778130840939,99.0,86406.05,86409.1,86429.69,86432.83,86453.76,2.735919533412234,3.099320012892481,up,up,up,up
5m,1790098200,2026-09-22T17:30:00Z,2026-09-22T17:35:00Z,0x7d3b101c2636039ae7e63f238508b1ee192ea4552e3b9c929310e001d81436a0,up,up,down,up,pastresults_outcome,86582.13909727668,86576.21415920538,-0.6843141244921284,99.0,86559.15,86581.7,86592.5,86591.08,86601.37,3.8528566881728645,3.6888070180919716,up,up,up,up
5m,1790098800,2026-09-22T17:40:00Z,2026-09-22T17:45:00Z,0xc34da99a10238449199a74da711f07e24c09098ad0dacab707848cebcbc2d8f8,down,down,up,down,pastresults_outcome,86455.97661179816,86475.24956078739,2.229221130166792,99.0,86494.06,86452.61,86465.55,86492.58,86493.07,-3.2961801076275945,-0.17111001610930573,down,down,down,up
5m,1790102400,2026-09-22T18:40:00Z,2026-09-22T18:45:00Z,0x88e58f59cbe14fff215b56c8dcd88b41c62ee9db1ad2908ae50f000a060b61ff,up,up,down,up,pastresults_outcome,86417.87212231649,86408.42512339703,-1.0931765255792056,99.0,86403.1,86417.76,86415.4,86426.7,86421.48,1.423560034302977,2.731383480452816,up,up,up,down
5m,1790103000,2026-09-22T18:50:00Z,2026-09-22T18:55:00Z,0x95691b770fba1f5fb0ccce845d4f4c2c01a8719b76e125cdb6a73506b9f54aea,down,down,up,down,pastresults_outcome,86499.53078848426,86524.77125222,2.9179885145804447,99.0,86530.08,86499.07,86521.0,86494.63,86508.84,-1.0493460771100347,-4.096841237174066,down,down,down,up
5m,1790103600,2026-09-22T19:00:00Z,2026-09-22T19:05:00Z,0xf76e0a53da937bf3cb7e697601e28dd81bfb64e30fbe4eba45917b75982dd8b9,down,down,up,down,pastresults_outcome,86461.5633878146,86475.78341315384,1.6446643782572048,99.0,86499.21,86461.57,86441.68,86478.55,86430.11,-6.6509277946022145,-2.3884611200499393,down,down,down,down
5m,1790110500,2026-09-22T20:55:00Z,2026-09-22T21:00:00Z,0xe69c9500e84aed2cb686bb03f388232598383eb2e4221c3e0062923ef5696bae,down,down,up,down,pastresults_outcome,86220.9309385572,86264.19340040715,5.017628710223935,99.0,86233.95,86220.95,86220.47,86237.23,86228.02,-1.5631894398895012,0.3803606352253186,down,up,down,down
5m,1790118900,2026-09-22T23:15:00Z,2026-09-22T23:20:00Z,0xac0d11519f361aed313859984da1281f69bf6558478b09f708dc9d3332eacc12,up,up,down,up,pastresults_outcome,86382.96725817758,86356.44826078972,-3.0699336026047686,99.0,86374.08,86382.71,86377.44,86403.72,86386.04,0.3890055905661261,3.4315850310648077,up,up,up,down
5m,1790120400,2026-09-22T23:40:00Z,2026-09-22T23:45:00Z,0x2976fbbafc9f935e740c2dc9e751ac1cd33e71ebb39fab7143cc94cde8fbea9b,down,down,up,down,pastresults_outcome,86118.86560885592,86136.7306309723,2.0744609198088675,99.0,86127.93,86118.86,86125.39,86119.18,86122.39,-0.29491014122754344,-1.0159306046250038,down,down,down,up
5m,1790120700,2026-09-22T23:45:00Z,2026-09-22T23:50:00Z,0x5cf66fa108234696433f9675dd1c599dbaad6fd5227a79711ea85c5b5a6b5e81,up,up,down,up,pastresults_outcome,86136.7306309723,86133.98381057064,-0.31889071961997406,99.0,86124.18,86137.1,86140.85,86176.82,86175.65,1.9355772095609858,6.112104637746795,up,up,up,up
5m,1790121600,2026-09-23T00:00:00Z,2026-09-23T00:05:00Z,0x68570f8b6245578d237b9eabbfe33fef8c4296fe59a1cb1f516200e812192926,up,up,down,up,pastresults_outcome,86194.54184627213,86178.2622199844,-1.8887073286796228,99.0,86185.79,86193.71,86216.03,86182.68,86228.07,3.5086990558426443,-0.3608483486663616,up,down,up,up
5m,1790121900,2026-09-23T00:05:00Z,2026-09-23T00:10:00Z,0x2baec8d8bc1a55e87671aaf2dea30e5c64f3fe7a60e124189520438382d95a1b,down,down,up,down,pastresults_outcome,86178.2622199844,86223.67767570892,5.26994331918525,99.0,86218.38,86187.96,86204.17,86178.19,86188.29,-1.6481404545070786,-4.661419061689901,down,down,down,up
5m,1790122800,2026-09-23T00:20:00Z,2026-09-23T00:25:00Z,0x42d43d41ecc197eb867244156d4fe721a725e34dce8e7e00c1a4b30f8fc1e2b2,up,up,down,up,pastresults_outcome,86505.14955098358,86499.75036416049,-0.6241462908416749,99.0,86436.55,86509.49,86494.18,86464.92,86477.77,6.667318397135251,3.282176347852308,up,up,up,down
5m,1790126100,2026-09-23T01:15:00Z,2026-09-23T01:20:00Z,0x6d07f961f4e108b2e6fa77c50d6a7b313d53b6db7ca0e67e4db7f58ca2399d9b,down,down,up,down,pastresults_outcome,86706.13418851567,86711.03416441573,0.5651244800517309,99.0,86721.75,86694.16,86680.15,86673.04,86665.28,-4.796951168536823,-5.616814697582371,down,down,down,down
5m,1790131500,2026-09-23T02:45:00Z,2026-09-23T02:50:00Z,0x19b1b427feeecbfdbd34481e4063ea9dcbe4fcec0ee47692578fad9568b3bada,up,up,down,up,pastresults_outcome,86469.26392073091,86465.18047899916,-0.47224199057554683,99.0,86462.01,86467.33,86467.86,86481.35,86473.71,0.6765977335023581,2.2368205411846267,up,up,up,up
5m,1790164500,2026-09-23T11:55:00Z,2026-09-23T12:00:00Z,0x0edea2d62b60b568460cd6542ec650216fc9c6f9881a88ff30f6f1ba7f70c78e,up,up,down,up,pastresults_outcome,85632.66902247268,85632.32421652814,-0.04026570098449917,99.0,85623.83,85633.04,85631.63,85638.84,85633.66,0.9109613526985315,1.753016654358344,up,up,up,down
5m,1790166900,2026-09-23T12:35:00Z,2026-09-23T12:40:00Z,0x2ea3ef549fc01043b495fa4a235177e40a8920deec3fb8abfb28ebd26a8d87f6,up,up,down,up,pastresults_outcome,85488.0982559223,85480.50666464314,-0.8880290279052964,99.0,85489.9,85486.44,85491.99,85487.48,85501.15,0.24447332375064884,-0.28307437486747017,up,down,up,up
5m,1790171400,2026-09-23T13:50:00Z,2026-09-23T13:55:00Z,0x1ce0f64c69b5b95cc2e409308f7b47503dc76f59ed4ace22f17be9e185b0fbfa,down,down,up,down,pastresults_outcome,85662.69987900193,85675.84879681678,1.5349642065240106,99.0,85630.35,85663.67,85622.59,85634.4,85642.4,-0.9062207500038612,0.47296314916245913,down,up,up,down
5m,1790174100,2026-09-23T14:35:00Z,2026-09-23T14:40:00Z,0x881d1654a2121ad70533ab11c5c906f44591195fd7b278319e62cf28bf037caf,up,up,down,up,pastresults_outcome,84412.45731683295,84401.20312098067,-1.3332387434281792,99.0,84295.37,84415.91,84358.57,84382.85,84330.68,7.497446182395504,10.377794177783487,up,up,up,down
5m,1790174700,2026-09-23T14:45:00Z,2026-09-23T14:50:00Z,0x5b1ce18543122dd3272a1cda760224567236e83e5d51a88008448dfe29cb7305,down,down,up,down,pastresults_outcome,84290.16489457146,84302.90976474823,1.5120234006793911,99.0,84333.06,84296.63,84284.8,84268.96,84270.19,-5.72254819165755,-7.600815148886008,down,down,down,down
5m,1790175300,2026-09-23T14:55:00Z,2026-09-23T15:00:00Z,0xcc719fadd13918ec1eac3d258186caa07a1446f44e76521cdc9fb80cb14df321,up,up,down,up,pastresults_outcome,84539.62109987078,84515.01180884808,-2.9109772083825045,99.0,84491.35,84553.25,84502.4,84495.63,84509.39,1.3078261857560989,0.506560730772894,up,up,up,down
5m,1790180700,2026-09-23T16:25:00Z,2026-09-23T16:30:00Z,0x8665cbbce1c92591edf0e25203207367cfc777497fb77fa4ef4685c28e8a937c,down,down,up,down,pastresults_outcome,84210.41942383331,84226.9231252822,1.959817034733919,99.0,84220.26,84210.75,84195.64,84215.5,84190.73,-2.9232871045512496,-0.565184671716136,down,down,down,down
5m,1790184300,2026-09-23T17:25:00Z,2026-09-23T17:30:00Z,0xddbcab216fea9a436edfc952f655205c64650a6c5d84e70087cd408211147a3f,down,down,up,down,pastresults_outcome,84033.01652076501,84050.45174415362,2.0748063214288743,99.0,84119.02,84033.09,84048.66,84067.8,84055.45,-8.36433900442499,-6.088991526530048,down,down,down,up
5m,1790184900,2026-09-23T17:35:00Z,2026-09-23T17:40:00Z,0x7f74765a0e3eec35952a906e497eb45a68e3fea8289b9e381e6ac2987679d279,down,down,up,down,pastresults_outcome,83993.68188682632,84011.6965940616,2.144769324382979,99.0,84024.76,83997.16,84008.85,84007.85,84018.29,-1.8934894904774426,-2.0125020291624685,down,down,down,up
5m,1790188500,2026-09-23T18:35:00Z,2026-09-23T18:40:00Z,0x475f1f932028f772586e153a687c05b1cb094738879261e67822cf5579cb2b55,down,down,up,down,pastresults_outcome,84126.35279748903,84139.59266458492,1.5738073333293123,99.0,84158.36,84166.43,84130.68,84134.06,84132.23,-3.2890374764916483,-2.887413680590129,down,down,down,down
5m,1790193300,2026-09-23T19:55:00Z,2026-09-23T20:00:00Z,0xca2bdf0f183966037ebbd887759a37e2564d7fe9b78c4632c804e6cf445568cf,down,down,up,down,pastresults_outcome,84491.48363882687,84505.04906699249,1.6055379289591794,99.0,84499.9,84489.52,84470.51,84491.47,84483.21,-3.4781106249829197,-0.9976343167261754,down,down,down,down
5m,1790194500,2026-09-23T20:15:00Z,2026-09-23T20:20:00Z,0xf0c907efc7c73ebfbc9838e8d88be6edaf2225840c810368e0fb92fbe78d53f9,down,down,up,down,pastresults_outcome,84333.60936873531,84350.95500307756,2.0567878538677244,99.0,84367.32,84333.8,84358.46,84361.23,84364.17,-1.050169662850566,-0.7218434815768782,down,down,down,up
5m,1790195100,2026-09-23T20:25:00Z,2026-09-23T20:30:00Z,0xca5bef995e7d0a558a056b76d1da1ea057ea99afc541161b52910d294c8d7bf9,down,down,up,down,pastresults_outcome,84277.86905706904,84293.6230467535,1.8692914119364343,99.0,84296.35,84276.76,84273.2,84264.27,84270.14,-2.746263628260148,-3.8056214770867,down,down,down,down
5m,1790199600,2026-09-23T21:40:00Z,2026-09-23T21:45:00Z,0xb44c4534e2b73cd59fb5ccee736986a819976b4bfc307444bc969fc023c61a93,up,up,down,up,pastresults_outcome,84487.48782410567,84486.24826813521,-0.14671473875997937,99.0,84486.8,84487.49,84492.4,84486.41,84492.48,0.6628254354516053,-0.0461610571118113,up,down,up,up
5m,1790204400,2026-09-23T23:00:00Z,2026-09-23T23:05:00Z,0x0a5c7346872ff8b9e04222c0847b3c94a18ef2c215ab69f5eb316360171788f5,down,down,up,down,pastresults_outcome,84551.25467749378,84553.1605075527,0.22540529601760495,99.0,84550.19,84551.95,84548.13,84507.55,84520.65,-0.24364226739143596,-5.043158389117685,down,down,down,down
5m,1790212800,2026-09-24T01:20:00Z,2026-09-24T01:25:00Z,0x067b5a2259cbe594c5bdc9bc0d65833522734e99d15a20d85cc21f64737a83b4,up,up,down,up,pastresults_outcome,84308.8597813976,84303.18868169477,-0.6726576207449715,99.0,84270.36,84308.24,84291.57,84261.66,84252.6,2.5168991802107414,-1.032391460057497,up,down,down,down
5m,1790218500,2026-09-24T02:55:00Z,2026-09-24T03:00:00Z,0x2c9f67868079ad1ce4add70b80f0d4e30ef72521c7b554bf497d3c8fb4ab2b6f,up,up,down,up,pastresults_outcome,84352.23513650073,84346.22487615129,-0.7125193943846562,99.0,84344.16,84350.77,84348.83,84345.52,84348.06,0.5536838590838125,0.1612441217033381,up,up,up,down
5m,1790220300,2026-09-24T03:25:00Z,2026-09-24T03:30:00Z,0x31819b5f017c798d7aef88deb31910fb9f3cf192d9e39442c4fda986de9c684e,down,down,up,down,pastresults_outcome,84029.5256004788,84038.7456692,1.0972415535272302,99.0,84068.32,84032.88,84024.05,84030.64,84018.8,-5.26595511840894,-4.482068869701163,down,down,down,down
5m,1790222100,2026-09-24T03:55:00Z,2026-09-24T04:00:00Z,0xc5cfdb014b55de21cd346ed0182016d3d7f7ae3fefaa2079bac2ca81adb66656,down,down,up,down,pastresults_outcome,83898.14999833691,83918.3535051056,2.4080991975486463,99.0,83897.82,83896.68,83898.53,83865.93,83876.41,0.08462675192178425,-3.8010522800251505,up,down,down,up
5m,1790223300,2026-09-24T04:15:00Z,2026-09-24T04:20:00Z,0x389f37a01cbe01e85b9a551ca2673d0ddad1a322a4dad98ef69af69c3bd63aef,down,down,up,down,pastresults_outcome,83807.07186188822,83820.79928684232,1.6379793076073244,100.0,83809.92,83805.84,83797.4,83823.01,83789.74,-1.4938565744966796,1.5618676166253957,down,up,down,down
5m,1790230200,2026-09-24T06:10:00Z,2026-09-24T06:15:00Z,0x0c37c3670029fcdb18ef269a2ff0d48dd762cba32ba439aee78af63be697885a,up,up,down,up,pastresults_outcome,84116.36506545809,84110.00741655564,-0.7558159339736444,99.0,84097.19,84122.95,84114.08,84129.1,84128.5,2.008390530052124,3.7944192903476908,up,up,up,down
5m,1790231400,2026-09-24T06:30:00Z,2026-09-24T06:35:00Z,0xa0d1ddd0442d64ca84812f55e578fa6b4f77657fac897547a5cecce6f37526a0,down,down,up,down,pastresults_outcome,84174.07681530305,84174.46997365697,0.046707771418275555,99.0,84164.12,84179.1,84161.19,84182.03,84158.88,-0.34812934537817486,2.1279851794331712,down,up,down,down
5m,1790231700,2026-09-24T06:35:00Z,2026-09-24T06:40:00Z,0x5f64831d149a714e63fb14da0afa75b8f175890f6f5bf2901478971f2940db36,up,up,down,up,pastresults_outcome,84174.46997365697,84172.03556675618,-0.2892096500940048,99.0,84160.75,84174.47,84172.01,84172.34,84171.6,1.337915833686696,1.3771265108731217,up,up,up,down
5m,1790232900,2026-09-24T06:55:00Z,2026-09-24T07:00:00Z,0xa2b28330fb0cec4cfc4d09167694822e5f368781acb097266222ee0e394ae582,up,up,down,up,pastresults_outcome,84097.10123618311,84095.90361504594,-0.1424093244072979,99.0,84097.14,84097.06,84105.41,84117.61,84120.51,0.9833865931711916,2.434089910786641,up,up,up,up
5m,1790233800,2026-09-24T07:10:00Z,2026-09-24T07:15:00Z,0x010bec8a728bfdb75cfe3cdc327fb59629c3e377d2b57bab4f9e070a1c8f8acc,down,down,up,down,pastresults_outcome,84059.3973131494,84071.19341292714,1.4033053001553735,99.0,84062.52,84058.82,84047.03,84045.87,84043.88,-1.842676141520054,-1.9806686737452945,down,down,down,down
5m,1790234400,2026-09-24T07:20:00Z,2026-09-24T07:25:00Z,0x47a202b300d6a42e20ae6c6bdb698d6a630eb52a1cad354c64f67870bd86b9e1,up,up,down,up,pastresults_outcome,84168.86002244861,84167.15942028916,-0.20204647645263132,99.0,84149.7,84168.53,84159.46,84163.44,84155.83,1.1598377653169665,1.632804395025204,up,up,up,down
5m,1790238900,2026-09-24T08:35:00Z,2026-09-24T08:40:00Z,0xeba83be1c47400ceeb55782419671dbb36bd3359d9b50c37d339b49db737c230,down,down,up,down,pastresults_outcome,83760.33465623368,83805.69253580028,5.415197987538195,99.0,83853.62,83759.62,83814.46,83786.42,83818.9,-4.670042867557649,-8.013965288558454,down,down,down,up
5m,1790239800,2026-09-24T08:50:00Z,2026-09-24T08:55:00Z,0x5cc7575cf9cb9ab523528acfe0b6f1d3200d3971464caf87db021026f529b677,down,down,up,down,pastresults_outcome,83304.409,83485.02078632893,21.680939640172646,99.0,83535.39,83318.76,83465.98,83434.21,83449.32,-8.309053204875621,-12.112231714006844,down,down,down,up
5m,1790241300,2026-09-24T09:15:00Z,2026-09-24T09:20:00Z,0xb4a889ac565cd66d49c0c52588faedd67f833f5f24eb116bfdc990383ba5680c,down,down,up,down,pastresults_outcome,83438.29431312,83469.524172315,3.742868841229913,99.0,83467.06,83438.13,83398.26,83403.6,83382.36,-8.242772657860828,-7.602999314938355,down,down,down,down
5m,1790247000,2026-09-24T10:50:00Z,2026-09-24T10:55:00Z,0xe8268b536d97f5d91f51807dc7458b97e912298fb453b4cb9698a41b26375d67,up,up,down,up,pastresults_outcome,83504.79482991005,83467.261922715,-4.494700845802318,99.0,83449.17,83512.3,83482.43,83493.1,83488.72,3.9856597734878325,5.2642824368424,up,up,up,down
5m,1790250600,2026-09-24T11:50:00Z,2026-09-24T11:55:00Z,0x2d98d30ce5c2a879d033dfc04039b0b23fe8d0865cc4d3323dc93b56622d9fe9,up,up,down,up,pastresults_outcome,83409.63663087472,83406.78592091383,-0.3417722551068626,99.0,83409.49,83409.69,83413.3,83420.47,83399.33,0.45678255555784736,1.3163969711355297,up,up,down,up
5m,1790251800,2026-09-24T12:10:00Z,2026-09-24T12:15:00Z,0xc086aacdfe78672dbd73ecd396e06ced631fadd751a30baee9c555ba6ae3791d,down,down,up,down,pastresults_outcome,83508.4865227215,83509.41594321864,0.11129653234519928,99.0,83501.7,83508.4,83501.28,83527.13,83504.22,-0.05029837715857926,3.045446978924689,down,up,up,down
5m,1790252100,2026-09-24T12:15:00Z,2026-09-24T12:20:00Z,0xf4f96eafc352876fe681d1c10ffa70b30b25d59a07dddc85dd4bc854d7675619,up,up,down,up,pastresults_outcome,83509.41594321864,83502.50169936915,-0.8279597900900668,99.0,83500.97,83510.28,83508.94,83531.19,83523.1,0.9544799299937671,3.6191196341792393,up,up,up,down
5m,1790254200,2026-09-24T12:50:00Z,2026-09-24T12:55:00Z,0xe0a2eff8f75c51035a13954c39867ada9f1480f40aecaec5848fa4123e5bd1d3,down,down,up,down,pastresults_outcome,83428.16793167703,83454.11719361626,3.110371782402895,99.0,83448.78,83427.15,83428.12,83425.52,83418.94,-2.475770167041806,-2.7873385326897244,down,down,down,up
5m,1790265300,2026-09-24T15:55:00Z,2026-09-24T16:00:00Z,0xbcdb90e0418b00545cb4a018cfc6117534550abd1fc1c6d14a7b6b090018ace7,up,up,down,up,pastresults_outcome,84397.04022679757,84391.66693693935,-0.6366680447305253,99.0,84365.98,84395.51,84386.68,84395.56,84385.57,2.453595631793419,3.5061525984765125,up,up,up,down
5m,1790269800,2026-09-24T17:10:00Z,2026-09-24T17:15:00Z,0x3d3864a9b55ea007969fac6508f1321b0d3c328c5e48ed0d9c7c63c2cb644d09,down,down,up,down,pastresults_outcome,84446.36114840387,84449.60760838534,0.3844404823749607,99.0,84450.31,84461.55,84440.57,84401.31,84404.19,-1.1533409409616955,-5.802228553098265,down,down,down,down
5m,1790271000,2026-09-24T17:30:00Z,2026-09-24T17:35:00Z,0xd2a240befe4552a3c949a97ec29773257eadae5cbf70691d615c21d1a5e2eb63,up,up,down,up,pastresults_outcome,84301.48016891,84273.40585206372,-3.3302282225684126,99.0,84304.24,84301.13,84311.79,84348.79,84337.54,0.8955658695207214,5.284431720158838,up,up,up,up
5m,1790277300,2026-09-24T19:15:00Z,2026-09-24T19:20:00Z,0x1ae36d6aae8225842939dfdc6248112c7b0bae1bfca79db864473c4e83fb515a,down,down,up,down,pastresults_outcome,84555.6619103507,84582.78800982187,3.2080760599967415,99.0,84578.88,84555.85,84547.71,84554.16,84557.11,-3.6853171855666864,-2.9227154580435637,down,down,down,down
5m,1790280000,2026-09-24T20:00:00Z,2026-09-24T20:05:00Z,0xa17b5f6874cbe29f29151d813fc63c32958f1a80aa60d1755cf12139769d12d6,up,up,down,up,pastresults_outcome,84386.59249238079,84366.99015707828,-2.3229205876843904,99.0,84350.98,84380.88,84393.35,84346.63,84369.36,5.023059601679779,-0.5157023664682104,up,down,up,up
5m,1790280300,2026-09-24T20:05:00Z,2026-09-24T20:10:00Z,0xc37a75c3ae2a77c26eea8e3990cf73981442ef28c771f9e966d8edc664d5b0c4,down,down,up,down,pastresults_outcome,84366.99015707828,84381.37309145385,1.7048059138752514,99.0,84392.53,84365.32,84384.42,84348.97,84383.1,-0.9609855279845956,-5.161594278545468,down,down,down,up
5m,1790283300,2026-09-24T20:55:00Z,2026-09-24T21:00:00Z,0x631348b3aff987bda321a5882a84debe6b86322dea7798d6038da277151ba7ba,down,down,up,down,pastresults_outcome,84341.800846985,84349.41410978849,0.9026678025638925,99.0,84374.25,84342.04,84342.14,84309.47,84329.82,-3.8056634577493234,-7.677697875832833,down,down,down,up
5m,1790287800,2026-09-24T22:10:00Z,2026-09-24T22:15:00Z,0x144a3652c5606d0923c849a97cddabd6c3276ca4ba3c0fedd301d2c36566a372,up,up,down,up,pastresults_outcome,84315.03910845723,84311.20985403554,-0.45416030902515925,100.0,84312.96,84314.35,84314.41,84314.11,84312.94,0.17197830558873625,0.13639658719065006,up,up,down,up
5m,1790288700,2026-09-24T22:25:00Z,2026-09-24T22:30:00Z,0xf628b8ee41f5ea82ac6da214aa28659e669c285cb881f611f424f0a42f4295a9,up,up,down,up,pastresults_outcome,84133.33776782542,84111.29031904688,-2.620536562971238,99.0,84066.99,84133.19,84116.49,84131.16,84127.78,5.888161334193123,7.6331982386901505,up,up,up,down
5m,1790292900,2026-09-24T23:35:00Z,2026-09-24T23:40:00Z,0x166f7cb5781032e051aae5688f22730ad863d7aa43d17c5df01cea965e82f01d,up,up,down,up,pastresults_outcome,84412.97922003831,84411.21936995014,-0.20848098295226172,99.0,84413.48,84412.39,84429.88,84428.2,84439.17,1.9428176637201466,1.7437973176797312,up,up,up,up
5m,1790293800,2026-09-24T23:50:00Z,2026-09-24T23:55:00Z,0xba429e4d311c6c986e9e8ae1032a70fbc76a69af8375c3f3a42873fdcc8c97b3,up,up,down,up,pastresults_outcome,84381.44022505266,84353.33160661787,-3.3311375534509633,98.0,84373.81,84381.32,84377.57,84388.23,84385.32,0.44563591474763475,1.7090611411287762,up,up,up,down
5m,1790296500,2026-09-25T00:35:00Z,2026-09-25T00:40:00Z,0xa019808cd385ea39574eee28278c8d77dc3e3fce84fd2fa9a3b4419c38e90158,down,down,up,down,pastresults_outcome,84553.9643273221,84581.1663871921,3.2171241273443005,99.0,84577.65,84551.45,84574.59,84568.55,84575.48,-0.36179770896893826,-1.0759343632734262,down,down,down,up
5m,1790296800,2026-09-25T00:40:00Z,2026-09-25T00:45:00Z,0x28dc110d3aad0e4e20813170e6b1e981e6660dd96c579d174732a6ab3782a507,up,up,down,up,pastresults_outcome,84581.1663871921,84571.58436166952,-1.1328793314010652,99.0,84574.62,84581.19,84585.58,84612.68,84595.9,1.2958970433454389,4.500168017307991,up,up,up,up
5m,1790298600,2026-09-25T01:10:00Z,2026-09-25T01:15:00Z,0xade455539ae9db93168fb5119f7e6d451b89002893e4d93eefc7be429eda12d8,up,up,down,up,pastresults_outcome,84698.74015091169,84677.71239413525,-2.482652839815122,99.0,84699.18,84698.98,84703.44,84722.14,84703.96,0.5029564630979089,2.710770045236141,up,up,up,up
5m,1790301000,2026-09-25T01:50:00Z,2026-09-25T01:55:00Z,0x42d25382a1a709eb7cb557e02bd54e18cb014c0a4baaa595427fd5f8602e7eda,up,up,down,up,pastresults_outcome,84528.74950817281,84519.69283128146,-1.071431547733973,99.0,84522.29,84529.64,84524.61,84556.33,84538.16,0.27448380776325215,4.027340006997935,up,up,up,down
5m,1790306400,2026-09-25T03:20:00Z,2026-09-25T03:25:00Z,0x29a1dc0eed14cfbe0bf9254755a37d7652f823010a68e6bfb323f109dd455922,up,up,down,up,pastresults_outcome,84206.22428779589,84202.61674446656,-0.42841765675186244,99.0,84196.46,84206.24,84207.26,84216.5,84211.84,1.282714261382053,2.3801475738996145,up,up,up,up
5m,1790312700,2026-09-25T05:05:00Z,2026-09-25T05:10:00Z,0x5e671fde12f7ef2aa8188c0245ddb0995aaeb485b7a4294ba4e738eba490d69c,down,down,up,down,pastresults_outcome,84207.05192591314,84207.29617048218,0.029005239282611228,99.0,84223.8,84207.13,84188.26,84179.79,84168.02,-4.219709868232988,-5.225363852023931,down,down,down,down
5m,1790316000,2026-09-25T06:00:00Z,2026-09-25T06:05:00Z,0x36f25363ac71b633ddc1a4e7a5c94a7ceedb573af44e729590400e3104d77fb0,down,down,up,down,pastresults_outcome,84177.55571939408,84180.12952739027,0.3057594122557083,99.0,84182.83,84177.57,84181.01,84174.22,84178.62,-0.21619610554871876,-1.0227738839381595,down,down,down,up
5m,1790316600,2026-09-25T06:10:00Z,2026-09-25T06:15:00Z,0xbfe91b3ffabebc4a3c02ce2cf88bbda820ac0d3b94237db8a29d4d1faf199d2b,down,down,up,down,pastresults_outcome,84064.058,84100.61644107601,4.3488789318266905,99.0,84180.93,84090.27,84040.06,84032.24,84002.67,-16.734193837012178,-17.663145322816913,down,down,down,down
5m,1790318700,2026-09-25T06:45:00Z,2026-09-25T06:50:00Z,0xda2403742bfd52125fa131c9f100f6c6c4844536c80abee01973c4fa042d0e29,up,up,down,up,pastresults_outcome,84017.33849377102,84007.69348156829,-1.1479787833848059,99.0,84010.93,84016.67,84014.05,84020.49,84014.79,0.3713802477856031,1.137947169494758,up,up,up,down
5m,1790320200,2026-09-25T07:10:00Z,2026-09-25T07:15:00Z,0x50f75385ccc0d77aea86e03e0141ea9aa3fb3511d566a2e5e5aaec7b21e56568,up,up,down,up,pastresults_outcome,83833.1061099465,83805.84962215493,-3.2512797218589653,99.0,83792.4,83831.26,83803.59,83828.86,83795.24,1.3354433098947314,4.351229944482603,up,up,up,down
5m,1790323800,2026-09-25T08:10:00Z,2026-09-25T08:15:00Z,0x7a2974b02f514f0f18faa55cb724af44b5f64da3228977b3613a2988f296f80d,up,up,down,up,pastresults_outcome,84101.58938247942,84098.13641901145,-0.4105705365757568,99.0,84106.43,84101.37,84112.67,84101.57,84123.98,0.7419171162068392,-0.5778392924281807,up,down,up,up
5m,1790327700,2026-09-25T09:15:00Z,2026-09-25T09:20:00Z,0xa03265d72662accb3f8a185533da2036fba33663c74cd0afdfa6f6cae4491010,down,down,up,down,pastresults_outcome,84583.20963464334,84595.2134511122,1.4191724954290401,99.0,84598.85,84586.52,84596.46,84579.78,84583.98,-0.2825097504279807,-2.254167757600367,down,down,down,up
5m,1790333100,2026-09-25T10:45:00Z,2026-09-25T10:50:00Z,0x307f53642fd92416c9938521432ae21ad76881ce1f9c2ed0bd5ecfbaa0d48619,up,up,down,up,pastresults_outcome,84766.95386761373,84764.60012838856,-0.27767179517275603,99.0,84758.0,84766.83,84761.28,84762.42,84773.37,0.3869841194930078,0.5214846976094591,up,up,up,down
5m,1790335500,2026-09-25T11:25:00Z,2026-09-25T11:30:00Z,0x470be08e83838b503584e51a82a071ac3f15b3c8159566030c4d773d45ea926d,up,up,down,up,pastresults_outcome,84928.97878895515,84917.66174674872,-1.3325301172584398,99.0,84866.58,84929.35,84925.61,84914.37,84929.3,6.9556237567248305,5.631191925018494,up,up,up,down
5m,1790336100,2026-09-25T11:35:00Z,2026-09-25T11:40:00Z,0x8c09029a157e9dbddd51f3f22443cc910e7dedb7ee17bdbf349afc7ab56b40ce,up,up,down,up,pastresults_outcome,84882.18453425134,84821.7982987343,-7.114123634821792,99.0,84841.0,84885.89,84845.76,84863.92,84850.9,0.5610494925796209,2.7015240272979164,up,up,up,down
5m,1790337000,2026-09-25T11:50:00Z,2026-09-25T11:55:00Z,0x5c600c83db9840bf975d16fc080c63d34289d946966040202569c1f597a6f1af,down,down,up,down,pastresults_outcome,84593.42307476296,84606.78915594654,1.5800378679273566,99.0,84625.42,84593.24,84603.96,84633.73,84612.19,-2.535881062686821,0.9819744469212291,down,up,down,up
5m,1790341200,2026-09-25T13:00:00Z,2026-09-25T13:05:00Z,0xa799ac49554342eee5dc4119ae594cddcf3629db779bc341bbdbadc1491ddec7,down,down,up,down,pastresults_outcome,84449.25601691226,84459.03089094289,1.157484919543802,99.0,84469.92,84443.61,84452.61,84408.25,84443.62,-2.0492501946252197,-7.300823772533259,down,down,down,up
5m,1790346000,2026-09-25T14:20:00Z,2026-09-25T14:25:00Z,0xe8f453772004fc5730ba5c5fa7e7beea92876661c77be6908a3266821100151e,up,up,down,up,pastresults_outcome,83626.617788646,83596.2907926294,-3.6264764519419144,99.0,83569.15,83622.45,83605.85,83673.78,83660.77,4.391572727497126,12.520170421741117,up,up,up,down
5m,1790346900,2026-09-25T14:35:00Z,2026-09-25T14:40:00Z,0x65cdd1826b267ba1aa7518eae08411bcf0fcd0f8d636e3b65a5e73c4ce3d90c9,up,up,down,up,pastresults_outcome,83858.717887545,83849.18613435052,-1.1366442791638451,99.0,83844.48,83858.76,83882.58,83855.76,83886.75,4.544127413039693,1.3453479585058952,up,up,up,up
5m,1790350200,2026-09-25T15:30:00Z,2026-09-25T15:35:00Z,0x625c26fc8e5dd2e7307066d149927fc12b8e3824cd37ab8a54d89a42167cacb6,up,up,down,up,pastresults_outcome,83753.74337892822,83726.41618289724,-3.262802942113594,99.0,83740.02,83754.88,83753.41,83783.24,83782.75,1.5989965132560773,5.16121204652222,up,up,up,down
5m,1790353500,2026-09-25T16:25:00Z,2026-09-25T16:30:00Z,0x1f430b374f59ed0391d64c3599e54bcd2f001def85a86dbecbe5765a4f42dd82,up,up,down,up,pastresults_outcome,83967.05192330398,83959.1594739921,-0.9399459825137089,99.0,83952.43,83969.28,83966.06,83981.77,83965.39,1.6235384729190874,3.494836301940404,up,up,up,down
5m,1790354400,2026-09-25T16:40:00Z,2026-09-25T16:45:00Z,0xe38299747b16d70c87afb1d244fee80782bb1ba24c7964abde15c994ac034091,up,up,down,up,pastresults_outcome,83905.49811196474,83885.33393922787,-2.403200408865017,99.0,83900.79,83905.64,83924.99,83906.2,83935.75,2.8843590149760976,0.6448091847530271,up,up,up,up
5m,1790356200,2026-09-25T17:10:00Z,2026-09-25T17:15:00Z,0x7183d8a7ca568162eb658fca09b05d82eade7f2b52d7669c6fef590d4a9de34a,up,up,down,up,pastresults_outcome,83939.275083655,83938.54544993317,-0.08692399607947704,99.0,83916.66,83941.87,83935.28,83917.76,83933.36,2.2188681008032662,0.13108243345138723,up,up,up,down
5m,1790357700,2026-09-25T17:35:00Z,2026-09-25T17:40:00Z,0xedfd16ea7acb575a8fb2762b32851036ba3306a991d336037ad3c29680454f4d,down,down,up,down,pastresults_outcome,83726.95489261448,83736.65772714479,1.1588662865807156,99.0,83713.06,83727.68,83686.29,83703.11,83694.32,-3.197828391412771,-1.1885839557169562,down,down,down,down
5m,1790362200,2026-09-25T18:50:00Z,2026-09-25T18:55:00Z,0x30398379f94272487044dc828aaec6beadf1328b01f191885c4613bd887b9b33,down,down,up,down,pastresults_outcome,83938.33474543465,83955.05038274227,1.9914187430938093,99.0,83943.02,83938.52,83925.82,83933.67,83933.12,-2.049008958695683,-1.1138508002220815,down,down,down,down
5m,1790362500,2026-09-25T18:55:00Z,2026-09-25T19:00:00Z,0x6398c678c3eded27f0d31ee586df4177cec2944612fe474a64e727f59b87ca43,up,up,down,up,pastresults_outcome,83955.05038274227,83948.74314409253,-0.7512637561389023,99.0,83925.11,83953.83,83948.16,83947.46,83949.32,2.746496251241483,2.663088555976372,up,up,up,down
5m,1790363100,2026-09-25T19:05:00Z,2026-09-25T19:10:00Z,0xf9eb15a35bf28ec202ad16a2209b8b02cd4c91b3fd860f74764744ed4788e963,up,up,down,up,pastresults_outcome,83919.74511333,83914.00071269194,-0.6845112113139479,99.0,83920.11,83919.71,83958.87,83957.36,83967.12,4.618678407356087,4.43874537342718,up,up,up,up
5m,1790364900,2026-09-25T19:35:00Z,2026-09-25T19:40:00Z,0x5032026494c4ded8931016022d97bddf9cf338bdead816459d5a3904a76add41,up,up,down,up,pastresults_outcome,83994.51,83981.59824981066,-1.5372135856658098,99.0,84003.21,83999.32,84035.67,84013.77,84044.55,3.8641380490093,1.2570948181620287,up,up,up,up
5m,1790366700,2026-09-25T20:05:00Z,2026-09-25T20:10:00Z,0xe2e0e8cb93752cbb1019816d575be2c4e489f665b61aa3da78677335fc718a8c,down,down,up,down,pastresults_outcome,83938.2625062316,83958.45593206956,2.4057474189989647,99.0,83952.5,83938.27,83944.42,83940.29,83946.27,-0.9624490039012235,-1.4543938536680148,down,down,down,up
5m,1790367000,2026-09-25T20:10:00Z,2026-09-25T20:15:00Z,0xb007a8fc569efccad8c954fe3d9f4b0ca45ea37c03c02005e597e946a19b73c7,up,up,down,up,pastresults_outcome,83958.45593206956,83955.64176172484,-0.33518605284917147,99.0,83944.13,83958.34,83957.72,83950.85,83957.2,1.6189339266481775,0.8005324493804586,up,up,up,down
5m,1790376000,2026-09-25T22:40:00Z,2026-09-25T22:45:00Z,0xaa49d64587d6c4258b78a5886c21de4c4c4ecc7f8eb0adfa88d42dbf0fc611d5,up,up,down,up,pastresults_outcome,84072.61911604689,84065.01820493,-0.9040887743000696,99.0,84048.72,84071.38,84058.18,84060.77,84056.39,1.1255376643441866,1.433692268008711,up,up,up,down
5m,1790382900,2026-09-26T00:35:00Z,2026-09-26T00:40:00Z,0xe802e6ab26e72f4b47b239c58ad4a28df6291f6ccd8949967e4e59936e4775bf,down,down,up,down,pastresults_outcome,83813.193,83814.27288382726,0.1288441340327347,99.0,83818.39,83816.75,83791.51,83804.16,83791.31,-3.206933466510709,-1.6977181260575305,down,down,down,down
5m,1790383500,2026-09-26T00:45:00Z,2026-09-26T00:50:00Z,0xd83f2a15dfe61805f4dad8ee927c06d2d5e0a800892c6b3220a0a95fa862e56b,down,down,up,down,pastresults_outcome,83866.34963859587,83900.0318177594,4.016173269574316,99.0,83888.77,83866.21,83886.08,83885.21,83883.49,-0.32066270610503983,-0.4243714623539803,down,down,down,up
5m,1790383800,2026-09-26T00:50:00Z,2026-09-26T00:55:00Z,0x2ecd09f9fced715689196dfc4a7979e12c9a5f2b63f1d270328314903d946afe,up,up,down,up,pastresults_outcome,83900.0318177594,83887.82329499748,-1.4551273101353368,99.0,83885.07,83900.02,83892.04,83904.68,83890.5,0.8308987523031943,2.337722314589,up,up,up,down
5m,1790384100,2026-09-26T00:55:00Z,2026-09-26T01:00:00Z,0x3ef23d286abfdf92688ed182f97728f734f8b232c62bbabafcf775d2a6f9bef2,down,down,up,down,pastresults_outcome,83887.82329499748,83895.5593037196,0.9221849391553049,99.0,83892.02,83887.93,83877.36,83893.77,83882.46,-1.7474844448856388,0.20860148557633967,down,up,down,down
5m,1790384400,2026-09-26T01:00:00Z,2026-09-26T01:05:00Z,0x7139317325f2ca8f641b0ef71714f10036027459906d9bdb606e7c2540b98382,up,up,down,up,pastresults_outcome,83895.5593037196,83894.42654463,-0.13502014874176996,99.0,83876.89,83895.03,83953.72,83928.75,83958.59,9.159853208673061,6.182871110266556,up,up,up,up
5m,1790384700,2026-09-26T01:05:00Z,2026-09-26T01:10:00Z,0x35bed281c9b8b57415dfd0e3cecc185471a290814133679948fad9f4b53d68f0,down,down,up,down,pastresults_outcome,83894.42654463,83895.59498964474,0.13927564236016066,99.0,83957.0,83896.02,83923.98,83933.2,83929.73,-3.9329656848153314,-2.834784473004384,down,down,down,up
5m,1790385000,2026-09-26T01:10:00Z,2026-09-26T01:15:00Z,0x5efadb17c47bc60d5acab1882fe441d4231989630ec7c1d771649516e1e9bf41,down,down,up,down,pastresults_outcome,83895.59498964474,83919.82481219889,2.8880923434819255,99.0,83925.65,83895.73,83918.92,83924.56,83917.2,-0.801900253378547,-0.12987686124522213,down,down,down,up
5m,1790385600,2026-09-26T01:20:00Z,2026-09-26T01:25:00Z,0x0eeeab09d28c7168e1037271768554b22c07c8ca1d3e7f771b531c2eb59a2747,up,up,down,up,pastresults_outcome,83943.37808748275,83941.57803474457,-0.21443653796074497,99.0,83943.48,83945.08,83945.48,83941.61,83937.65,0.2382555500439105,-0.2227689392905016,up,down,down,up
5m,1790389800,2026-09-26T02:30:00Z,2026-09-26T02:35:00Z,0x5268b40988fb5db8164d86cc1cc913eee87b9a92e69f83483126c4f34fbd87c1,down,down,up,down,pastresults_outcome,84017.826638595,84030.06797838336,1.4569931499205726,99.0,84023.66,84017.85,84015.43,84011.87,84009.33,-0.9794860162019219,-1.4031762006092272,down,down,down,down
5m,1790390400,2026-09-26T02:40:00Z,2026-09-26T02:45:00Z,0xb5043695128c02fbba415b2f9aa57b407f0dc16f2072172095b5af27a1beadd1,up,up,down,up,pastresults_outcome,84011.9966807811,84000.904090312,-1.320357914030309,99.0,84005.04,84012.28,84015.73,84010.24,84018.87,1.2725426950576215,0.6190104784202998,up,up,up,up
5m,1790392500,2026-09-26T03:15:00Z,2026-09-26T03:20:00Z,0x42f1c0701f5d98f3757a0fae1274d6aa2eb5c02aa0aebfbc376af8cc36031ed7,up,up,down,up,pastresults_outcome,83930.57995829124,83912.45785931702,-2.1591771417800736,99.0,83911.81,83930.5,83913.24,83920.27,83913.8,0.1704170128147119,1.0082013485356118,up,up,up,down
5m,1790397000,2026-09-26T04:30:00Z,2026-09-26T04:35:00Z,0x86585c75510f156b9a0b665803edeb7cd2dd526558abd42f7d00a8f3f953517d,up,up,down,up,pastresults_outcome,83882.56903841838,83874.93442844537,-0.9101545244182713,99.0,83887.03,83882.6,83905.43,83892.45,83908.95,2.1934260874409524,0.6461070322787985,up,up,up,up
5m,1790398200,2026-09-26T04:50:00Z,2026-09-26T04:55:00Z,0xc583512dad9b9cb7cc2dc066eab2812760f4f6ff8589ab1ae1d78f0a64e77ab1,up,up,down,up,pastresults_outcome,83973.8238880028,83972.41655144791,-0.1675922912311244,99.0,83971.88,83973.61,83972.24,83971.41,83972.68,0.04287149460040457,-0.05597111795057633,up,down,up,down
5m,1790401200,2026-09-26T05:40:00Z,2026-09-26T05:45:00Z,0x08ddd26ed4522d6fc84594692e7d9469b5229802341eceff286d81e96d0c9b09,down,down,up,down,pastresults_outcome,83943.00394549679,83948.26045182043,0.6261994539834145,100.0,83940.42,83943.02,83940.63,83940.59,83940.56,0.02501774472970267,0.02025246001845759,up,up,up,down
5m,1790402400,2026-09-26T06:00:00Z,2026-09-26T06:05:00Z,0xd3bfb71caacccab64edbb99a3d57a93c12cf15d861e8d3ac6217b2ca9f0111c1,down,down,up,down,pastresults_outcome,83909.27975109401,83924.83598949859,1.8539353991266017,99.0,83909.05,83909.8,83892.2,83901.18,83888.05,-2.008126656183787,-0.9379202839276448,down,down,down,down
5m,1790402700,2026-09-26T06:05:00Z,2026-09-26T06:10:00Z,0xd44146b28982cbce589cc5685483c86c0ae3d1b6ba02a7ec014bb744cc91b454,up,up,down,up,pastresults_outcome,83924.83598949859,83914.49705200669,-1.2319282331632804,99.0,83889.79,83924.95,83902.87,83911.56,83897.03,1.5591885496437348,2.595071462212991,up,up,up,down
5m,1790403300,2026-09-26T06:15:00Z,2026-09-26T06:20:00Z,0xf904f9bd5caab46f194bbcf093b89551f27020ee890a8b9305b8aa254f6e3c17,down,down,up,down,pastresults_outcome,83885.66430277283,83897.56305428156,1.418448743016305,99.0,83891.4,83885.46,83884.62,83883.58,83873.91,-0.808187728420176,-0.9321575274691366,down,down,down,down
5m,1790404200,2026-09-26T06:30:00Z,2026-09-26T06:35:00Z,0x9d7faa011d315b829d036f3af4874cfdba2a68ef413ec610bd057125365ea26a,up,up,down,up,pastresults_outcome,83924.2880600961,83907.11656583131,-2.0460696970702723,99.0,83923.59,83924.17,83930.03,83940.01,83947.25,0.7673646944801014,1.9565416589064237,up,up,up,up
5m,1790404500,2026-09-26T06:35:00Z,2026-09-26T06:40:00Z,0x982ca527cec5c79108ed14c88e6e325a06d08a8d79150df793f42cbe0846e8c1,down,down,up,down,pastresults_outcome,83907.11656583131,83913.08808868482,0.711682524428179,99.0,83934.02,83906.84,83907.92,83898.95,83904.77,-3.109585362407975,-4.178281940982569,down,down,down,up
5m,1790412000,2026-09-26T08:40:00Z,2026-09-26T08:45:00Z,0xe12121df9e614e12f0e8b9220528b9c5ee9e049dd0821d74914fe88816dffbae,down,down,up,down,pastresults_outcome,84271.52349359862,84274.37540706567,0.33841959286119155,99.0,84291.19,84281.81,84273.76,84257.44,84269.6,-2.0678317627272276,-4.0039771653478855,down,down,down,down
5m,1790412600,2026-09-26T08:50:00Z,2026-09-26T08:55:00Z,0x06ea8837b852c9959bf94490a1f4957331a1c4c0d7aa95524e6691954f6e40ce,down,down,up,down,pastresults_outcome,84205.08357697778,84205.93020659979,0.10054376601147162,99.0,84216.18,84203.34,84206.31,84205.68,84206.41,-1.1719838159360048,-1.2467912935495296,down,down,down,up
5m,1790414400,2026-09-26T09:20:00Z,2026-09-26T09:25:00Z,0x8ac45f699ea845ad5fff05b15da0c1170ce4dc605fd5e288b999cf1d99858daa,up,up,down,up,pastresults_outcome,83990.8786751288,83982.47615315554,-1.0004088665101287,99.0,83977.04,83988.82,83999.3,84001.01,84009.14,2.6507245313730174,2.854351618013825,up,up,up,up
5m,1790415600,2026-09-26T09:40:00Z,2026-09-26T09:45:00Z,0xb91c74f27b1deb96491ebee70fdaec457dd7bf8ad600bfcda6fcae8c0098d715,down,down,up,down,pastresults_outcome,83999.89072678024,84000.182679263,0.03475629316102102,99.0,84000.05,84000.03,83993.28,83993.3,83990.23,-0.8059519012195915,-0.8035709502553867,down,down,down,down
5m,1790418900,2026-09-26T10:35:00Z,2026-09-26T10:40:00Z,0x1d45ef4da34d823b946bec4eae1c6c5412ef3f889dce81483085cf4cde35d411,down,down,up,down,pastresults_outcome,84101.74654642472,84109.80450660805,0.9581204331924941,100.0,84115.2,84102.87,84113.89,84107.67,84109.13,-0.15573879631715454,-0.895200867381738,down,down,down,up
5m,1790420700,2026-09-26T11:05:00Z,2026-09-26T11:10:00Z,0x4b8bac8ce3fe9b14451957f5c91d25217cbca2d74f575174946af320892b3bc3,up,up,down,up,pastresults_outcome,84154.80634149753,84151.96917163463,-0.33713699623906673,99.0,84148.22,84144.24,84152.94,84139.75,84155.61,0.5609150140075647,-1.006557239119397,up,down,up,up
5m,1790423100,2026-09-26T11:45:00Z,2026-09-26T11:50:00Z,0xb483125f9458800a7ef3113eeb8b7b43a3d55c82c3272d5b5851adec10bf9f79,down,down,up,down,pastresults_outcome,84157.12301627718,84159.45726513505,0.2773679486895288,99.0,84161.27,84157.28,84152.13,84156.71,84152.15,-1.0860102277448305,-0.5418169188746406,down,down,down,down
5m,1790430000,2026-09-26T13:40:00Z,2026-09-26T13:45:00Z,0x2eb82309c46a074f4ebce0c76ac9ed62815ecb0f528b71d685b330a4cfe35aba,down,down,up,down,pastresults_outcome,83914.33920879662,83914.87362346,0.06368573814812606,99.0,83914.89,83915.43,83905.34,83910.09,83906.29,-1.1380578583851937,-0.5720081382461337,down,down,down,down
5m,1790430600,2026-09-26T13:50:00Z,2026-09-26T13:55:00Z,0xba8531a157191a5aebf0a6ab9169c3c87191fde38dcfa8b485dc3a7016eea414,down,down,up,down,pastresults_outcome,83934.8311841219,83941.59691503875,0.8060695210091782,99.0,83947.24,83934.42,83930.15,83925.28,83922.7,-2.0358024873731475,-2.6159287666880293,down,down,down,down
5m,1790435400,2026-09-26T15:10:00Z,2026-09-26T15:15:00Z,0x92e11dd315d9c57fd0a1e0f1aa3ba64dcb5c5659608b5476091e90bf3724f7eb,up,up,down,up,pastresults_outcome,84008.5441202975,84008.08821910514,-0.0542684315201778,99.0,84008.3,84009.02,84008.69,84011.4,84013.48,0.046423984296720434,0.3690111572298533,up,up,up,down
5m,1790442000,2026-09-26T17:00:00Z,2026-09-26T17:05:00Z,0x85c4a39545160ccc6c06679e12daf4c45ccb8a7168ad6b770ce85ed4dbfce596,down,down,up,down,pastresults_outcome,84098.51462003056,84099.02261104838,0.06040427944685839,99.0,84097.64,84098.8,84073.21,84098.17,84078.2,-2.904956667035248,0.06302198254301022,down,up,down,down
5m,1790443200,2026-09-26T17:20:00Z,2026-09-26T17:25:00Z,0x7a4a0ec6d36a53b017ed4dfe18beb5bf4cac68ae339579ae6c7d33b3756051af,up,up,down,up,pastresults_outcome,84058.92552200257,84054.5827172592,-0.516638145967401,99.0,84043.05,84046.14,84055.95,84056.26,84056.38,1.534927635300501,1.571813493202811,up,up,up,up
5m,1790445000,2026-09-26T17:50:00Z,2026-09-26T17:55:00Z,0xc91fd2b8ea15ebeafafe6144948ee3039719e2e18cb5ade4cf7d5c559b7b87ac,down,down,up,down,pastresults_outcome,84089.81887572455,84095.71698235856,0.7014055581119065,99.0,84106.06,84089.81,84096.75,84095.31,84097.98,-1.106935695239757,-1.2781480906369886,down,down,down,up
5m,1790447400,2026-09-26T18:30:00Z,2026-09-26T18:35:00Z,0x43457256c8030c58030d9cf93cbe6fff380c05be2c7aca65a6a5162d93812bf3,up,up,down,up,pastresults_outcome,84052.6788160907,84045.27235782196,-0.8811686162850249,99.0,84052.66,84052.47,84052.7,84052.77,84054.19,0.004758921370673713,0.013087033771516817,up,up,up,up
5m,1790448900,2026-09-26T18:55:00Z,2026-09-26T19:00:00Z,0xac542278744bb5ea7aa41fe72e1e00d6889322c826417c17a9596067bfee100d,down,down,up,down,pastresults_outcome,83983.4245711758,83987.48812878977,0.48385233571082353,99.0,83985.22,83983.64,83984.56,83984.06,83984.28,-0.07858525583471622,-0.13811954055767103,down,down,down,up
5m,1790456700,2026-09-26T21:05:00Z,2026-09-26T21:10:00Z,0xfb9c5de00b2e6f11261f775db5a78cf2fa5b4edf56f817839670a3156176566e,up,up,down,up,pastresults_outcome,84087.31849652775,84078.87372444107,-1.0042860490339551,99.0,84073.21,84087.33,84078.78,84082.89,84078.63,0.6625178222637667,1.1513774720856993,up,up,up,down
5m,1790457600,2026-09-26T21:20:00Z,2026-09-26T21:25:00Z,0xbb7773bdddc649d43a70689bdd55907fa0a93044f7e6af5703378bd22faf34c5,down,down,up,down,pastresults_outcome,84134.196803375,84134.33850752046,0.016842633654222568,99.0,84134.6,84134.2,84112.69,84104.85,84112.82,-2.604160476189759,-3.536000646582975,down,down,down,down
5m,1790465100,2026-09-26T23:25:00Z,2026-09-26T23:30:00Z,0x00d42d01a4865d845315fadc0a2674a49468b29f76d60cf6682b7ecb104eaed5,down,down,up,down,pastresults_outcome,84352.89190038,84362.95529383117,1.1930110781567933,99.0,84365.04,84353.05,84345.91,84345.35,84332.5,-2.2675269282145902,-2.3339051341631296,down,down,down,down
5m,1790468700,2026-09-27T00:25:00Z,2026-09-27T00:30:00Z,0x9d9e154f4c5fe628eed380c82d99b87b10b56341cab6d788c8035c1ba3169004,down,down,up,down,pastresults_outcome,84238.83222729017,84245.49345207274,0.7907546444371019,99.0,84250.08,84238.65,84245.42,84245.44,84245.26,-0.5531152017901338,-0.5507413168034283,down,down,down,up
5m,1790469300,2026-09-27T00:35:00Z,2026-09-27T00:40:00Z,0xe3de9b10ca21658d68d3ae6e929e1cc98e6cba5944f2eb70c9a21db78be698ad,up,up,down,up,pastresults_outcome,84339.54560096127,84339.22453878287,-0.03806780984020164,99.0,84343.89,84343.24,84343.78,84340.11,84341.22,-0.013041845710528894,-0.448165243504756,down,down,down,up
5m,1790472000,2026-09-27T01:20:00Z,2026-09-27T01:25:00Z,0x7f911208b6dc6ea15f11d8ccd9123fb8439ddef66b6a5025d8825c24d237b118,up,up,down,up,pastresults_outcome,84345.28323566512,84338.433754025,-0.8120764288601483,99.0,84338.51,84345.37,84346.14,84344.11,84345.84,0.9046875502074505,0.6639908625378634,up,up,up,up
5m,1790476200,2026-09-27T02:30:00Z,2026-09-27T02:35:00Z,0x49e4a1143df65d203609568781f063d1299f14133893e7b4d11df119b900af1c,up,up,down,up,pastresults_outcome,84487.5949078389,84483.8314390702,-0.4454463134854652,99.0,84488.49,84487.59,84489.9,84501.88,84499.81,0.16688663745664534,1.5848312592637668,up,up,up,up
5m,1790477400,2026-09-27T02:50:00Z,2026-09-27T02:55:00Z,0x50219bfb59298ee1dddd045eeab592426d32e54b1c86bc79ee6ff9075b251270,up,up,down,up,pastresults_outcome,84434.10500915475,84433.77940046904,-0.038563645067267296,99.0,84428.93,84432.93,84433.48,84443.47,84433.41,0.5389148008867234,1.7221585065697445,up,up,up,up
5m,1790478300,2026-09-27T03:05:00Z,2026-09-27T03:10:00Z,0xcc24940ad9575e5e6dc0cfcf0f32a3a9d445459b7d29953139cc3e7ae4db6640,up,up,down,up,pastresults_outcome,84469.71240532467,84468.39819545904,-0.15558356104235904,99.0,84472.29,84469.71,84494.63,84487.58,84494.7,2.644654241054796,1.8100610271141164,up,up,up,up
5m,1790481000,2026-09-27T03:50:00Z,2026-09-27T03:55:00Z,0xd0c037018403faf7aa891c38173dafaec1835b7e4bd8a36abf2f977eb54a27fb,up,up,down,up,pastresults_outcome,84372.3685738606,84370.89457051322,-0.17470214150604038,99.0,84368.86,84369.01,84369.17,84367.05,84368.43,0.03674341457235189,-0.2145341302463577,up,down,down,up
5m,1790481600,2026-09-27T04:00:00Z,2026-09-27T04:05:00Z,0xf28d7f61045612a8a361aeb9df42e3955eef761c0627658b5ce27faaac7cd58c,down,down,up,down,pastresults_outcome,84373.40829840115,84374.12919804161,0.08544156921058592,99.0,84383.17,84374.03,84370.55,84374.65,84368.24,-1.4955588892898126,-1.009680010836767,down,down,down,down
5m,1790482800,2026-09-27T04:20:00Z,2026-09-27T04:25:00Z,0xd89d971287d0e75ad2abb7831bb5cb79d1c3a247ecbebff1beacc35c74ec4208,up,up,down,up,pastresults_outcome,84432.35207350037,84431.41864348185,-0.11055359652921365,99.0,84431.78,84432.34,84432.16,84444.01,84434.8,0.04500674982863759,1.4485067115718662,up,up,up,down
5m,1790485800,2026-09-27T05:10:00Z,2026-09-27T05:15:00Z,0x76426c17bd24c9de6f9fc722d8777d2c39678f3e9cb10e6b8a8648bc69a7e351,down,down,up,down,pastresults_outcome,84364.70536695,84369.07499102555,0.517944566575156,99.0,84372.57,84366.1,84359.9,84360.25,84359.05,-1.5016728778100281,-1.4601902016267827,down,down,down,down
5m,1790486400,2026-09-27T05:20:00Z,2026-09-27T05:25:00Z,0x0159cd48f6527cc826ed6c4c9a3cccd0fb98fcbd80b967bbc47baed846a66520,down,down,up,down,pastresults_outcome,84378.12829101649,84378.4507478,0.03821568338196006,99.0,84378.65,84378.08,84378.37,84377.64,84377.98,-0.03318374968061659,-0.1196985256335295,down,down,down,up
5m,1790491200,2026-09-27T06:40:00Z,2026-09-27T06:45:00Z,0x041be57c083c4ce362e9ca7eb0e774f0cd856c51f8bf91fc2fdd0ab7b41b3802,down,down,up,down,pastresults_outcome,84502.49143513231,84504.39221552167,0.22493779261183297,99.0,84499.38,84497.49,84495.36,84504.46,84494.64,-0.4757431356305898,0.601187843035268,down,up,down,down
5m,1790492100,2026-09-27T06:55:00Z,2026-09-27T07:00:00Z,0xb6b78d7bcb05eed05d5967cd9f7f87a4b54909c684e903245d420a23f3c827bf,up,up,down,up,pastresults_outcome,84502.5927538387,84490.88339428,-1.3856805072025102,99.0,84502.87,84502.59,84502.8,84486.79,84495.47,-0.008283742314602214,-1.902893949045961,down,down,down,up
5m,1790493600,2026-09-27T07:20:00Z,2026-09-27T07:25:00Z,0x04c13785e9db17be3d177a6496ead53140185cd4a3c0a584454fa83609099d6e,down,down,up,down,pastresults_outcome,84472.42385691559,84480.77230958,0.9883050921515035,100.0,84483.19,84472.16,84479.1,84474.19,84477.33,-0.48411997700329584,-1.0653006828932476,down,down,down,up
5m,1790495400,2026-09-27T07:50:00Z,2026-09-27T07:55:00Z,0xa9b321bf996cfe6c4ce173284ce5ba292fb784fb5f7d0ebb6d4e3cd3a12a98be,up,up,down,up,pastresults_outcome,84649.125090724,84648.07927460817,-0.12354718548010842,99.0,84610.94,84649.12,84647.96,84669.56,84653.08,4.37532073275679,6.9281821003283195,up,up,up,down
5m,1790496900,2026-09-27T08:15:00Z,2026-09-27T08:20:00Z,0x723a065c36659363cec1e0d42abfdaa5af026f4bdb4df987cf3ee9ab616a86a1,up,up,down,up,pastresults_outcome,84792.41094501101,84786.89503615783,-0.6505191669519985,99.0,84784.72,84792.39,84787.5,84809.39,84796.33,0.3278892706137186,2.9097224122457743,up,up,up,down
5m,1790498700,2026-09-27T08:45:00Z,2026-09-27T08:50:00Z,0x2b2f4920d45fb444bf6d43b3abc03984a4e23094eb5a77e8d22bd0b6fc7ea01f,up,up,down,up,pastresults_outcome,84726.36583634783,84719.18230648577,-0.8478505824187531,100.0,84696.0,84700.06,84712.01,84712.76,84714.62,1.8902899782746247,1.9788419760076936,up,up,up,up
5m,1790500500,2026-09-27T09:15:00Z,2026-09-27T09:20:00Z,0x887b00475d0e9aa33fd24a15a344a6b468cec6c42b8c7a05ca76e30410586559,down,down,up,down,pastresults_outcome,84639.7085074956,84641.22062550434,0.1786534990973564,99.0,84648.78,84640.99,84636.7,84642.44,84645.99,-1.4270731367896556,-0.7489771264271626,down,down,down,down
5m,1790508300,2026-09-27T11:25:00Z,2026-09-27T11:30:00Z,0xc9cddd8482fabb8d92069658e67df6a61bbdb600b74d14d6445261fa4b12a570,up,up,down,up,pastresults_outcome,84893.1082459913,84876.37044250163,-1.971632778619419,99.0,84878.96,84892.96,84893.13,84899.84,84897.04,1.6694361005363698,2.459973590627183,up,up,up,up
5m,1790508900,2026-09-27T11:35:00Z,2026-09-27T11:40:00Z,0xc2eb60aefdd36d6499d36cd9a4ff6fb6ae29c3f26b57ec0264d4042c9ac32a14,down,down,up,down,pastresults_outcome,84823.29521227196,84836.55603476196,1.5633467736448725,99.0,84830.86,84824.47,84824.68,84839.91,84837.01,-0.7285084696780826,1.066828746048656,down,up,up,up
5m,1790510100,2026-09-27T11:55:00Z,2026-09-27T12:00:00Z,0x11bd3b6cf629f63a94eefeb7cefd8cc62d14b2ebb4d953f43fde1ede19f0f9f9,down,down,up,down,pastresults_outcome,84871.88634072819,84872.89361335,0.11868154052357001,99.0,84874.5,84871.84,84873.31,84880.15,84873.85,-0.14020701152906095,0.6656887522158221,down,up,down,up
15m,1789946100,2026-09-20T23:15:00Z,2026-09-20T23:30:00Z,0x313ceeaf665e380403f7a90a429e8b7048abb641192efcd42e0c3a641259aed4,down,down,up,down,pastresults_outcome,81134.49831318946,81141.14597882675,0.8193389711534386,100.0,81162.7,81134.57,81148.66,81203.97,81162.81,-1.7298586666034517,5.084848089085759,down,up,up,up
15m,1789951500,2026-09-21T00:45:00Z,2026-09-21T01:00:00Z,0x212dc1422640382557f8fd2b9dfa2553eedc5644bfa20380b28f39f93f336502,up,up,down,up,pastresults_outcome,81667.44434095047,81603.27723471941,-7.857121861579802,100.0,81556.23,81662.23,81603.54,81670.97,81595.97,5.800905706406203,14.068820984001498,up,up,up,down
15m,1789991100,2026-09-21T11:45:00Z,2026-09-21T12:00:00Z,0x0d0ea2d8f6a0e0a8c39dd98d8ffb27c9afac97889802304be8c505cfcbe74763,down,down,up,,pastresults_outcome,84802.08801736,84858.8822195092,6.697264593010837,,,,,,,,,,,,
15m,1790008200,2026-09-21T16:30:00Z,2026-09-21T16:45:00Z,0xf07bfb821856ddb9c50d044449faae56dda267cf335bcce24b0da4ddc0429733,down,down,up,down,pastresults_outcome,85851.13162241285,85865.21588064656,1.640544273271923,100.0,85863.62,85849.55,85856.1,85792.8,85845.09,-0.8758074723601827,-8.24796345646648,down,down,down,up
15m,1790011800,2026-09-21T17:30:00Z,2026-09-21T17:45:00Z,0xbb55275e7dc5580fd6805aa46fa3ee38cc307a2532ab0251833ab47a00c97ae4,down,down,up,down,pastresults_outcome,85884.0223396366,85897.41717540546,1.5596423413750262,100.0,85912.3,85889.06,85908.76,85904.46,85914.23,-0.4120481002147712,-0.9125585044279466,down,down,up,up
15m,1790019900,2026-09-21T19:45:00Z,2026-09-21T20:00:00Z,0x243422b76a7b8df22641b08a856a990e493c8d6b7297789f19a8d0ce2d7ee63a,up,up,down,up,pastresults_outcome,86573.57686605475,86490.81529323144,-9.559680426668077,100.0,86537.87,86577.5,86561.48,86549.08,86595.29,2.7282853160125833,1.2953866324658099,up,up,up,down
15m,1790042400,2026-09-22T02:00:00Z,2026-09-22T02:15:00Z,0xb7bd42d33f66dcfdcb8d5c9f7f102d56f677337a948437285f3c04597781f027,up,up,down,up,pastresults_outcome,85595.76580148366,85582.12505296963,-1.593624215673607,100.0,85539.49,85589.6,85588.04,85537.47,85542.94,5.675741110917116,-0.23614823983683728,up,down,up,down
15m,1790057700,2026-09-22T06:15:00Z,2026-09-22T06:30:00Z,0x5baa78b94b7bdc03103a7ce769d680c7b98dfb8681829d1e13651c7bcb39d540,down,down,up,down,pastresults_outcome,85336.51788921,85351.36100012508,1.7393621490807307,100.0,85317.8,85334.97,85320.01,85280.36,85310.67,0.2590315268316636,-4.388298807517579,up,down,down,down
15m,1790081100,2026-09-22T12:45:00Z,2026-09-22T13:00:00Z,0x36d6169d6cbd52228586fe6b21e5f5b1673fae297c3223f4c56aa6c9c124ced9,down,down,up,down,pastresults_outcome,85961.08441291132,86001.93129360134,4.751787505822211,100.0,85984.83,85960.98,85970.07,85971.78,85991.9,-1.7165818668240387,-1.5177095773757894,down,down,up,up
15m,1790090100,2026-09-22T15:15:00Z,2026-09-22T15:30:00Z,0x9a570b13d207579208bcceb0f30e34c566ba789170283c80133a6b6b47442320,up,up,down,up,pastresults_outcome,86296.89320599151,86279.623,-2.0012546628160286,100.0,86281.53,86301.55,86290.15,86241.25,86292.83,0.9990550700706563,-4.6684383088708366,up,down,up,down
15m,1790103600,2026-09-22T19:00:00Z,2026-09-22T19:15:00Z,0x8e49ff6cfafb7f21fbf6bafdced65b84fb8383c3008e4bbf4598de865966e367,down,down,up,down,pastresults_outcome,86461.5633878146,86485.09303314358,2.721399475907884,100.0,86499.21,86461.57,86486.51,86488.49,86500.66,-1.4682215016774882,-1.2393176770055083,down,down,up,up
15m,1790110800,2026-09-22T21:00:00Z,2026-09-22T21:15:00Z,0x4877c95d5134a666279397497e2e8c59828a83f625fa2fc77cc4a91f28eb2bfd,up,up,down,up,pastresults_outcome,86264.19340040715,86256.2670915398,-0.9188411268805244,100.0,86219.76,86254.65,86258.74,86276.33,86255.48,4.521005393660395,6.561140972789415,up,up,up,up
15m,1790157600,2026-09-23T10:00:00Z,2026-09-23T10:15:00Z,0xcfbd02ff1def45703db681cc1198c5070dfb5d616c26b3130381cb2236d8b707,down,down,up,down,pastresults_outcome,85840.65306344326,85843.87542906978,0.3753892254460469,100.0,85830.66,85840.48,85831.2,85842.72,85827.65,0.062914580872802,1.4050923061756335,up,up,down,down
15m,1790163000,2026-09-23T11:30:00Z,2026-09-23T11:45:00Z,0xb0d75e3427e5d2b7577d139d79219893d9b14c5cf4410dc526b0157a96a7829c,down,down,up,down,pastresults_outcome,85490.1698566724,85491.59189762,0.16633970314893531,100.0,85487.17,85490.44,85472.94,85488.15,85464.94,-1.6645772693137375,0.11463708530717831,down,up,down,down
15m,1790244000,2026-09-24T10:00:00Z,2026-09-24T10:15:00Z,0xa6f7f87d11c1671e7ad0f4d712abebacecb6804e156490dc2bb7a792474a2313,down,down,up,down,pastresults_outcome,83241.8239462432,83275.66466712154,4.065350718432179,100.0,83233.94,83240.28,83208.55,83274.67,83178.93,-3.0504383187915187,4.893436499581291,down,up,down,down
15m,1790244900,2026-09-24T10:15:00Z,2026-09-24T10:30:00Z,0x919257a93b1846e9322f8a5b5cd0c59c5ef72c2061ca708fa1b182c33d2faa42,up,up,down,up,pastresults_outcome,83275.66466712154,83235.77534266398,-4.79003375319899,100.0,83202.4,83276.24,83225.45,83250.13,83203.16,2.770352778285592,5.736613366923368,up,up,up,down
15m,1790258400,2026-09-24T14:00:00Z,2026-09-24T14:15:00Z,0x5b160a0a90174d2a2814601638e89aaf485b761c9655b1c4519dc87f9807afb9,up,up,down,up,pastresults_outcome,84229.81594531308,84204.5719819797,-2.9970341321623017,100.0,84211.8,84229.57,84222.09,84214.59,84202.06,1.2219190184740853,0.3313074889734689,up,up,down,down
15m,1790280900,2026-09-24T20:15:00Z,2026-09-24T20:30:00Z,0x426acc9f9b71a3264204d1958e40c203748ff6bc56273a0c95d21b281d7679fd,down,down,up,down,pastresults_outcome,84223.74523917984,84246.55611118257,2.7083659053565468,100.0,84275.87,84223.27,84240.66,84229.89,84251.98,-4.177945597000879,-5.455891466916441,down,down,down,up
15m,1790289000,2026-09-24T22:30:00Z,2026-09-24T22:45:00Z,0xf284e3945530b130f3ace2032a76a6d347d5f803d51ffec5b4e1c53ed5547dd8,down,down,up,down,pastresults_outcome,84111.29031904688,84118.94435468144,0.9099890877350729,100.0,84117.93,84110.53,84107.9,84115.45,84107.11,-1.192373611666245,-0.2948241831433472,down,down,down,down
15m,1790307900,2026-09-25T03:45:00Z,2026-09-25T04:00:00Z,0xe506c7bfc43b0c86c1fee2aa17086520db09dc5b2ff941186cb0e8e5360568b4,down,down,up,down,pastresults_outcome,84183.95351834147,84207.10053389937,2.749575731538643,100.0,84213.03,84188.9,84205.88,84178.12,84204.76,-0.8490372570603598,-4.1454392509096865,down,down,down,up
15m,1790313300,2026-09-25T05:15:00Z,2026-09-25T05:30:00Z,0x4be39681423f571f0048bbeb1f88fccc51b38d7a382d72a041ba39c6ea72bd76,down,down,up,down,pastresults_outcome,84145.40006828992,84167.77599108501,2.659197386539781,100.0,84174.95,84163.9,84169.45,84162.82,84169.7,-0.6534010415212602,-1.441046297026622,down,down,down,up
15m,1790316900,2026-09-25T06:15:00Z,2026-09-25T06:30:00Z,0x8009883cd04de393602bb8c80644684f8f9fc3fc375cde1915aef48f19d9c091,up,up,down,up,pastresults_outcome,84100.61644107601,84091.5673188804,-1.0759876179913266,100.0,84036.55,84100.61,84093.61,84146.72,84083.18,6.789902726848933,13.109771879021478,up,up,up,down
15m,1790343900,2026-09-25T13:45:00Z,2026-09-25T14:00:00Z,0xa3756b32ff6de37f0c846859382253f818ac3b7efb130db5b6b55b2dc0c4b83a,up,up,down,up,pastresults_outcome,83983.78541288419,83904.68406583638,-9.418645118093394,100.0,83871.93,83967.55,83908.29,83867.46,83912.2,4.335181031365391,-0.5329554238213682,up,down,up,down
15m,1790352900,2026-09-25T16:15:00Z,2026-09-25T16:30:00Z,0x181b7872498cfcd7d1a4b3161e8aa52ee59803de04189afa05d47e4b8c2cf810,up,up,down,up,pastresults_outcome,83996.19802522665,83959.1594739921,-4.409550920796326,100.0,83958.62,83996.71,83966.06,83996.25,83965.39,0.8861508204877985,4.481969808460961,up,up,up,down
15m,1790376300,2026-09-25T22:45:00Z,2026-09-25T23:00:00Z,0xf1f49a676dcd6ecf1bfa8de7c408a78251bf73687f769a1f9bd8a86fa108a2fa,up,up,down,up,pastresults_outcome,84065.01820493,84058.03264908916,-0.8309705975220579,100.0,84058.33,84064.56,84061.27,84069.01,84065.9,0.34975712698578815,1.2705462980281688,up,up,up,down
15m,1790383500,2026-09-26T00:45:00Z,2026-09-26T01:00:00Z,0x8ad5c268bbb2b5575d4d06ece39de6c6cbb4a3e4839ba9aff78a1b9141c8f65b,down,down,up,down,pastresults_outcome,83866.34963859587,83895.5593037196,3.4828826161619446,100.0,83888.77,83866.21,83877.36,83894.53,83882.46,-1.3601343779392034,0.6866234896512086,down,up,down,up
15m,1790397900,2026-09-26T04:45:00Z,2026-09-26T05:00:00Z,0x5cdf2dd60d443311d9e838dc3a9ab0434c9aa760336bff97a3a5b5f8c92f1818,up,up,down,up,pastresults_outcome,83970.5633073578,83968.2790041422,-0.2720361904978023,100.0,83961.16,83970.62,83964.17,83969.65,83962.09,0.3584990964863708,1.011181836933969,up,up,up,down
15m,1790420400,2026-09-26T11:00:00Z,2026-09-26T11:15:00Z,0x154cbc6030be2f996f6b8c4f67198aecf9e8418bf95def44045a3f14c3573fa8,up,up,down,up,pastresults_outcome,84161.37461271933,84157.97722244152,-0.4036757115057188,100.0,84161.36,84161.32,84165.02,84144.7,84159.63,0.43487890404854346,-1.9795307490282348,up,down,down,up
15m,1790429400,2026-09-26T13:30:00Z,2026-09-26T13:45:00Z,0x1521ccbccc4f16e792c2edbbc7745473d88e15183148153463bd21d8ac45bff3,up,up,down,up,pastresults_outcome,83917.13171617867,83914.87362346,-0.2690860224246396,100.0,83886.39,83917.44,83905.34,83896.92,83906.29,2.259007688851206,1.255269180137426,up,up,up,down
15m,1790462700,2026-09-26T22:45:00Z,2026-09-26T23:00:00Z,0x5b8df4a64566d590a66061a8103e93bb089cc28c78f0d33b83af715acfa6cd80,down,down,up,down,pastresults_outcome,84258.37668672472,84260.1849573837,0.2146101942719321,100.0,84273.96,84271.38,84257.01,84279.84,84253.43,-2.011297439922325,0.6977244216351177,down,up,down,down
15m,1790474400,2026-09-27T02:00:00Z,2026-09-27T02:15:00Z,0xeacebabaa36f770249bf80d35fc21aa789d7aec985d090d10bde58130a3783d8,down,down,up,down,pastresults_outcome,84474.1439391981,84475.664060465,0.17995107094538557,100.0,84465.96,84474.15,84459.14,84462.99,84455.39,-0.8074258553394745,-0.35162093700245206,down,down,down,down
15m,1790480700,2026-09-27T03:45:00Z,2026-09-27T04:00:00Z,0x082195a542b6bd3773629edf4e94b57828a4ee807ad1fed0f9a78b6302f0ec32,up,up,down,up,pastresults_outcome,84380.66624662459,84373.40829840115,-0.860143507545909,100.0,84381.04,84382.06,84382.66,84373.43,84384.75,0.19198625662943897,-0.9018613660130975,up,down,up,up
15m,1790489700,2026-09-27T06:15:00Z,2026-09-27T06:30:00Z,0x4faab5b287899fdaa400c99000f24acd0d027096875c2951ead5a6cc38b9e37d,up,up,down,up,pastresults_outcome,84579.01608475059,84570.91351331,-0.9579883776923032,100.0,84576.91,84579.42,84587.7,84577.98,84592.54,1.275761907120229,0.12651207049210392,up,up,up,up
15m,1790491500,2026-09-27T06:45:00Z,2026-09-27T07:00:00Z,0x796a0f79e521b1175db07131dd98d6ccd1ff61ffab79b507a4c401ac11b3e460,up,up,down,up,pastresults_outcome,84504.39221552167,84490.88339428,-1.598593976893041,100.0,84494.94,84504.2,84502.8,84503.74,84495.47,0.9302332186993187,1.041482484040217,up,up,up,down
15m,1790493300,2026-09-27T07:15:00Z,2026-09-27T07:30:00Z,0x14bda831d7514a04eaee8aceab69b05c2282aad52e10d65ddb8e06c685e9b0e7,up,up,down,up,pastresults_outcome,84511.83970021296,84506.50825776753,-0.6308515427354777,100.0,84503.73,84504.92,84509.97,84493.53,84504.11,0.73842894272303,-1.2070473102189796,up,down,up,up
15m,1790496900,2026-09-27T08:15:00Z,2026-09-27T08:30:00Z,0x00e446efae788b1d31dfa840126ee2f478a7ba119b0df3f3b17868cd11119480,up,up,down,up,pastresults_outcome,84792.41094501101,84788.3484038993,-0.4791161221187255,100.0,84784.72,84792.39,84787.64,84788.75,84773.05,0.34440167992513904,0.4753214966091574,up,up,down,down
15m,1790507700,2026-09-27T11:15:00Z,2026-09-27T11:30:00Z,0x4cea6fc715802dc803dc0a4ccbda4f215f84a10db62b1ba3b43ef1d78f44e362,up,up,down,up,pastresults_outcome,84885.78761161894,84876.37044250163,-1.1093929127921,100.0,84885.06,84885.39,84893.13,84869.68,84897.04,0.9506973311919654,-1.811861828218612,up,down,up,up
15m,1790508600,2026-09-27T11:30:00Z,2026-09-27T11:45:00Z,0x85ca35dfd622850c94e65585139fd07b6baabf7eb5d4b437cb90b8eae83cc45b,down,down,up,down,pastresults_outcome,84876.37044250163,84890.56009851593,1.6718028752071652,100.0,84894.21,84876.53,84873.94,84853.69,84872.86,-2.3876775577514735,-4.772999242233843,down,down,down,down
