strategy,label_source,market,round_start_utc,decision_utc,session,side,entry_price,edge_pct_at_signal,gap_bps_at_signal,label,win,trade_taken,skip_reason,gross_usd,fee_usd,net_usd,boundary_gap_bps
"S1 trader (as deployed, DRY)",(a) chain-verified,15m,2026-09-20T15:45:00Z,2026-09-20T15:58:30Z,WEEKEND,up,0.92,7.5,6.4,up,1,1,,0.8696,0.056,0.8136,8.57342106929882
"S1 trader (as deployed, DRY)",(a) chain-verified,15m,2026-09-20T17:15:00Z,2026-09-20T17:28:30Z,WEEKEND,up,0.62,36.4,6.4,down,0,1,,-10.0,0.266,-10.266,-8.440740218586894
"S1 trader (as deployed, DRY)",(a) chain-verified,5m,2026-09-20T21:05:00Z,2026-09-20T21:09:34Z,WEEKEND,up,0.68,30.5,6.9,down,0,1,,-10.0,0.224,-10.224,-3.8903454436955065
"S1 trader (as deployed, DRY)",(a) chain-verified,15m,2026-09-20T22:30:00Z,2026-09-20T22:43:30Z,WEEKEND,up,0.55,43.3,4.3,down,0,1,,-10.0,0.315,-10.315,-6.382999517925648
"S1 trader (as deployed, DRY)",(a) chain-verified,5m,2026-09-20T22:50:00Z,2026-09-20T22:54:15Z,WEEKEND,up,0.97,2.8,5.9,up,1,0,daily stop,0.3093,0.021,0.2883,-0.656010366722339
"S1 trader (as deployed, DRY)",(a) chain-verified,15m,2026-09-20T22:45:00Z,2026-09-20T22:58:36Z,WEEKEND,up,0.97,2.8,6.4,up,1,0,daily stop,0.3093,0.021,0.2883,12.766481365372995
"S1 trader (as deployed, DRY)",(a) chain-verified,15m,2026-09-20T23:15:00Z,2026-09-20T23:28:30Z,WEEKEND,up,0.74,24.7,5.5,down,0,0,daily stop,-10.0,0.182,-10.182,0.8193389711534386
"S1 trader (as deployed, DRY)",(a) chain-verified,5m,2026-09-20T23:40:00Z,2026-09-20T23:44:19Z,WEEKEND,down,0.64,34.4,-4.1,down,1,0,daily stop,5.625,0.252,5.373,2.8449989251090795
"S1 trader (as deployed, DRY)",(a) chain-verified,15m,2026-09-21T00:15:00Z,2026-09-21T00:28:30Z,ASIA 00:00-12:00,up,0.97,2.8,7.6,up,1,1,,0.3093,0.021,0.2883,8.446267501819475
"S1 trader (as deployed, DRY)",(a) chain-verified,15m,2026-09-21T00:45:00Z,2026-09-21T00:58:30Z,ASIA 00:00-12:00,up,0.62,36.4,14.8,up,1,1,,6.129,0.266,5.863,-7.857121861579802
"S1 trader (as deployed, DRY)",(a) chain-verified,5m,2026-09-21T01:00:00Z,2026-09-21T01:04:17Z,ASIA 00:00-12:00,down,0.97,2.8,-5.6,down,1,1,,0.3093,0.021,0.2883,-1.5680691807141287
"S1 trader (as deployed, DRY)",(a) chain-verified,5m,2026-09-21T01:10:00Z,2026-09-21T01:14:15Z,ASIA 00:00-12:00,up,0.94,5.6,4.8,up,1,0,3 per hour cap,0.6383,0.042,0.5963,3.4339438103083224
"S1 trader (as deployed, DRY)",(a) chain-verified,5m,2026-09-21T04:30:00Z,2026-09-21T04:34:16Z,ASIA 00:00-12:00,down,0.88,11.3,-6.0,up,0,1,,-10.0,0.084,-10.084,3.531835598808586
"S1 trader (as deployed, DRY)",(a) chain-verified,15m,2026-09-21T05:30:00Z,2026-09-21T05:43:31Z,ASIA 00:00-12:00,up,0.62,36.4,8.1,up,1,1,,6.129,0.266,5.863,5.462815286499528
"S1 trader (as deployed, DRY)",(a) chain-verified,5m,2026-09-21T08:40:00Z,2026-09-21T08:44:15Z,ASIA 00:00-12:00,up,0.87,12.2,11.7,up,1,1,,1.4943,0.091,1.4033,2.7792028088579155
"S1 trader (as deployed, DRY)",(a) chain-verified,5m,2026-09-21T08:55:00Z,2026-09-21T08:59:15Z,ASIA 00:00-12:00,down,0.95,4.7,-4.6,down,1,1,,0.5263,0.035,0.4913,-5.009507821260034
"S1 trader (as deployed, DRY)",(a) chain-verified,5m,2026-09-21T09:40:00Z,2026-09-21T09:44:15Z,ASIA 00:00-12:00,down,0.69,29.5,-10.4,down,1,1,,4.4928,0.217,4.2758,14.64451441386019
"S1 trader (as deployed, DRY)",(a) chain-verified,5m,2026-09-21T10:00:00Z,2026-09-21T10:04:22Z,ASIA 00:00-12:00,up,0.64,34.4,6.4,down,0,1,,-10.0,0.252,-10.252,-7.052830492346028
"S1 trader (as deployed, DRY)",(a) chain-verified,5m,2026-09-21T11:45:00Z,2026-09-21T11:49:15Z,ASIA 00:00-12:00,down,0.65,33.4,-5.4,up,0,1,,-10.0,0.245,-10.245,5.623339663799599
"S1 trader (as deployed, DRY)",(a) chain-verified,5m,2026-09-21T12:10:00Z,2026-09-21T12:14:15Z,OFF-HOURS,down,0.7,28.5,-7.9,down,1,1,,4.2857,0.21,4.0757,4.877444370206226
"S1 trader (as deployed, DRY)",(a) chain-verified,15m,2026-09-21T12:15:00Z,2026-09-21T12:28:39Z,OFF-HOURS,up,0.66,32.4,12.1,up,1,1,,5.1515,0.238,4.9135,9.00309395907464
"S1 trader (as deployed, DRY)",(a) chain-verified,5m,2026-09-21T12:35:00Z,2026-09-21T12:39:26Z,OFF-HOURS,up,0.97,2.8,9.4,up,1,0,3 per hour cap,0.3093,0.021,0.2883,3.5589648735089368
"S1 trader (as deployed, DRY)",(a) chain-verified,5m,2026-09-21T13:15:00Z,2026-09-21T13:19:15Z,OFF-HOURS,down,0.62,36.4,-4.9,down,1,1,,6.129,0.266,5.863,-0.06149112232855439
"S1 trader (as deployed, DRY)",(a) chain-verified,15m,2026-09-21T13:30:00Z,2026-09-21T13:43:31Z,US 13:30-21:00,up,0.97,2.8,6.9,up,1,1,,0.3093,0.021,0.2883,15.643103257412385
"S1 trader (as deployed, DRY)",(a) chain-verified,15m,2026-09-21T14:30:00Z,2026-09-21T14:43:30Z,US 13:30-21:00,up,0.9,9.4,11.5,up,1,1,,1.1111,0.07,1.0411,9.166979327834031
"S1 trader (as deployed, DRY)",(a) chain-verified,15m,2026-09-21T14:45:00Z,2026-09-21T14:58:30Z,US 13:30-21:00,up,0.77,22.2,20.6,up,1,1,,2.987,0.161,2.826,5.931733254972611
"S1 trader (as deployed, DRY)",(a) chain-verified,5m,2026-09-21T16:10:00Z,2026-09-21T16:14:22Z,US 13:30-21:00,up,0.57,41.3,4.4,down,0,1,,-10.0,0.301,-10.301,-1.730914256744068
"S1 trader (as deployed, DRY)",(a) chain-verified,5m,2026-09-21T16:15:00Z,2026-09-21T16:19:16Z,US 13:30-21:00,up,0.97,2.8,13.4,up,1,1,,0.3093,0.021,0.2883,10.522044502184823
"S1 trader (as deployed, DRY)",(a) chain-verified,15m,2026-09-21T16:30:00Z,2026-09-21T16:43:30Z,US 13:30-21:00,down,0.58,40.3,-8.8,down,1,1,,7.2414,0.294,6.9474,1.640544273271923
"S1 trader (as deployed, DRY)",(a) chain-verified,5m,2026-09-21T16:55:00Z,2026-09-21T16:59:15Z,US 13:30-21:00,up,0.78,20.8,9.1,up,1,0,3 per hour cap,2.8205,0.154,2.6665,-5.835489972916348
"S1 trader (as deployed, DRY)",(a) chain-verified,15m,2026-09-21T17:45:00Z,2026-09-21T17:58:30Z,US 13:30-21:00,down,0.92,7.5,-12.2,down,1,1,,0.8696,0.056,0.8136,-0.3750930276541107
"S1 trader (as deployed, DRY)",(a) chain-verified,5m,2026-09-21T18:05:00Z,2026-09-21T18:09:18Z,US 13:30-21:00,up,0.67,31.5,4.3,up,1,1,,4.9254,0.231,4.6944,-2.7768806891676503
"S1 trader (as deployed, DRY)",(a) chain-verified,5m,2026-09-21T20:00:00Z,2026-09-21T20:04:15Z,US 13:30-21:00,up,0.92,7.5,5.3,up,1,1,,0.8696,0.056,0.8136,19.172909929161577
"S1 trader (as deployed, DRY)",(a) chain-verified,15m,2026-09-21T22:30:00Z,2026-09-21T22:43:30Z,OFF-HOURS,up,0.89,10.3,10.7,up,1,1,,1.236,0.077,1.159,0.8334868573507708
"S1 trader (as deployed, DRY)",(a) chain-verified,15m,2026-09-21T22:45:00Z,2026-09-21T22:58:30Z,OFF-HOURS,down,0.93,6.5,-5.8,up,0,1,,-10.0,0.049,-10.049,2.739591338809264
"S1 trader (as deployed, DRY)",(a) chain-verified,15m,2026-09-21T23:30:00Z,2026-09-21T23:44:00Z,OFF-HOURS,down,0.65,33.4,-5.7,down,1,1,,5.3846,0.245,5.1396,-3.7685169191642887
"S1 trader (as deployed, DRY)",(a) chain-verified,15m,2026-09-22T01:00:00Z,2026-09-22T01:13:30Z,ASIA 00:00-12:00,down,0.96,3.7,-6.6,down,1,1,,0.4167,0.028,0.3887,-13.050217469030251
"S1 trader (as deployed, DRY)",(a) chain-verified,5m,2026-09-22T02:05:00Z,2026-09-22T02:09:16Z,ASIA 00:00-12:00,up,0.97,2.8,6.0,up,1,1,,0.3093,0.021,0.2883,4.35238022256434
"S1 trader (as deployed, DRY)",(a) chain-verified,15m,2026-09-22T02:45:00Z,2026-09-22T02:58:44Z,ASIA 00:00-12:00,down,0.95,4.7,-7.0,down,1,1,,0.5263,0.035,0.4913,-11.010450554345724
"S1 trader (as deployed, DRY)",(a) chain-verified,15m,2026-09-22T04:15:00Z,2026-09-22T04:28:32Z,ASIA 00:00-12:00,down,0.55,43.3,-8.9,down,1,1,,8.1818,0.315,7.8668,-7.131124346679387
"S1 trader (as deployed, DRY)",(a) chain-verified,15m,2026-09-22T04:30:00Z,2026-09-22T04:43:31Z,ASIA 00:00-12:00,down,0.89,10.3,-5.3,down,1,1,,1.236,0.077,1.159,-4.647014517563694
"S1 trader (as deployed, DRY)",(a) chain-verified,5m,2026-09-22T05:30:00Z,2026-09-22T05:34:15Z,ASIA 00:00-12:00,down,0.6,38.3,-5.5,down,1,1,,6.6667,0.28,6.3867,-2.327518730791111
"S1 trader (as deployed, DRY)",(a) chain-verified,15m,2026-09-22T05:45:00Z,2026-09-22T05:58:51Z,ASIA 00:00-12:00,up,0.93,6.5,13.0,down,0,1,,-10.0,0.049,-10.049,-2.2507042516116056
"S1 trader (as deployed, DRY)",(a) chain-verified,5m,2026-09-22T06:10:00Z,2026-09-22T06:14:20Z,ASIA 00:00-12:00,down,0.95,4.7,-7.3,down,1,1,,0.5263,0.035,0.4913,2.806761179876266
"S1 trader (as deployed, DRY)",(a) chain-verified,15m,2026-09-22T06:15:00Z,2026-09-22T06:28:30Z,ASIA 00:00-12:00,down,0.66,32.4,-4.7,down,1,0,3 per hour cap,5.1515,0.238,4.9135,1.7393621490807307
"S1 trader (as deployed, DRY)",(a) chain-verified,15m,2026-09-22T11:15:00Z,2026-09-22T11:28:30Z,ASIA 00:00-12:00,up,0.78,20.8,9.7,down,0,1,,-10.0,0.154,-10.154,-5.8387095235904045
"S1 trader (as deployed, DRY)",(a) chain-verified,5m,2026-09-22T12:30:00Z,2026-09-22T12:34:16Z,OFF-HOURS,up,0.74,24.7,6.2,down,0,1,,-10.0,0.182,-10.182,-7.676079369168008
"S1 trader (as deployed, DRY)",(a) chain-verified,5m,2026-09-22T13:00:00Z,2026-09-22T13:04:27Z,OFF-HOURS,up,0.96,3.7,10.3,up,1,1,,0.4167,0.028,0.3887,4.104852380257231
"S1 trader (as deployed, DRY)",(a) chain-verified,5m,2026-09-22T15:10:00Z,2026-09-22T15:14:16Z,US 13:30-21:00,down,0.83,16.0,-11.0,down,1,1,,2.0482,0.119,1.9292,-1.6836729609537164
"S1 trader (as deployed, DRY)",(a) chain-verified,15m,2026-09-22T15:15:00Z,2026-09-22T15:28:55Z,US 13:30-21:00,down,0.59,39.3,-5.2,up,0,1,,-10.0,0.287,-10.287,-2.0012546628160286
"S1 trader (as deployed, DRY)",(a) chain-verified,5m,2026-09-22T15:35:00Z,2026-09-22T15:39:15Z,US 13:30-21:00,up,0.82,17.0,4.1,up,1,0,daily stop,2.1951,0.126,2.0691,1.9681003160911068
"S1 trader (as deployed, DRY)",(a) chain-verified,5m,2026-09-22T15:45:00Z,2026-09-22T15:49:25Z,US 13:30-21:00,up,0.97,2.8,4.7,up,1,0,daily stop,0.3093,0.021,0.2883,2.833453619276867
"S1 trader (as deployed, DRY)",(a) chain-verified,15m,2026-09-22T15:45:00Z,2026-09-22T15:58:31Z,US 13:30-21:00,down,0.95,4.7,-4.6,down,1,0,daily stop,0.5263,0.035,0.4913,-16.122825796482104
"S1 trader (as deployed, DRY)",(a) chain-verified,5m,2026-09-22T18:00:00Z,2026-09-22T18:04:16Z,US 13:30-21:00,down,0.97,2.8,-6.0,down,1,0,daily stop,0.3093,0.021,0.2883,-3.0374797992004967
"S1 trader (as deployed, DRY)",(a) chain-verified,15m,2026-09-22T18:00:00Z,2026-09-22T18:13:30Z,US 13:30-21:00,down,0.72,26.6,-8.3,down,1,0,daily stop,3.8889,0.196,3.6929,-4.839714302276405
"S1 trader (as deployed, DRY)",(a) chain-verified,5m,2026-09-22T18:30:00Z,2026-09-22T18:34:16Z,US 13:30-21:00,down,0.64,34.4,-5.3,down,1,0,daily stop,5.625,0.252,5.373,-0.7865021861625883
"S1 trader (as deployed, DRY)",(a) chain-verified,5m,2026-09-22T18:50:00Z,2026-09-22T18:54:15Z,US 13:30-21:00,down,0.87,12.2,-4.4,down,1,0,daily stop,1.4943,0.091,1.4033,2.9179885145804447
"S1 trader (as deployed, DRY)",(a) chain-verified,15m,2026-09-22T19:15:00Z,2026-09-22T19:28:59Z,US 13:30-21:00,up,0.95,4.7,4.1,up,1,0,daily stop,0.5263,0.035,0.4913,6.252653792858445
"S1 trader (as deployed, DRY)",(a) chain-verified,5m,2026-09-22T19:25:00Z,2026-09-22T19:29:15Z,US 13:30-21:00,up,0.87,12.2,5.1,up,1,0,daily stop,1.4943,0.091,1.4033,2.3805543280878476
"S1 trader (as deployed, DRY)",(a) chain-verified,5m,2026-09-22T19:40:00Z,2026-09-22T19:44:15Z,US 13:30-21:00,up,0.96,3.7,5.7,up,1,0,daily stop,0.4167,0.028,0.3887,4.791260203681238
"S1 trader (as deployed, DRY)",(a) chain-verified,15m,2026-09-22T21:00:00Z,2026-09-22T21:13:30Z,OFF-HOURS,up,0.73,25.6,6.9,up,1,0,daily stop,3.6986,0.189,3.5096,-0.9188411268805244
"S1 trader (as deployed, DRY)",(a) chain-verified,15m,2026-09-22T21:45:00Z,2026-09-22T21:58:30Z,OFF-HOURS,up,0.9,9.4,6.5,down,0,0,daily stop,-10.0,0.07,-10.07,-2.3791935920767484
"S1 trader (as deployed, DRY)",(a) chain-verified,15m,2026-09-22T23:30:00Z,2026-09-22T23:43:30Z,OFF-HOURS,down,0.95,4.7,-5.7,down,1,0,daily stop,0.5263,0.035,0.4913,-9.934832138112816
"S1 trader (as deployed, DRY)",(a) chain-verified,5m,2026-09-22T23:45:00Z,2026-09-22T23:49:17Z,OFF-HOURS,up,0.71,27.6,6.2,up,1,0,daily stop,4.0845,0.203,3.8815,-0.31889071961997406
"S1 trader (as deployed, DRY)",(a) chain-verified,15m,2026-09-22T23:45:00Z,2026-09-22T23:58:30Z,OFF-HOURS,up,0.95,4.7,4.7,up,1,0,daily stop,0.5263,0.035,0.4913,6.7115636821064415
"S1 trader (as deployed, DRY)",(a) chain-verified,15m,2026-09-23T00:45:00Z,2026-09-23T00:58:30Z,ASIA 00:00-12:00,up,0.55,43.3,4.3,up,1,1,,8.1818,0.315,7.8668,1.530531435110301
"S1 trader (as deployed, DRY)",(a) chain-verified,15m,2026-09-23T01:45:00Z,2026-09-23T01:58:31Z,ASIA 00:00-12:00,down,0.6,38.3,-7.1,up,0,1,,-10.0,0.28,-10.28,9.734248113492285
"S1 trader (as deployed, DRY)",(a) chain-verified,15m,2026-09-23T03:00:00Z,2026-09-23T03:13:30Z,ASIA 00:00-12:00,down,0.94,5.6,-7.5,down,1,1,,0.6383,0.042,0.5963,-0.8188016458803082
"S1 trader (as deployed, DRY)",(a) chain-verified,5m,2026-09-23T05:35:00Z,2026-09-23T05:39:15Z,ASIA 00:00-12:00,up,0.78,20.8,4.2,down,0,1,,-10.0,0.154,-10.154,-0.057529755426671846
"S1 trader (as deployed, DRY)",(a) chain-verified,5m,2026-09-23T05:40:00Z,2026-09-23T05:44:15Z,ASIA 00:00-12:00,up,0.75,23.7,6.7,up,1,1,,3.3333,0.175,3.1583,1.709535618239207
"S1 trader (as deployed, DRY)",(a) chain-verified,15m,2026-09-23T08:00:00Z,2026-09-23T08:14:12Z,ASIA 00:00-12:00,up,0.96,3.7,4.7,up,1,1,,0.4167,0.028,0.3887,5.376133101359949
"S1 trader (as deployed, DRY)",(a) chain-verified,15m,2026-09-23T08:15:00Z,2026-09-23T08:28:47Z,ASIA 00:00-12:00,up,0.76,22.7,8.3,down,0,1,,-10.0,0.168,-10.168,-2.4220518135201594
"S1 trader (as deployed, DRY)",(a) chain-verified,15m,2026-09-23T09:00:00Z,2026-09-23T09:13:30Z,ASIA 00:00-12:00,up,0.97,2.8,6.7,up,1,1,,0.3093,0.021,0.2883,5.059020717564265
"S1 trader (as deployed, DRY)",(a) chain-verified,5m,2026-09-23T11:30:00Z,2026-09-23T11:34:20Z,ASIA 00:00-12:00,up,0.96,3.7,4.4,up,1,1,,0.4167,0.028,0.3887,0.755055527724106
"S1 trader (as deployed, DRY)",(a) chain-verified,15m,2026-09-23T12:15:00Z,2026-09-23T12:28:30Z,OFF-HOURS,down,0.56,42.3,-5.3,up,0,1,,-10.0,0.308,-10.308,1.1034765181057447
"S1 trader (as deployed, DRY)",(a) chain-verified,15m,2026-09-23T12:30:00Z,2026-09-23T12:43:30Z,OFF-HOURS,up,0.62,36.4,4.5,down,0,0,daily stop,-10.0,0.266,-10.266,-2.6313150062929735
"S1 trader (as deployed, DRY)",(a) chain-verified,15m,2026-09-23T13:45:00Z,2026-09-23T13:58:30Z,US 13:30-21:00,down,0.83,16.0,-16.7,down,1,0,daily stop,2.0482,0.119,1.9292,-4.9854452054456955
"S1 trader (as deployed, DRY)",(a) chain-verified,5m,2026-09-23T14:35:00Z,2026-09-23T14:39:15Z,US 13:30-21:00,up,0.63,35.4,10.9,up,1,0,daily stop,5.873,0.259,5.614,-1.3332387434281792
"S1 trader (as deployed, DRY)",(a) chain-verified,5m,2026-09-23T14:45:00Z,2026-09-23T14:49:15Z,US 13:30-21:00,down,0.96,3.7,-7.7,down,1,0,daily stop,0.4167,0.028,0.3887,1.5120234006793911
"S1 trader (as deployed, DRY)",(a) chain-verified,5m,2026-09-23T15:00:00Z,2026-09-23T15:04:25Z,US 13:30-21:00,up,0.6,38.3,4.2,up,1,0,daily stop,6.6667,0.28,6.3867,2.2690074524492734
"S1 trader (as deployed, DRY)",(a) chain-verified,15m,2026-09-23T16:45:00Z,2026-09-23T16:58:38Z,US 13:30-21:00,down,0.97,2.8,-17.2,down,1,0,daily stop,0.3093,0.021,0.2883,-7.460066041281415
"S1 trader (as deployed, DRY)",(a) chain-verified,15m,2026-09-23T17:45:00Z,2026-09-23T17:58:30Z,US 13:30-21:00,up,0.97,2.8,9.1,up,1,0,daily stop,0.3093,0.021,0.2883,8.091243732970984
"S1 trader (as deployed, DRY)",(a) chain-verified,15m,2026-09-23T18:00:00Z,2026-09-23T18:13:41Z,US 13:30-21:00,down,0.97,2.8,-6.3,down,1,0,daily stop,0.3093,0.021,0.2883,-14.062760877300528
"S1 trader (as deployed, DRY)",(a) chain-verified,15m,2026-09-23T19:30:00Z,2026-09-23T19:43:30Z,US 13:30-21:00,up,0.9,9.4,5.0,up,1,0,daily stop,1.1111,0.07,1.0411,5.257407926122395
"S1 trader (as deployed, DRY)",(a) chain-verified,15m,2026-09-23T19:45:00Z,2026-09-23T19:58:30Z,US 13:30-21:00,up,0.97,2.8,5.1,up,1,0,daily stop,0.3093,0.021,0.2883,7.2822387124194945
"S1 trader (as deployed, DRY)",(a) chain-verified,5m,2026-09-23T23:00:00Z,2026-09-23T23:04:16Z,OFF-HOURS,down,0.74,24.7,-5.3,down,1,0,daily stop,3.5135,0.182,3.3315,0.22540529601760495
"S1 trader (as deployed, DRY)",(a) chain-verified,15m,2026-09-23T23:15:00Z,2026-09-23T23:28:31Z,OFF-HOURS,down,0.9,9.4,-4.6,down,1,0,daily stop,1.1111,0.07,1.0411,-0.5845430238154802
"S1 trader (as deployed, DRY)",(a) chain-verified,15m,2026-09-24T00:15:00Z,2026-09-24T00:28:58Z,ASIA 00:00-12:00,up,0.55,43.3,4.1,down,0,1,,-10.0,0.315,-10.315,-1.6270367940083021
"S1 trader (as deployed, DRY)",(a) chain-verified,15m,2026-09-24T00:45:00Z,2026-09-24T00:58:30Z,ASIA 00:00-12:00,down,0.96,3.7,-6.6,down,1,1,,0.4167,0.028,0.3887,-5.147109050128786
"S1 trader (as deployed, DRY)",(a) chain-verified,5m,2026-09-24T02:35:00Z,2026-09-24T02:39:31Z,ASIA 00:00-12:00,down,0.6,38.3,-4.5,up,0,1,,-10.0,0.28,-10.28,3.7802822997158367
"S1 trader (as deployed, DRY)",(a) chain-verified,15m,2026-09-24T03:30:00Z,2026-09-24T03:43:30Z,ASIA 00:00-12:00,down,0.77,21.8,-6.6,down,1,0,daily stop,2.987,0.161,2.826,-4.924451167835398
"S1 trader (as deployed, DRY)",(a) chain-verified,5m,2026-09-24T03:55:00Z,2026-09-24T03:59:16Z,ASIA 00:00-12:00,down,0.87,12.2,-4.1,down,1,0,daily stop,1.4943,0.091,1.4033,2.4080991975486463
"S1 trader (as deployed, DRY)",(a) chain-verified,15m,2026-09-24T06:45:00Z,2026-09-24T06:58:30Z,ASIA 00:00-12:00,down,0.97,2.8,-7.4,down,1,0,daily stop,0.3093,0.021,0.2883,-9.36061179614481
"S1 trader (as deployed, DRY)",(a) chain-verified,15m,2026-09-24T07:00:00Z,2026-09-24T07:13:37Z,ASIA 00:00-12:00,down,0.96,3.7,-9.4,down,1,0,daily stop,0.4167,0.028,0.3887,-2.938336001705422
"S1 trader (as deployed, DRY)",(a) chain-verified,15m,2026-09-24T07:30:00Z,2026-09-24T07:43:30Z,ASIA 00:00-12:00,up,0.93,6.5,12.0,up,1,0,daily stop,0.7527,0.049,0.7037,2.675526096362383
"S1 trader (as deployed, DRY)",(a) chain-verified,5m,2026-09-24T08:35:00Z,2026-09-24T08:39:15Z,ASIA 00:00-12:00,down,0.92,7.5,-8.7,down,1,0,daily stop,0.8696,0.056,0.8136,5.415197987538195
"S1 trader (as deployed, DRY)",(a) chain-verified,5m,2026-09-24T10:20:00Z,2026-09-24T10:24:15Z,ASIA 00:00-12:00,down,0.7,28.5,-6.7,down,1,0,daily stop,4.2857,0.21,4.0757,-5.55125719089356
"S1 trader (as deployed, DRY)",(a) chain-verified,15m,2026-09-24T10:15:00Z,2026-09-24T10:28:30Z,ASIA 00:00-12:00,up,0.65,33.4,6.3,up,1,0,daily stop,5.3846,0.245,5.1396,-4.79003375319899
"S1 trader (as deployed, DRY)",(a) chain-verified,15m,2026-09-24T11:00:00Z,2026-09-24T11:13:31Z,ASIA 00:00-12:00,up,0.71,27.6,5.3,up,1,0,daily stop,4.0845,0.203,3.8815,6.124183492197358
"S1 trader (as deployed, DRY)",(a) chain-verified,15m,2026-09-24T12:15:00Z,2026-09-24T12:28:30Z,OFF-HOURS,up,0.7,28.5,5.4,up,1,0,daily stop,4.2857,0.21,4.0757,1.4415926717137635
"S1 trader (as deployed, DRY)",(a) chain-verified,15m,2026-09-24T13:15:00Z,2026-09-24T13:28:40Z,OFF-HOURS,up,0.97,2.8,8.8,up,1,0,daily stop,0.3093,0.021,0.2883,2.4802054318561932
"S1 trader (as deployed, DRY)",(a) chain-verified,15m,2026-09-24T16:30:00Z,2026-09-24T16:43:30Z,US 13:30-21:00,down,0.61,37.3,-7.8,down,1,0,daily stop,6.3934,0.273,6.1204,-17.852022661263128
"S1 trader (as deployed, DRY)",(a) chain-verified,5m,2026-09-24T17:10:00Z,2026-09-24T17:14:16Z,US 13:30-21:00,down,0.96,3.7,-6.0,down,1,0,daily stop,0.4167,0.028,0.3887,0.3844404823749607
"S1 trader (as deployed, DRY)",(a) chain-verified,5m,2026-09-24T17:30:00Z,2026-09-24T17:34:15Z,US 13:30-21:00,up,0.93,6.5,5.5,up,1,0,daily stop,0.7527,0.049,0.7037,-3.3302282225684126
"S1 trader (as deployed, DRY)",(a) chain-verified,15m,2026-09-24T18:30:00Z,2026-09-24T18:43:30Z,US 13:30-21:00,down,0.88,11.3,-6.2,down,1,0,daily stop,1.3636,0.084,1.2796,-0.5335456237156306
"S1 trader (as deployed, DRY)",(a) chain-verified,5m,2026-09-24T18:50:00Z,2026-09-24T18:54:16Z,US 13:30-21:00,up,0.97,2.8,6.5,up,1,0,daily stop,0.3093,0.021,0.2883,4.329747351634365
"S1 trader (as deployed, DRY)",(a) chain-verified,5m,2026-09-24T20:05:00Z,2026-09-24T20:09:15Z,US 13:30-21:00,down,0.92,7.5,-6.0,down,1,0,daily stop,0.8696,0.056,0.8136,1.7048059138752514
"S1 trader (as deployed, DRY)",(a) chain-verified,15m,2026-09-24T20:15:00Z,2026-09-24T20:28:30Z,US 13:30-21:00,down,0.66,32.4,-5.7,down,1,0,daily stop,5.1515,0.238,4.9135,2.7083659053565468
"S1 trader (as deployed, DRY)",(a) chain-verified,15m,2026-09-24T21:30:00Z,2026-09-24T21:43:31Z,OFF-HOURS,up,0.96,3.7,4.1,up,1,0,daily stop,0.4167,0.028,0.3887,7.1381833021080325
"S1 trader (as deployed, DRY)",(a) chain-verified,15m,2026-09-24T23:00:00Z,2026-09-24T23:13:30Z,OFF-HOURS,up,0.71,27.6,7.8,up,1,0,daily stop,4.0845,0.203,3.8815,2.562622403921652
"S1 trader (as deployed, DRY)",(a) chain-verified,15m,2026-09-25T00:30:00Z,2026-09-25T00:43:30Z,ASIA 00:00-12:00,down,0.93,6.5,-6.7,down,1,1,,0.7527,0.049,0.7037,-8.495237740543171
"S1 trader (as deployed, DRY)",(a) chain-verified,5m,2026-09-25T00:40:00Z,2026-09-25T00:44:15Z,ASIA 00:00-12:00,up,0.94,5.6,4.8,up,1,1,,0.6383,0.042,0.5963,-1.1328793314010652
"S1 trader (as deployed, DRY)",(a) chain-verified,15m,2026-09-25T01:30:00Z,2026-09-25T01:43:30Z,ASIA 00:00-12:00,down,0.6,38.3,-11.3,down,1,1,,6.6667,0.28,6.3867,-6.840895021053315
"S1 trader (as deployed, DRY)",(a) chain-verified,5m,2026-09-25T01:50:00Z,2026-09-25T01:54:16Z,ASIA 00:00-12:00,up,0.76,22.7,4.5,up,1,1,,3.1579,0.168,2.9899,-1.071431547733973
"S1 trader (as deployed, DRY)",(a) chain-verified,15m,2026-09-25T03:00:00Z,2026-09-25T03:13:30Z,ASIA 00:00-12:00,up,0.9,9.4,5.3,up,1,1,,1.1111,0.07,1.0411,3.631888421163922
"S1 trader (as deployed, DRY)",(a) chain-verified,15m,2026-09-25T03:45:00Z,2026-09-25T03:58:31Z,ASIA 00:00-12:00,down,0.76,22.7,-4.5,down,1,1,,3.1579,0.168,2.9899,2.749575731538643
"S1 trader (as deployed, DRY)",(a) chain-verified,5m,2026-09-25T05:30:00Z,2026-09-25T05:34:15Z,ASIA 00:00-12:00,down,0.65,33.4,-4.1,down,1,1,,5.3846,0.245,5.1396,-2.2968907756404384
"S1 trader (as deployed, DRY)",(a) chain-verified,5m,2026-09-25T07:10:00Z,2026-09-25T07:14:16Z,ASIA 00:00-12:00,up,0.94,5.6,5.0,up,1,1,,0.6383,0.042,0.5963,-3.2512797218589653
"S1 trader (as deployed, DRY)",(a) chain-verified,5m,2026-09-25T08:05:00Z,2026-09-25T08:09:17Z,ASIA 00:00-12:00,down,0.95,4.7,-4.6,down,1,1,,0.5263,0.035,0.4913,-0.8995193907042397
"S1 trader (as deployed, DRY)",(a) chain-verified,15m,2026-09-25T12:30:00Z,2026-09-25T12:43:30Z,OFF-HOURS,up,0.74,24.7,9.7,up,1,1,,3.5135,0.182,3.3315,4.384047353261058
"S1 trader (as deployed, DRY)",(a) chain-verified,5m,2026-09-25T13:00:00Z,2026-09-25T13:04:15Z,OFF-HOURS,down,0.96,3.7,-7.9,down,1,1,,0.4167,0.028,0.3887,1.157484919543802
"S1 trader (as deployed, DRY)",(a) chain-verified,15m,2026-09-25T14:15:00Z,2026-09-25T14:28:30Z,US 13:30-21:00,up,0.94,5.6,8.1,up,1,1,,0.6383,0.042,0.5963,9.126289360952853
"S1 trader (as deployed, DRY)",(a) chain-verified,15m,2026-09-25T14:30:00Z,2026-09-25T14:43:47Z,US 13:30-21:00,up,0.96,3.7,18.4,up,1,1,,0.4167,0.028,0.3887,5.425331124360873
"S1 trader (as deployed, DRY)",(a) chain-verified,15m,2026-09-25T15:00:00Z,2026-09-25T15:13:30Z,US 13:30-21:00,down,0.71,27.6,-12.1,down,1,1,,4.0845,0.203,3.8815,-2.4206852443810205
"S1 trader (as deployed, DRY)",(a) chain-verified,5m,2026-09-25T15:30:00Z,2026-09-25T15:34:15Z,US 13:30-21:00,up,0.82,17.0,5.2,up,1,1,,2.1951,0.126,2.0691,-3.262802942113594
"S1 trader (as deployed, DRY)",(a) chain-verified,5m,2026-09-25T16:05:00Z,2026-09-25T16:09:15Z,US 13:30-21:00,up,0.68,30.5,4.7,up,1,1,,4.7059,0.224,4.4819,0.9537621805731173
"S1 trader (as deployed, DRY)",(a) chain-verified,15m,2026-09-25T16:15:00Z,2026-09-25T16:28:30Z,US 13:30-21:00,up,0.61,37.3,4.7,up,1,1,,6.3934,0.273,6.1204,-4.409550920796326
"S1 trader (as deployed, DRY)",(a) chain-verified,15m,2026-09-25T16:30:00Z,2026-09-25T16:43:30Z,US 13:30-21:00,down,0.87,12.2,-6.5,down,1,1,,1.4943,0.091,1.4033,-8.79302928075346
"S1 trader (as deployed, DRY)",(a) chain-verified,15m,2026-09-26T00:30:00Z,2026-09-26T00:43:30Z,WEEKEND,down,0.92,7.5,-10.0,down,1,1,,0.8696,0.056,0.8136,-8.02326340230513
"S1 trader (as deployed, DRY)",(a) chain-verified,15m,2026-09-26T01:00:00Z,2026-09-26T01:13:30Z,WEEKEND,up,0.96,3.7,6.3,up,1,1,,0.4167,0.028,0.3887,2.892347185081269
"S1 trader (as deployed, DRY)",(a) chain-verified,15m,2026-09-26T02:00:00Z,2026-09-26T02:13:30Z,WEEKEND,down,0.79,19.8,-4.9,up,0,1,,-10.0,0.147,-10.147,6.584975413744199
"S1 trader (as deployed, DRY)",(a) chain-verified,15m,2026-09-27T03:00:00Z,2026-09-27T03:13:30Z,WEEKEND,up,0.97,2.8,4.1,up,1,1,,0.3093,0.021,0.2883,3.9662264602813306
"S1 trader (as deployed, DRY)",(a) chain-verified,15m,2026-09-27T11:30:00Z,2026-09-27T11:43:31Z,WEEKEND,down,0.84,15.1,-5.0,down,1,1,,1.9048,0.112,1.7928,1.6718028752071652
"S1 trader (as deployed, DRY)",(b1) public past-results outcome,15m,2026-09-20T15:45:00Z,2026-09-20T15:58:30Z,WEEKEND,up,0.92,7.5,6.4,up,1,1,,0.8696,0.056,0.8136,8.57342106929882
"S1 trader (as deployed, DRY)",(b1) public past-results outcome,15m,2026-09-20T17:15:00Z,2026-09-20T17:28:30Z,WEEKEND,up,0.62,36.4,6.4,down,0,1,,-10.0,0.266,-10.266,-8.440740218586894
"S1 trader (as deployed, DRY)",(b1) public past-results outcome,5m,2026-09-20T21:05:00Z,2026-09-20T21:09:34Z,WEEKEND,up,0.68,30.5,6.9,down,0,1,,-10.0,0.224,-10.224,-3.8903454436955065
"S1 trader (as deployed, DRY)",(b1) public past-results outcome,15m,2026-09-20T22:30:00Z,2026-09-20T22:43:30Z,WEEKEND,up,0.55,43.3,4.3,down,0,1,,-10.0,0.315,-10.315,-6.382999517925648
"S1 trader (as deployed, DRY)",(b1) public past-results outcome,5m,2026-09-20T22:50:00Z,2026-09-20T22:54:15Z,WEEKEND,up,0.97,2.8,5.9,down,0,0,daily stop,-10.0,0.021,-10.021,-0.656010366722339
"S1 trader (as deployed, DRY)",(b1) public past-results outcome,15m,2026-09-20T22:45:00Z,2026-09-20T22:58:36Z,WEEKEND,up,0.97,2.8,6.4,up,1,0,daily stop,0.3093,0.021,0.2883,12.766481365372995
"S1 trader (as deployed, DRY)",(b1) public past-results outcome,15m,2026-09-20T23:15:00Z,2026-09-20T23:28:30Z,WEEKEND,up,0.74,24.7,5.5,up,1,0,daily stop,3.5135,0.182,3.3315,0.8193389711534386
"S1 trader (as deployed, DRY)",(b1) public past-results outcome,5m,2026-09-20T23:40:00Z,2026-09-20T23:44:19Z,WEEKEND,down,0.64,34.4,-4.1,up,0,0,daily stop,-10.0,0.252,-10.252,2.8449989251090795
"S1 trader (as deployed, DRY)",(b1) public past-results outcome,15m,2026-09-21T00:15:00Z,2026-09-21T00:28:30Z,ASIA 00:00-12:00,up,0.97,2.8,7.6,up,1,1,,0.3093,0.021,0.2883,8.446267501819475
"S1 trader (as deployed, DRY)",(b1) public past-results outcome,15m,2026-09-21T00:45:00Z,2026-09-21T00:58:30Z,ASIA 00:00-12:00,up,0.62,36.4,14.8,down,0,1,,-10.0,0.266,-10.266,-7.857121861579802
"S1 trader (as deployed, DRY)",(b1) public past-results outcome,5m,2026-09-21T01:00:00Z,2026-09-21T01:04:17Z,ASIA 00:00-12:00,down,0.97,2.8,-5.6,down,1,1,,0.3093,0.021,0.2883,-1.5680691807141287
"S1 trader (as deployed, DRY)",(b1) public past-results outcome,5m,2026-09-21T01:10:00Z,2026-09-21T01:14:15Z,ASIA 00:00-12:00,up,0.94,5.6,4.8,up,1,0,3 per hour cap,0.6383,0.042,0.5963,3.4339438103083224
"S1 trader (as deployed, DRY)",(b1) public past-results outcome,5m,2026-09-21T04:30:00Z,2026-09-21T04:34:16Z,ASIA 00:00-12:00,down,0.88,11.3,-6.0,up,0,1,,-10.0,0.084,-10.084,3.531835598808586
"S1 trader (as deployed, DRY)",(b1) public past-results outcome,15m,2026-09-21T05:30:00Z,2026-09-21T05:43:31Z,ASIA 00:00-12:00,up,0.62,36.4,8.1,up,1,1,,6.129,0.266,5.863,5.462815286499528
"S1 trader (as deployed, DRY)",(b1) public past-results outcome,5m,2026-09-21T08:40:00Z,2026-09-21T08:44:15Z,ASIA 00:00-12:00,up,0.87,12.2,11.7,up,1,1,,1.4943,0.091,1.4033,2.7792028088579155
"S1 trader (as deployed, DRY)",(b1) public past-results outcome,5m,2026-09-21T08:55:00Z,2026-09-21T08:59:15Z,ASIA 00:00-12:00,down,0.95,4.7,-4.6,down,1,1,,0.5263,0.035,0.4913,-5.009507821260034
"S1 trader (as deployed, DRY)",(b1) public past-results outcome,5m,2026-09-21T09:40:00Z,2026-09-21T09:44:15Z,ASIA 00:00-12:00,down,0.69,29.5,-10.4,up,0,1,,-10.0,0.217,-10.217,14.64451441386019
"S1 trader (as deployed, DRY)",(b1) public past-results outcome,5m,2026-09-21T10:00:00Z,2026-09-21T10:04:22Z,ASIA 00:00-12:00,up,0.64,34.4,6.4,down,0,0,daily stop,-10.0,0.252,-10.252,-7.052830492346028
"S1 trader (as deployed, DRY)",(b1) public past-results outcome,5m,2026-09-21T11:45:00Z,2026-09-21T11:49:15Z,ASIA 00:00-12:00,down,0.65,33.4,-5.4,up,0,0,daily stop,-10.0,0.245,-10.245,5.623339663799599
"S1 trader (as deployed, DRY)",(b1) public past-results outcome,5m,2026-09-21T12:10:00Z,2026-09-21T12:14:15Z,OFF-HOURS,down,0.7,28.5,-7.9,up,0,0,daily stop,-10.0,0.21,-10.21,4.877444370206226
"S1 trader (as deployed, DRY)",(b1) public past-results outcome,15m,2026-09-21T12:15:00Z,2026-09-21T12:28:39Z,OFF-HOURS,up,0.66,32.4,12.1,up,1,0,daily stop,5.1515,0.238,4.9135,9.00309395907464
"S1 trader (as deployed, DRY)",(b1) public past-results outcome,5m,2026-09-21T12:35:00Z,2026-09-21T12:39:26Z,OFF-HOURS,up,0.97,2.8,9.4,up,1,0,daily stop,0.3093,0.021,0.2883,3.5589648735089368
"S1 trader (as deployed, DRY)",(b1) public past-results outcome,5m,2026-09-21T13:15:00Z,2026-09-21T13:19:15Z,OFF-HOURS,down,0.62,36.4,-4.9,down,1,0,daily stop,6.129,0.266,5.863,-0.06149112232855439
"S1 trader (as deployed, DRY)",(b1) public past-results outcome,15m,2026-09-21T13:30:00Z,2026-09-21T13:43:31Z,US 13:30-21:00,up,0.97,2.8,6.9,up,1,0,daily stop,0.3093,0.021,0.2883,15.643103257412385
"S1 trader (as deployed, DRY)",(b1) public past-results outcome,15m,2026-09-21T14:30:00Z,2026-09-21T14:43:30Z,US 13:30-21:00,up,0.9,9.4,11.5,up,1,0,daily stop,1.1111,0.07,1.0411,9.166979327834031
"S1 trader (as deployed, DRY)",(b1) public past-results outcome,15m,2026-09-21T14:45:00Z,2026-09-21T14:58:30Z,US 13:30-21:00,up,0.77,22.2,20.6,up,1,0,daily stop,2.987,0.161,2.826,5.931733254972611
"S1 trader (as deployed, DRY)",(b1) public past-results outcome,5m,2026-09-21T16:10:00Z,2026-09-21T16:14:22Z,US 13:30-21:00,up,0.57,41.3,4.4,down,0,0,daily stop,-10.0,0.301,-10.301,-1.730914256744068
"S1 trader (as deployed, DRY)",(b1) public past-results outcome,5m,2026-09-21T16:15:00Z,2026-09-21T16:19:16Z,US 13:30-21:00,up,0.97,2.8,13.4,up,1,0,daily stop,0.3093,0.021,0.2883,10.522044502184823
"S1 trader (as deployed, DRY)",(b1) public past-results outcome,15m,2026-09-21T16:30:00Z,2026-09-21T16:43:30Z,US 13:30-21:00,down,0.58,40.3,-8.8,up,0,0,daily stop,-10.0,0.294,-10.294,1.640544273271923
"S1 trader (as deployed, DRY)",(b1) public past-results outcome,5m,2026-09-21T16:55:00Z,2026-09-21T16:59:15Z,US 13:30-21:00,up,0.78,20.8,9.1,down,0,0,daily stop,-10.0,0.154,-10.154,-5.835489972916348
"S1 trader (as deployed, DRY)",(b1) public past-results outcome,15m,2026-09-21T17:45:00Z,2026-09-21T17:58:30Z,US 13:30-21:00,down,0.92,7.5,-12.2,down,1,0,daily stop,0.8696,0.056,0.8136,-0.3750930276541107
"S1 trader (as deployed, DRY)",(b1) public past-results outcome,5m,2026-09-21T18:05:00Z,2026-09-21T18:09:18Z,US 13:30-21:00,up,0.67,31.5,4.3,down,0,0,daily stop,-10.0,0.231,-10.231,-2.7768806891676503
"S1 trader (as deployed, DRY)",(b1) public past-results outcome,5m,2026-09-21T20:00:00Z,2026-09-21T20:04:15Z,US 13:30-21:00,up,0.92,7.5,5.3,up,1,0,daily stop,0.8696,0.056,0.8136,19.172909929161577
"S1 trader (as deployed, DRY)",(b1) public past-results outcome,15m,2026-09-21T22:30:00Z,2026-09-21T22:43:30Z,OFF-HOURS,up,0.89,10.3,10.7,up,1,0,daily stop,1.236,0.077,1.159,0.8334868573507708
"S1 trader (as deployed, DRY)",(b1) public past-results outcome,15m,2026-09-21T22:45:00Z,2026-09-21T22:58:30Z,OFF-HOURS,down,0.93,6.5,-5.8,up,0,0,daily stop,-10.0,0.049,-10.049,2.739591338809264
"S1 trader (as deployed, DRY)",(b1) public past-results outcome,15m,2026-09-21T23:30:00Z,2026-09-21T23:44:00Z,OFF-HOURS,down,0.65,33.4,-5.7,down,1,0,daily stop,5.3846,0.245,5.1396,-3.7685169191642887
"S1 trader (as deployed, DRY)",(b1) public past-results outcome,15m,2026-09-22T01:00:00Z,2026-09-22T01:13:30Z,ASIA 00:00-12:00,down,0.96,3.7,-6.6,down,1,1,,0.4167,0.028,0.3887,-13.050217469030251
"S1 trader (as deployed, DRY)",(b1) public past-results outcome,5m,2026-09-22T02:05:00Z,2026-09-22T02:09:16Z,ASIA 00:00-12:00,up,0.97,2.8,6.0,up,1,1,,0.3093,0.021,0.2883,4.35238022256434
"S1 trader (as deployed, DRY)",(b1) public past-results outcome,15m,2026-09-22T02:45:00Z,2026-09-22T02:58:44Z,ASIA 00:00-12:00,down,0.95,4.7,-7.0,down,1,1,,0.5263,0.035,0.4913,-11.010450554345724
"S1 trader (as deployed, DRY)",(b1) public past-results outcome,15m,2026-09-22T04:15:00Z,2026-09-22T04:28:32Z,ASIA 00:00-12:00,down,0.55,43.3,-8.9,down,1,1,,8.1818,0.315,7.8668,-7.131124346679387
"S1 trader (as deployed, DRY)",(b1) public past-results outcome,15m,2026-09-22T04:30:00Z,2026-09-22T04:43:31Z,ASIA 00:00-12:00,down,0.89,10.3,-5.3,down,1,1,,1.236,0.077,1.159,-4.647014517563694
"S1 trader (as deployed, DRY)",(b1) public past-results outcome,5m,2026-09-22T05:30:00Z,2026-09-22T05:34:15Z,ASIA 00:00-12:00,down,0.6,38.3,-5.5,down,1,1,,6.6667,0.28,6.3867,-2.327518730791111
"S1 trader (as deployed, DRY)",(b1) public past-results outcome,15m,2026-09-22T05:45:00Z,2026-09-22T05:58:51Z,ASIA 00:00-12:00,up,0.93,6.5,13.0,down,0,1,,-10.0,0.049,-10.049,-2.2507042516116056
"S1 trader (as deployed, DRY)",(b1) public past-results outcome,5m,2026-09-22T06:10:00Z,2026-09-22T06:14:20Z,ASIA 00:00-12:00,down,0.95,4.7,-7.3,up,0,1,,-10.0,0.035,-10.035,2.806761179876266
"S1 trader (as deployed, DRY)",(b1) public past-results outcome,15m,2026-09-22T06:15:00Z,2026-09-22T06:28:30Z,ASIA 00:00-12:00,down,0.66,32.4,-4.7,up,0,0,3 per hour cap,-10.0,0.238,-10.238,1.7393621490807307
"S1 trader (as deployed, DRY)",(b1) public past-results outcome,15m,2026-09-22T11:15:00Z,2026-09-22T11:28:30Z,ASIA 00:00-12:00,up,0.78,20.8,9.7,down,0,1,,-10.0,0.154,-10.154,-5.8387095235904045
"S1 trader (as deployed, DRY)",(b1) public past-results outcome,5m,2026-09-22T12:30:00Z,2026-09-22T12:34:16Z,OFF-HOURS,up,0.74,24.7,6.2,down,0,1,,-10.0,0.182,-10.182,-7.676079369168008
"S1 trader (as deployed, DRY)",(b1) public past-results outcome,5m,2026-09-22T13:00:00Z,2026-09-22T13:04:27Z,OFF-HOURS,up,0.96,3.7,10.3,up,1,0,daily stop,0.4167,0.028,0.3887,4.104852380257231
"S1 trader (as deployed, DRY)",(b1) public past-results outcome,15m,2026-09-22T15:15:00Z,2026-09-22T15:28:55Z,US 13:30-21:00,down,0.59,39.3,-5.2,down,1,0,daily stop,6.9492,0.287,6.6622,-2.0012546628160286
"S1 trader (as deployed, DRY)",(b1) public past-results outcome,15m,2026-09-22T15:45:00Z,2026-09-22T15:58:31Z,US 13:30-21:00,down,0.95,4.7,-4.6,down,1,0,daily stop,0.5263,0.035,0.4913,-16.122825796482104
"S1 trader (as deployed, DRY)",(b1) public past-results outcome,15m,2026-09-22T18:00:00Z,2026-09-22T18:13:30Z,US 13:30-21:00,down,0.72,26.6,-8.3,down,1,0,daily stop,3.8889,0.196,3.6929,-4.839714302276405
"S1 trader (as deployed, DRY)",(b1) public past-results outcome,5m,2026-09-22T18:50:00Z,2026-09-22T18:54:15Z,US 13:30-21:00,down,0.87,12.2,-4.4,up,0,0,daily stop,-10.0,0.091,-10.091,2.9179885145804447
"S1 trader (as deployed, DRY)",(b1) public past-results outcome,15m,2026-09-22T19:15:00Z,2026-09-22T19:28:59Z,US 13:30-21:00,up,0.95,4.7,4.1,up,1,0,daily stop,0.5263,0.035,0.4913,6.252653792858445
"S1 trader (as deployed, DRY)",(b1) public past-results outcome,5m,2026-09-22T19:40:00Z,2026-09-22T19:44:15Z,US 13:30-21:00,up,0.96,3.7,5.7,up,1,0,daily stop,0.4167,0.028,0.3887,4.791260203681238
"S1 trader (as deployed, DRY)",(b1) public past-results outcome,15m,2026-09-22T21:00:00Z,2026-09-22T21:13:30Z,OFF-HOURS,up,0.73,25.6,6.9,down,0,0,daily stop,-10.0,0.189,-10.189,-0.9188411268805244
"S1 trader (as deployed, DRY)",(b1) public past-results outcome,15m,2026-09-22T21:45:00Z,2026-09-22T21:58:30Z,OFF-HOURS,up,0.9,9.4,6.5,down,0,0,daily stop,-10.0,0.07,-10.07,-2.3791935920767484
"S1 trader (as deployed, DRY)",(b1) public past-results outcome,15m,2026-09-22T23:30:00Z,2026-09-22T23:43:30Z,OFF-HOURS,down,0.95,4.7,-5.7,down,1,0,daily stop,0.5263,0.035,0.4913,-9.934832138112816
"S1 trader (as deployed, DRY)",(b1) public past-results outcome,5m,2026-09-22T23:45:00Z,2026-09-22T23:49:17Z,OFF-HOURS,up,0.71,27.6,6.2,down,0,0,daily stop,-10.0,0.203,-10.203,-0.31889071961997406
"S1 trader (as deployed, DRY)",(b1) public past-results outcome,15m,2026-09-22T23:45:00Z,2026-09-22T23:58:30Z,OFF-HOURS,up,0.95,4.7,4.7,up,1,0,daily stop,0.5263,0.035,0.4913,6.7115636821064415
"S1 trader (as deployed, DRY)",(b1) public past-results outcome,15m,2026-09-23T00:45:00Z,2026-09-23T00:58:30Z,ASIA 00:00-12:00,up,0.55,43.3,4.3,up,1,1,,8.1818,0.315,7.8668,1.530531435110301
"S1 trader (as deployed, DRY)",(b1) public past-results outcome,15m,2026-09-23T01:45:00Z,2026-09-23T01:58:31Z,ASIA 00:00-12:00,down,0.6,38.3,-7.1,up,0,1,,-10.0,0.28,-10.28,9.734248113492285
"S1 trader (as deployed, DRY)",(b1) public past-results outcome,15m,2026-09-23T03:00:00Z,2026-09-23T03:13:30Z,ASIA 00:00-12:00,down,0.94,5.6,-7.5,down,1,1,,0.6383,0.042,0.5963,-0.8188016458803082
"S1 trader (as deployed, DRY)",(b1) public past-results outcome,5m,2026-09-23T05:35:00Z,2026-09-23T05:39:15Z,ASIA 00:00-12:00,up,0.78,20.8,4.2,down,0,1,,-10.0,0.154,-10.154,-0.057529755426671846
"S1 trader (as deployed, DRY)",(b1) public past-results outcome,5m,2026-09-23T05:40:00Z,2026-09-23T05:44:15Z,ASIA 00:00-12:00,up,0.75,23.7,6.7,up,1,1,,3.3333,0.175,3.1583,1.709535618239207
"S1 trader (as deployed, DRY)",(b1) public past-results outcome,15m,2026-09-23T08:00:00Z,2026-09-23T08:14:12Z,ASIA 00:00-12:00,up,0.96,3.7,4.7,up,1,1,,0.4167,0.028,0.3887,5.376133101359949
"S1 trader (as deployed, DRY)",(b1) public past-results outcome,15m,2026-09-23T08:15:00Z,2026-09-23T08:28:47Z,ASIA 00:00-12:00,up,0.76,22.7,8.3,down,0,1,,-10.0,0.168,-10.168,-2.4220518135201594
"S1 trader (as deployed, DRY)",(b1) public past-results outcome,15m,2026-09-23T09:00:00Z,2026-09-23T09:13:30Z,ASIA 00:00-12:00,up,0.97,2.8,6.7,up,1,1,,0.3093,0.021,0.2883,5.059020717564265
"S1 trader (as deployed, DRY)",(b1) public past-results outcome,5m,2026-09-23T11:30:00Z,2026-09-23T11:34:20Z,ASIA 00:00-12:00,up,0.96,3.7,4.4,up,1,1,,0.4167,0.028,0.3887,0.755055527724106
"S1 trader (as deployed, DRY)",(b1) public past-results outcome,15m,2026-09-23T12:15:00Z,2026-09-23T12:28:30Z,OFF-HOURS,down,0.56,42.3,-5.3,up,0,1,,-10.0,0.308,-10.308,1.1034765181057447
"S1 trader (as deployed, DRY)",(b1) public past-results outcome,15m,2026-09-23T12:30:00Z,2026-09-23T12:43:30Z,OFF-HOURS,up,0.62,36.4,4.5,down,0,0,daily stop,-10.0,0.266,-10.266,-2.6313150062929735
"S1 trader (as deployed, DRY)",(b1) public past-results outcome,15m,2026-09-23T13:45:00Z,2026-09-23T13:58:30Z,US 13:30-21:00,down,0.83,16.0,-16.7,down,1,0,daily stop,2.0482,0.119,1.9292,-4.9854452054456955
"S1 trader (as deployed, DRY)",(b1) public past-results outcome,5m,2026-09-23T14:35:00Z,2026-09-23T14:39:15Z,US 13:30-21:00,up,0.63,35.4,10.9,down,0,0,daily stop,-10.0,0.259,-10.259,-1.3332387434281792
"S1 trader (as deployed, DRY)",(b1) public past-results outcome,5m,2026-09-23T14:45:00Z,2026-09-23T14:49:15Z,US 13:30-21:00,down,0.96,3.7,-7.7,up,0,0,daily stop,-10.0,0.028,-10.028,1.5120234006793911
"S1 trader (as deployed, DRY)",(b1) public past-results outcome,5m,2026-09-23T15:00:00Z,2026-09-23T15:04:25Z,US 13:30-21:00,up,0.6,38.3,4.2,up,1,0,daily stop,6.6667,0.28,6.3867,2.2690074524492734
"S1 trader (as deployed, DRY)",(b1) public past-results outcome,15m,2026-09-23T16:45:00Z,2026-09-23T16:58:38Z,US 13:30-21:00,down,0.97,2.8,-17.2,down,1,0,daily stop,0.3093,0.021,0.2883,-7.460066041281415
"S1 trader (as deployed, DRY)",(b1) public past-results outcome,15m,2026-09-23T17:45:00Z,2026-09-23T17:58:30Z,US 13:30-21:00,up,0.97,2.8,9.1,up,1,0,daily stop,0.3093,0.021,0.2883,8.091243732970984
"S1 trader (as deployed, DRY)",(b1) public past-results outcome,15m,2026-09-23T18:00:00Z,2026-09-23T18:13:41Z,US 13:30-21:00,down,0.97,2.8,-6.3,down,1,0,daily stop,0.3093,0.021,0.2883,-14.062760877300528
"S1 trader (as deployed, DRY)",(b1) public past-results outcome,15m,2026-09-23T19:30:00Z,2026-09-23T19:43:30Z,US 13:30-21:00,up,0.9,9.4,5.0,up,1,0,daily stop,1.1111,0.07,1.0411,5.257407926122395
"S1 trader (as deployed, DRY)",(b1) public past-results outcome,15m,2026-09-23T19:45:00Z,2026-09-23T19:58:30Z,US 13:30-21:00,up,0.97,2.8,5.1,up,1,0,daily stop,0.3093,0.021,0.2883,7.2822387124194945
"S1 trader (as deployed, DRY)",(b1) public past-results outcome,5m,2026-09-23T23:00:00Z,2026-09-23T23:04:16Z,OFF-HOURS,down,0.74,24.7,-5.3,up,0,0,daily stop,-10.0,0.182,-10.182,0.22540529601760495
"S1 trader (as deployed, DRY)",(b1) public past-results outcome,15m,2026-09-23T23:15:00Z,2026-09-23T23:28:31Z,OFF-HOURS,down,0.9,9.4,-4.6,down,1,0,daily stop,1.1111,0.07,1.0411,-0.5845430238154802
"S1 trader (as deployed, DRY)",(b1) public past-results outcome,15m,2026-09-24T00:15:00Z,2026-09-24T00:28:58Z,ASIA 00:00-12:00,up,0.55,43.3,4.1,down,0,1,,-10.0,0.315,-10.315,-1.6270367940083021
"S1 trader (as deployed, DRY)",(b1) public past-results outcome,15m,2026-09-24T00:45:00Z,2026-09-24T00:58:30Z,ASIA 00:00-12:00,down,0.96,3.7,-6.6,down,1,1,,0.4167,0.028,0.3887,-5.147109050128786
"S1 trader (as deployed, DRY)",(b1) public past-results outcome,5m,2026-09-24T02:35:00Z,2026-09-24T02:39:31Z,ASIA 00:00-12:00,down,0.6,38.3,-4.5,up,0,1,,-10.0,0.28,-10.28,3.7802822997158367
"S1 trader (as deployed, DRY)",(b1) public past-results outcome,15m,2026-09-24T03:30:00Z,2026-09-24T03:43:30Z,ASIA 00:00-12:00,down,0.77,21.8,-6.6,down,1,0,daily stop,2.987,0.161,2.826,-4.924451167835398
"S1 trader (as deployed, DRY)",(b1) public past-results outcome,5m,2026-09-24T03:55:00Z,2026-09-24T03:59:16Z,ASIA 00:00-12:00,down,0.87,12.2,-4.1,up,0,0,daily stop,-10.0,0.091,-10.091,2.4080991975486463
"S1 trader (as deployed, DRY)",(b1) public past-results outcome,15m,2026-09-24T06:45:00Z,2026-09-24T06:58:30Z,ASIA 00:00-12:00,down,0.97,2.8,-7.4,down,1,0,daily stop,0.3093,0.021,0.2883,-9.36061179614481
"S1 trader (as deployed, DRY)",(b1) public past-results outcome,15m,2026-09-24T07:00:00Z,2026-09-24T07:13:37Z,ASIA 00:00-12:00,down,0.96,3.7,-9.4,down,1,0,daily stop,0.4167,0.028,0.3887,-2.938336001705422
"S1 trader (as deployed, DRY)",(b1) public past-results outcome,15m,2026-09-24T07:30:00Z,2026-09-24T07:43:30Z,ASIA 00:00-12:00,up,0.93,6.5,12.0,up,1,0,daily stop,0.7527,0.049,0.7037,2.675526096362383
"S1 trader (as deployed, DRY)",(b1) public past-results outcome,5m,2026-09-24T08:35:00Z,2026-09-24T08:39:15Z,ASIA 00:00-12:00,down,0.92,7.5,-8.7,up,0,0,daily stop,-10.0,0.056,-10.056,5.415197987538195
"S1 trader (as deployed, DRY)",(b1) public past-results outcome,5m,2026-09-24T10:20:00Z,2026-09-24T10:24:15Z,ASIA 00:00-12:00,down,0.7,28.5,-6.7,down,1,0,daily stop,4.2857,0.21,4.0757,-5.55125719089356
"S1 trader (as deployed, DRY)",(b1) public past-results outcome,15m,2026-09-24T10:15:00Z,2026-09-24T10:28:30Z,ASIA 00:00-12:00,up,0.65,33.4,6.3,down,0,0,daily stop,-10.0,0.245,-10.245,-4.79003375319899
"S1 trader (as deployed, DRY)",(b1) public past-results outcome,15m,2026-09-24T11:00:00Z,2026-09-24T11:13:31Z,ASIA 00:00-12:00,up,0.71,27.6,5.3,up,1,0,daily stop,4.0845,0.203,3.8815,6.124183492197358
"S1 trader (as deployed, DRY)",(b1) public past-results outcome,15m,2026-09-24T12:15:00Z,2026-09-24T12:28:30Z,OFF-HOURS,up,0.7,28.5,5.4,up,1,0,daily stop,4.2857,0.21,4.0757,1.4415926717137635
"S1 trader (as deployed, DRY)",(b1) public past-results outcome,15m,2026-09-24T13:15:00Z,2026-09-24T13:28:40Z,OFF-HOURS,up,0.97,2.8,8.8,up,1,0,daily stop,0.3093,0.021,0.2883,2.4802054318561932
"S1 trader (as deployed, DRY)",(b1) public past-results outcome,15m,2026-09-24T16:30:00Z,2026-09-24T16:43:30Z,US 13:30-21:00,down,0.61,37.3,-7.8,down,1,0,daily stop,6.3934,0.273,6.1204,-17.852022661263128
"S1 trader (as deployed, DRY)",(b1) public past-results outcome,5m,2026-09-24T17:10:00Z,2026-09-24T17:14:16Z,US 13:30-21:00,down,0.96,3.7,-6.0,up,0,0,daily stop,-10.0,0.028,-10.028,0.3844404823749607
"S1 trader (as deployed, DRY)",(b1) public past-results outcome,5m,2026-09-24T17:30:00Z,2026-09-24T17:34:15Z,US 13:30-21:00,up,0.93,6.5,5.5,down,0,0,daily stop,-10.0,0.049,-10.049,-3.3302282225684126
"S1 trader (as deployed, DRY)",(b1) public past-results outcome,15m,2026-09-24T18:30:00Z,2026-09-24T18:43:30Z,US 13:30-21:00,down,0.88,11.3,-6.2,down,1,0,daily stop,1.3636,0.084,1.2796,-0.5335456237156306
"S1 trader (as deployed, DRY)",(b1) public past-results outcome,5m,2026-09-24T18:50:00Z,2026-09-24T18:54:16Z,US 13:30-21:00,up,0.97,2.8,6.5,up,1,0,daily stop,0.3093,0.021,0.2883,4.329747351634365
"S1 trader (as deployed, DRY)",(b1) public past-results outcome,5m,2026-09-24T20:05:00Z,2026-09-24T20:09:15Z,US 13:30-21:00,down,0.92,7.5,-6.0,up,0,0,daily stop,-10.0,0.056,-10.056,1.7048059138752514
"S1 trader (as deployed, DRY)",(b1) public past-results outcome,15m,2026-09-24T20:15:00Z,2026-09-24T20:28:30Z,US 13:30-21:00,down,0.66,32.4,-5.7,up,0,0,daily stop,-10.0,0.238,-10.238,2.7083659053565468
"S1 trader (as deployed, DRY)",(b1) public past-results outcome,15m,2026-09-24T21:30:00Z,2026-09-24T21:43:31Z,OFF-HOURS,up,0.96,3.7,4.1,up,1,0,daily stop,0.4167,0.028,0.3887,7.1381833021080325
"S1 trader (as deployed, DRY)",(b1) public past-results outcome,15m,2026-09-24T23:00:00Z,2026-09-24T23:13:30Z,OFF-HOURS,up,0.71,27.6,7.8,up,1,0,daily stop,4.0845,0.203,3.8815,2.562622403921652
"S1 trader (as deployed, DRY)",(b1) public past-results outcome,15m,2026-09-25T00:30:00Z,2026-09-25T00:43:30Z,ASIA 00:00-12:00,down,0.93,6.5,-6.7,down,1,1,,0.7527,0.049,0.7037,-8.495237740543171
"S1 trader (as deployed, DRY)",(b1) public past-results outcome,5m,2026-09-25T00:40:00Z,2026-09-25T00:44:15Z,ASIA 00:00-12:00,up,0.94,5.6,4.8,down,0,1,,-10.0,0.042,-10.042,-1.1328793314010652
"S1 trader (as deployed, DRY)",(b1) public past-results outcome,15m,2026-09-25T01:30:00Z,2026-09-25T01:43:30Z,ASIA 00:00-12:00,down,0.6,38.3,-11.3,down,1,1,,6.6667,0.28,6.3867,-6.840895021053315
"S1 trader (as deployed, DRY)",(b1) public past-results outcome,5m,2026-09-25T01:50:00Z,2026-09-25T01:54:16Z,ASIA 00:00-12:00,up,0.76,22.7,4.5,down,0,1,,-10.0,0.168,-10.168,-1.071431547733973
"S1 trader (as deployed, DRY)",(b1) public past-results outcome,15m,2026-09-25T03:00:00Z,2026-09-25T03:13:30Z,ASIA 00:00-12:00,up,0.9,9.4,5.3,up,1,1,,1.1111,0.07,1.0411,3.631888421163922
"S1 trader (as deployed, DRY)",(b1) public past-results outcome,15m,2026-09-25T03:45:00Z,2026-09-25T03:58:31Z,ASIA 00:00-12:00,down,0.76,22.7,-4.5,up,0,1,,-10.0,0.168,-10.168,2.749575731538643
"S1 trader (as deployed, DRY)",(b1) public past-results outcome,5m,2026-09-25T05:30:00Z,2026-09-25T05:34:15Z,ASIA 00:00-12:00,down,0.65,33.4,-4.1,down,1,0,daily stop,5.3846,0.245,5.1396,-2.2968907756404384
"S1 trader (as deployed, DRY)",(b1) public past-results outcome,5m,2026-09-25T07:10:00Z,2026-09-25T07:14:16Z,ASIA 00:00-12:00,up,0.94,5.6,5.0,down,0,0,daily stop,-10.0,0.042,-10.042,-3.2512797218589653
"S1 trader (as deployed, DRY)",(b1) public past-results outcome,5m,2026-09-25T08:05:00Z,2026-09-25T08:09:17Z,ASIA 00:00-12:00,down,0.95,4.7,-4.6,down,1,0,daily stop,0.5263,0.035,0.4913,-0.8995193907042397
"S1 trader (as deployed, DRY)",(b1) public past-results outcome,15m,2026-09-25T12:30:00Z,2026-09-25T12:43:30Z,OFF-HOURS,up,0.74,24.7,9.7,up,1,0,daily stop,3.5135,0.182,3.3315,4.384047353261058
"S1 trader (as deployed, DRY)",(b1) public past-results outcome,5m,2026-09-25T13:00:00Z,2026-09-25T13:04:15Z,OFF-HOURS,down,0.96,3.7,-7.9,up,0,0,daily stop,-10.0,0.028,-10.028,1.157484919543802
"S1 trader (as deployed, DRY)",(b1) public past-results outcome,15m,2026-09-25T14:15:00Z,2026-09-25T14:28:30Z,US 13:30-21:00,up,0.94,5.6,8.1,up,1,0,daily stop,0.6383,0.042,0.5963,9.126289360952853
"S1 trader (as deployed, DRY)",(b1) public past-results outcome,15m,2026-09-25T14:30:00Z,2026-09-25T14:43:47Z,US 13:30-21:00,up,0.96,3.7,18.4,up,1,0,daily stop,0.4167,0.028,0.3887,5.425331124360873
"S1 trader (as deployed, DRY)",(b1) public past-results outcome,15m,2026-09-25T15:00:00Z,2026-09-25T15:13:30Z,US 13:30-21:00,down,0.71,27.6,-12.1,down,1,0,daily stop,4.0845,0.203,3.8815,-2.4206852443810205
"S1 trader (as deployed, DRY)",(b1) public past-results outcome,5m,2026-09-25T15:30:00Z,2026-09-25T15:34:15Z,US 13:30-21:00,up,0.82,17.0,5.2,down,0,0,daily stop,-10.0,0.126,-10.126,-3.262802942113594
"S1 trader (as deployed, DRY)",(b1) public past-results outcome,5m,2026-09-25T16:05:00Z,2026-09-25T16:09:15Z,US 13:30-21:00,up,0.68,30.5,4.7,up,1,0,daily stop,4.7059,0.224,4.4819,0.9537621805731173
"S1 trader (as deployed, DRY)",(b1) public past-results outcome,15m,2026-09-25T16:15:00Z,2026-09-25T16:28:30Z,US 13:30-21:00,up,0.61,37.3,4.7,down,0,0,daily stop,-10.0,0.273,-10.273,-4.409550920796326
"S1 trader (as deployed, DRY)",(b1) public past-results outcome,15m,2026-09-25T16:30:00Z,2026-09-25T16:43:30Z,US 13:30-21:00,down,0.87,12.2,-6.5,down,1,0,daily stop,1.4943,0.091,1.4033,-8.79302928075346
"S1 trader (as deployed, DRY)",(b1) public past-results outcome,15m,2026-09-26T00:30:00Z,2026-09-26T00:43:30Z,WEEKEND,down,0.92,7.5,-10.0,down,1,1,,0.8696,0.056,0.8136,-8.02326340230513
"S1 trader (as deployed, DRY)",(b1) public past-results outcome,15m,2026-09-26T01:00:00Z,2026-09-26T01:13:30Z,WEEKEND,up,0.96,3.7,6.3,up,1,1,,0.4167,0.028,0.3887,2.892347185081269
"S1 trader (as deployed, DRY)",(b1) public past-results outcome,15m,2026-09-26T02:00:00Z,2026-09-26T02:13:30Z,WEEKEND,down,0.79,19.8,-4.9,up,0,1,,-10.0,0.147,-10.147,6.584975413744199
"S1 trader (as deployed, DRY)",(b1) public past-results outcome,15m,2026-09-27T03:00:00Z,2026-09-27T03:13:30Z,WEEKEND,up,0.97,2.8,4.1,up,1,1,,0.3093,0.021,0.2883,3.9662264602813306
"S1 trader (as deployed, DRY)",(b1) public past-results outcome,15m,2026-09-27T11:30:00Z,2026-09-27T11:43:31Z,WEEKEND,down,0.84,15.1,-5.0,up,0,1,,-10.0,0.112,-10.112,1.6718028752071652
"S1 trader (as deployed, DRY)",(b2) public gamma outcome,15m,2026-09-20T15:45:00Z,2026-09-20T15:58:30Z,WEEKEND,up,0.92,7.5,6.4,up,1,1,,0.8696,0.056,0.8136,8.57342106929882
"S1 trader (as deployed, DRY)",(b2) public gamma outcome,15m,2026-09-20T17:15:00Z,2026-09-20T17:28:30Z,WEEKEND,up,0.62,36.4,6.4,down,0,1,,-10.0,0.266,-10.266,-8.440740218586894
"S1 trader (as deployed, DRY)",(b2) public gamma outcome,5m,2026-09-20T21:05:00Z,2026-09-20T21:09:34Z,WEEKEND,up,0.68,30.5,6.9,down,0,1,,-10.0,0.224,-10.224,-3.8903454436955065
"S1 trader (as deployed, DRY)",(b2) public gamma outcome,15m,2026-09-20T22:30:00Z,2026-09-20T22:43:30Z,WEEKEND,up,0.55,43.3,4.3,down,0,1,,-10.0,0.315,-10.315,-6.382999517925648
"S1 trader (as deployed, DRY)",(b2) public gamma outcome,5m,2026-09-20T22:50:00Z,2026-09-20T22:54:15Z,WEEKEND,up,0.97,2.8,5.9,up,1,0,daily stop,0.3093,0.021,0.2883,-0.656010366722339
"S1 trader (as deployed, DRY)",(b2) public gamma outcome,15m,2026-09-20T22:45:00Z,2026-09-20T22:58:36Z,WEEKEND,up,0.97,2.8,6.4,up,1,0,daily stop,0.3093,0.021,0.2883,12.766481365372995
"S1 trader (as deployed, DRY)",(b2) public gamma outcome,15m,2026-09-20T23:15:00Z,2026-09-20T23:28:30Z,WEEKEND,up,0.74,24.7,5.5,down,0,0,daily stop,-10.0,0.182,-10.182,0.8193389711534386
"S1 trader (as deployed, DRY)",(b2) public gamma outcome,5m,2026-09-20T23:40:00Z,2026-09-20T23:44:19Z,WEEKEND,down,0.64,34.4,-4.1,down,1,0,daily stop,5.625,0.252,5.373,2.8449989251090795
"S1 trader (as deployed, DRY)",(b2) public gamma outcome,15m,2026-09-21T00:15:00Z,2026-09-21T00:28:30Z,ASIA 00:00-12:00,up,0.97,2.8,7.6,up,1,1,,0.3093,0.021,0.2883,8.446267501819475
"S1 trader (as deployed, DRY)",(b2) public gamma outcome,15m,2026-09-21T00:45:00Z,2026-09-21T00:58:30Z,ASIA 00:00-12:00,up,0.62,36.4,14.8,up,1,1,,6.129,0.266,5.863,-7.857121861579802
"S1 trader (as deployed, DRY)",(b2) public gamma outcome,5m,2026-09-21T01:00:00Z,2026-09-21T01:04:17Z,ASIA 00:00-12:00,down,0.97,2.8,-5.6,down,1,1,,0.3093,0.021,0.2883,-1.5680691807141287
"S1 trader (as deployed, DRY)",(b2) public gamma outcome,5m,2026-09-21T01:10:00Z,2026-09-21T01:14:15Z,ASIA 00:00-12:00,up,0.94,5.6,4.8,up,1,0,3 per hour cap,0.6383,0.042,0.5963,3.4339438103083224
"S1 trader (as deployed, DRY)",(b2) public gamma outcome,5m,2026-09-21T04:30:00Z,2026-09-21T04:34:16Z,ASIA 00:00-12:00,down,0.88,11.3,-6.0,up,0,1,,-10.0,0.084,-10.084,3.531835598808586
"S1 trader (as deployed, DRY)",(b2) public gamma outcome,15m,2026-09-21T05:30:00Z,2026-09-21T05:43:31Z,ASIA 00:00-12:00,up,0.62,36.4,8.1,up,1,1,,6.129,0.266,5.863,5.462815286499528
"S1 trader (as deployed, DRY)",(b2) public gamma outcome,5m,2026-09-21T08:40:00Z,2026-09-21T08:44:15Z,ASIA 00:00-12:00,up,0.87,12.2,11.7,up,1,1,,1.4943,0.091,1.4033,2.7792028088579155
"S1 trader (as deployed, DRY)",(b2) public gamma outcome,5m,2026-09-21T08:55:00Z,2026-09-21T08:59:15Z,ASIA 00:00-12:00,down,0.95,4.7,-4.6,down,1,1,,0.5263,0.035,0.4913,-5.009507821260034
"S1 trader (as deployed, DRY)",(b2) public gamma outcome,5m,2026-09-21T09:40:00Z,2026-09-21T09:44:15Z,ASIA 00:00-12:00,down,0.69,29.5,-10.4,down,1,1,,4.4928,0.217,4.2758,14.64451441386019
"S1 trader (as deployed, DRY)",(b2) public gamma outcome,5m,2026-09-21T10:00:00Z,2026-09-21T10:04:22Z,ASIA 00:00-12:00,up,0.64,34.4,6.4,down,0,1,,-10.0,0.252,-10.252,-7.052830492346028
"S1 trader (as deployed, DRY)",(b2) public gamma outcome,5m,2026-09-21T11:45:00Z,2026-09-21T11:49:15Z,ASIA 00:00-12:00,down,0.65,33.4,-5.4,up,0,1,,-10.0,0.245,-10.245,5.623339663799599
"S1 trader (as deployed, DRY)",(b2) public gamma outcome,5m,2026-09-21T12:10:00Z,2026-09-21T12:14:15Z,OFF-HOURS,down,0.7,28.5,-7.9,down,1,1,,4.2857,0.21,4.0757,4.877444370206226
"S1 trader (as deployed, DRY)",(b2) public gamma outcome,15m,2026-09-21T12:15:00Z,2026-09-21T12:28:39Z,OFF-HOURS,up,0.66,32.4,12.1,up,1,1,,5.1515,0.238,4.9135,9.00309395907464
"S1 trader (as deployed, DRY)",(b2) public gamma outcome,5m,2026-09-21T12:35:00Z,2026-09-21T12:39:26Z,OFF-HOURS,up,0.97,2.8,9.4,up,1,0,3 per hour cap,0.3093,0.021,0.2883,3.5589648735089368
"S1 trader (as deployed, DRY)",(b2) public gamma outcome,5m,2026-09-21T13:15:00Z,2026-09-21T13:19:15Z,OFF-HOURS,down,0.62,36.4,-4.9,down,1,1,,6.129,0.266,5.863,-0.06149112232855439
"S1 trader (as deployed, DRY)",(b2) public gamma outcome,15m,2026-09-21T13:30:00Z,2026-09-21T13:43:31Z,US 13:30-21:00,up,0.97,2.8,6.9,up,1,1,,0.3093,0.021,0.2883,15.643103257412385
"S1 trader (as deployed, DRY)",(b2) public gamma outcome,15m,2026-09-21T14:30:00Z,2026-09-21T14:43:30Z,US 13:30-21:00,up,0.9,9.4,11.5,up,1,1,,1.1111,0.07,1.0411,9.166979327834031
"S1 trader (as deployed, DRY)",(b2) public gamma outcome,15m,2026-09-21T14:45:00Z,2026-09-21T14:58:30Z,US 13:30-21:00,up,0.77,22.2,20.6,up,1,1,,2.987,0.161,2.826,5.931733254972611
"S1 trader (as deployed, DRY)",(b2) public gamma outcome,5m,2026-09-21T16:10:00Z,2026-09-21T16:14:22Z,US 13:30-21:00,up,0.57,41.3,4.4,down,0,1,,-10.0,0.301,-10.301,-1.730914256744068
"S1 trader (as deployed, DRY)",(b2) public gamma outcome,5m,2026-09-21T16:15:00Z,2026-09-21T16:19:16Z,US 13:30-21:00,up,0.97,2.8,13.4,up,1,1,,0.3093,0.021,0.2883,10.522044502184823
"S1 trader (as deployed, DRY)",(b2) public gamma outcome,15m,2026-09-21T16:30:00Z,2026-09-21T16:43:30Z,US 13:30-21:00,down,0.58,40.3,-8.8,down,1,1,,7.2414,0.294,6.9474,1.640544273271923
"S1 trader (as deployed, DRY)",(b2) public gamma outcome,5m,2026-09-21T16:55:00Z,2026-09-21T16:59:15Z,US 13:30-21:00,up,0.78,20.8,9.1,up,1,0,3 per hour cap,2.8205,0.154,2.6665,-5.835489972916348
"S1 trader (as deployed, DRY)",(b2) public gamma outcome,15m,2026-09-21T17:45:00Z,2026-09-21T17:58:30Z,US 13:30-21:00,down,0.92,7.5,-12.2,down,1,1,,0.8696,0.056,0.8136,-0.3750930276541107
"S1 trader (as deployed, DRY)",(b2) public gamma outcome,5m,2026-09-21T18:05:00Z,2026-09-21T18:09:18Z,US 13:30-21:00,up,0.67,31.5,4.3,up,1,1,,4.9254,0.231,4.6944,-2.7768806891676503
"S1 trader (as deployed, DRY)",(b2) public gamma outcome,5m,2026-09-21T20:00:00Z,2026-09-21T20:04:15Z,US 13:30-21:00,up,0.92,7.5,5.3,up,1,1,,0.8696,0.056,0.8136,19.172909929161577
"S1 trader (as deployed, DRY)",(b2) public gamma outcome,15m,2026-09-21T22:30:00Z,2026-09-21T22:43:30Z,OFF-HOURS,up,0.89,10.3,10.7,up,1,1,,1.236,0.077,1.159,0.8334868573507708
"S1 trader (as deployed, DRY)",(b2) public gamma outcome,15m,2026-09-21T22:45:00Z,2026-09-21T22:58:30Z,OFF-HOURS,down,0.93,6.5,-5.8,up,0,1,,-10.0,0.049,-10.049,2.739591338809264
"S1 trader (as deployed, DRY)",(b2) public gamma outcome,15m,2026-09-21T23:30:00Z,2026-09-21T23:44:00Z,OFF-HOURS,down,0.65,33.4,-5.7,down,1,1,,5.3846,0.245,5.1396,-3.7685169191642887
"S1 trader (as deployed, DRY)",(b2) public gamma outcome,15m,2026-09-22T01:00:00Z,2026-09-22T01:13:30Z,ASIA 00:00-12:00,down,0.96,3.7,-6.6,down,1,1,,0.4167,0.028,0.3887,-13.050217469030251
"S1 trader (as deployed, DRY)",(b2) public gamma outcome,5m,2026-09-22T02:05:00Z,2026-09-22T02:09:16Z,ASIA 00:00-12:00,up,0.97,2.8,6.0,up,1,1,,0.3093,0.021,0.2883,4.35238022256434
"S1 trader (as deployed, DRY)",(b2) public gamma outcome,15m,2026-09-22T02:45:00Z,2026-09-22T02:58:44Z,ASIA 00:00-12:00,down,0.95,4.7,-7.0,down,1,1,,0.5263,0.035,0.4913,-11.010450554345724
"S1 trader (as deployed, DRY)",(b2) public gamma outcome,15m,2026-09-22T04:15:00Z,2026-09-22T04:28:32Z,ASIA 00:00-12:00,down,0.55,43.3,-8.9,down,1,1,,8.1818,0.315,7.8668,-7.131124346679387
"S1 trader (as deployed, DRY)",(b2) public gamma outcome,15m,2026-09-22T04:30:00Z,2026-09-22T04:43:31Z,ASIA 00:00-12:00,down,0.89,10.3,-5.3,down,1,1,,1.236,0.077,1.159,-4.647014517563694
"S1 trader (as deployed, DRY)",(b2) public gamma outcome,5m,2026-09-22T05:30:00Z,2026-09-22T05:34:15Z,ASIA 00:00-12:00,down,0.6,38.3,-5.5,down,1,1,,6.6667,0.28,6.3867,-2.327518730791111
"S1 trader (as deployed, DRY)",(b2) public gamma outcome,15m,2026-09-22T05:45:00Z,2026-09-22T05:58:51Z,ASIA 00:00-12:00,up,0.93,6.5,13.0,down,0,1,,-10.0,0.049,-10.049,-2.2507042516116056
"S1 trader (as deployed, DRY)",(b2) public gamma outcome,5m,2026-09-22T06:10:00Z,2026-09-22T06:14:20Z,ASIA 00:00-12:00,down,0.95,4.7,-7.3,down,1,1,,0.5263,0.035,0.4913,2.806761179876266
"S1 trader (as deployed, DRY)",(b2) public gamma outcome,15m,2026-09-22T06:15:00Z,2026-09-22T06:28:30Z,ASIA 00:00-12:00,down,0.66,32.4,-4.7,down,1,0,3 per hour cap,5.1515,0.238,4.9135,1.7393621490807307
"S1 trader (as deployed, DRY)",(b2) public gamma outcome,15m,2026-09-22T11:15:00Z,2026-09-22T11:28:30Z,ASIA 00:00-12:00,up,0.78,20.8,9.7,down,0,1,,-10.0,0.154,-10.154,-5.8387095235904045
"S1 trader (as deployed, DRY)",(b2) public gamma outcome,5m,2026-09-22T12:30:00Z,2026-09-22T12:34:16Z,OFF-HOURS,up,0.74,24.7,6.2,down,0,1,,-10.0,0.182,-10.182,-7.676079369168008
"S1 trader (as deployed, DRY)",(b2) public gamma outcome,5m,2026-09-22T13:00:00Z,2026-09-22T13:04:27Z,OFF-HOURS,up,0.96,3.7,10.3,up,1,1,,0.4167,0.028,0.3887,4.104852380257231
"S1 trader (as deployed, DRY)",(b2) public gamma outcome,5m,2026-09-22T15:10:00Z,2026-09-22T15:14:16Z,US 13:30-21:00,down,0.83,16.0,-11.0,down,1,1,,2.0482,0.119,1.9292,-1.6836729609537164
"S1 trader (as deployed, DRY)",(b2) public gamma outcome,15m,2026-09-22T15:15:00Z,2026-09-22T15:28:55Z,US 13:30-21:00,down,0.59,39.3,-5.2,up,0,1,,-10.0,0.287,-10.287,-2.0012546628160286
"S1 trader (as deployed, DRY)",(b2) public gamma outcome,5m,2026-09-22T15:35:00Z,2026-09-22T15:39:15Z,US 13:30-21:00,up,0.82,17.0,4.1,up,1,0,daily stop,2.1951,0.126,2.0691,1.9681003160911068
"S1 trader (as deployed, DRY)",(b2) public gamma outcome,5m,2026-09-22T15:45:00Z,2026-09-22T15:49:25Z,US 13:30-21:00,up,0.97,2.8,4.7,up,1,0,daily stop,0.3093,0.021,0.2883,2.833453619276867
"S1 trader (as deployed, DRY)",(b2) public gamma outcome,15m,2026-09-22T15:45:00Z,2026-09-22T15:58:31Z,US 13:30-21:00,down,0.95,4.7,-4.6,down,1,0,daily stop,0.5263,0.035,0.4913,-16.122825796482104
"S1 trader (as deployed, DRY)",(b2) public gamma outcome,5m,2026-09-22T18:00:00Z,2026-09-22T18:04:16Z,US 13:30-21:00,down,0.97,2.8,-6.0,down,1,0,daily stop,0.3093,0.021,0.2883,-3.0374797992004967
"S1 trader (as deployed, DRY)",(b2) public gamma outcome,15m,2026-09-22T18:00:00Z,2026-09-22T18:13:30Z,US 13:30-21:00,down,0.72,26.6,-8.3,down,1,0,daily stop,3.8889,0.196,3.6929,-4.839714302276405
"S1 trader (as deployed, DRY)",(b2) public gamma outcome,5m,2026-09-22T18:30:00Z,2026-09-22T18:34:16Z,US 13:30-21:00,down,0.64,34.4,-5.3,down,1,0,daily stop,5.625,0.252,5.373,-0.7865021861625883
"S1 trader (as deployed, DRY)",(b2) public gamma outcome,5m,2026-09-22T18:50:00Z,2026-09-22T18:54:15Z,US 13:30-21:00,down,0.87,12.2,-4.4,down,1,0,daily stop,1.4943,0.091,1.4033,2.9179885145804447
"S1 trader (as deployed, DRY)",(b2) public gamma outcome,15m,2026-09-22T19:15:00Z,2026-09-22T19:28:59Z,US 13:30-21:00,up,0.95,4.7,4.1,up,1,0,daily stop,0.5263,0.035,0.4913,6.252653792858445
"S1 trader (as deployed, DRY)",(b2) public gamma outcome,5m,2026-09-22T19:25:00Z,2026-09-22T19:29:15Z,US 13:30-21:00,up,0.87,12.2,5.1,up,1,0,daily stop,1.4943,0.091,1.4033,2.3805543280878476
"S1 trader (as deployed, DRY)",(b2) public gamma outcome,5m,2026-09-22T19:40:00Z,2026-09-22T19:44:15Z,US 13:30-21:00,up,0.96,3.7,5.7,up,1,0,daily stop,0.4167,0.028,0.3887,4.791260203681238
"S1 trader (as deployed, DRY)",(b2) public gamma outcome,15m,2026-09-22T21:00:00Z,2026-09-22T21:13:30Z,OFF-HOURS,up,0.73,25.6,6.9,up,1,0,daily stop,3.6986,0.189,3.5096,-0.9188411268805244
"S1 trader (as deployed, DRY)",(b2) public gamma outcome,15m,2026-09-22T21:45:00Z,2026-09-22T21:58:30Z,OFF-HOURS,up,0.9,9.4,6.5,down,0,0,daily stop,-10.0,0.07,-10.07,-2.3791935920767484
"S1 trader (as deployed, DRY)",(b2) public gamma outcome,15m,2026-09-22T23:30:00Z,2026-09-22T23:43:30Z,OFF-HOURS,down,0.95,4.7,-5.7,down,1,0,daily stop,0.5263,0.035,0.4913,-9.934832138112816
"S1 trader (as deployed, DRY)",(b2) public gamma outcome,5m,2026-09-22T23:45:00Z,2026-09-22T23:49:17Z,OFF-HOURS,up,0.71,27.6,6.2,up,1,0,daily stop,4.0845,0.203,3.8815,-0.31889071961997406
"S1 trader (as deployed, DRY)",(b2) public gamma outcome,15m,2026-09-22T23:45:00Z,2026-09-22T23:58:30Z,OFF-HOURS,up,0.95,4.7,4.7,up,1,0,daily stop,0.5263,0.035,0.4913,6.7115636821064415
"S1 trader (as deployed, DRY)",(b2) public gamma outcome,15m,2026-09-23T00:45:00Z,2026-09-23T00:58:30Z,ASIA 00:00-12:00,up,0.55,43.3,4.3,up,1,1,,8.1818,0.315,7.8668,1.530531435110301
"S1 trader (as deployed, DRY)",(b2) public gamma outcome,15m,2026-09-23T01:45:00Z,2026-09-23T01:58:31Z,ASIA 00:00-12:00,down,0.6,38.3,-7.1,up,0,1,,-10.0,0.28,-10.28,9.734248113492285
"S1 trader (as deployed, DRY)",(b2) public gamma outcome,15m,2026-09-23T03:00:00Z,2026-09-23T03:13:30Z,ASIA 00:00-12:00,down,0.94,5.6,-7.5,down,1,1,,0.6383,0.042,0.5963,-0.8188016458803082
"S1 trader (as deployed, DRY)",(b2) public gamma outcome,5m,2026-09-23T05:35:00Z,2026-09-23T05:39:15Z,ASIA 00:00-12:00,up,0.78,20.8,4.2,down,0,1,,-10.0,0.154,-10.154,-0.057529755426671846
"S1 trader (as deployed, DRY)",(b2) public gamma outcome,5m,2026-09-23T05:40:00Z,2026-09-23T05:44:15Z,ASIA 00:00-12:00,up,0.75,23.7,6.7,up,1,1,,3.3333,0.175,3.1583,1.709535618239207
"S1 trader (as deployed, DRY)",(b2) public gamma outcome,15m,2026-09-23T08:00:00Z,2026-09-23T08:14:12Z,ASIA 00:00-12:00,up,0.96,3.7,4.7,up,1,1,,0.4167,0.028,0.3887,5.376133101359949
"S1 trader (as deployed, DRY)",(b2) public gamma outcome,15m,2026-09-23T08:15:00Z,2026-09-23T08:28:47Z,ASIA 00:00-12:00,up,0.76,22.7,8.3,down,0,1,,-10.0,0.168,-10.168,-2.4220518135201594
"S1 trader (as deployed, DRY)",(b2) public gamma outcome,15m,2026-09-23T09:00:00Z,2026-09-23T09:13:30Z,ASIA 00:00-12:00,up,0.97,2.8,6.7,up,1,1,,0.3093,0.021,0.2883,5.059020717564265
"S1 trader (as deployed, DRY)",(b2) public gamma outcome,5m,2026-09-23T11:30:00Z,2026-09-23T11:34:20Z,ASIA 00:00-12:00,up,0.96,3.7,4.4,up,1,1,,0.4167,0.028,0.3887,0.755055527724106
"S1 trader (as deployed, DRY)",(b2) public gamma outcome,15m,2026-09-23T12:15:00Z,2026-09-23T12:28:30Z,OFF-HOURS,down,0.56,42.3,-5.3,up,0,1,,-10.0,0.308,-10.308,1.1034765181057447
"S1 trader (as deployed, DRY)",(b2) public gamma outcome,15m,2026-09-23T12:30:00Z,2026-09-23T12:43:30Z,OFF-HOURS,up,0.62,36.4,4.5,down,0,0,daily stop,-10.0,0.266,-10.266,-2.6313150062929735
"S1 trader (as deployed, DRY)",(b2) public gamma outcome,15m,2026-09-23T13:45:00Z,2026-09-23T13:58:30Z,US 13:30-21:00,down,0.83,16.0,-16.7,down,1,0,daily stop,2.0482,0.119,1.9292,-4.9854452054456955
"S1 trader (as deployed, DRY)",(b2) public gamma outcome,5m,2026-09-23T14:35:00Z,2026-09-23T14:39:15Z,US 13:30-21:00,up,0.63,35.4,10.9,up,1,0,daily stop,5.873,0.259,5.614,-1.3332387434281792
"S1 trader (as deployed, DRY)",(b2) public gamma outcome,5m,2026-09-23T14:45:00Z,2026-09-23T14:49:15Z,US 13:30-21:00,down,0.96,3.7,-7.7,down,1,0,daily stop,0.4167,0.028,0.3887,1.5120234006793911
"S1 trader (as deployed, DRY)",(b2) public gamma outcome,5m,2026-09-23T15:00:00Z,2026-09-23T15:04:25Z,US 13:30-21:00,up,0.6,38.3,4.2,up,1,0,daily stop,6.6667,0.28,6.3867,2.2690074524492734
"S1 trader (as deployed, DRY)",(b2) public gamma outcome,15m,2026-09-23T16:45:00Z,2026-09-23T16:58:38Z,US 13:30-21:00,down,0.97,2.8,-17.2,down,1,0,daily stop,0.3093,0.021,0.2883,-7.460066041281415
"S1 trader (as deployed, DRY)",(b2) public gamma outcome,15m,2026-09-23T17:45:00Z,2026-09-23T17:58:30Z,US 13:30-21:00,up,0.97,2.8,9.1,up,1,0,daily stop,0.3093,0.021,0.2883,8.091243732970984
"S1 trader (as deployed, DRY)",(b2) public gamma outcome,15m,2026-09-23T18:00:00Z,2026-09-23T18:13:41Z,US 13:30-21:00,down,0.97,2.8,-6.3,down,1,0,daily stop,0.3093,0.021,0.2883,-14.062760877300528
"S1 trader (as deployed, DRY)",(b2) public gamma outcome,15m,2026-09-23T19:30:00Z,2026-09-23T19:43:30Z,US 13:30-21:00,up,0.9,9.4,5.0,up,1,0,daily stop,1.1111,0.07,1.0411,5.257407926122395
"S1 trader (as deployed, DRY)",(b2) public gamma outcome,15m,2026-09-23T19:45:00Z,2026-09-23T19:58:30Z,US 13:30-21:00,up,0.97,2.8,5.1,up,1,0,daily stop,0.3093,0.021,0.2883,7.2822387124194945
"S1 trader (as deployed, DRY)",(b2) public gamma outcome,5m,2026-09-23T23:00:00Z,2026-09-23T23:04:16Z,OFF-HOURS,down,0.74,24.7,-5.3,down,1,0,daily stop,3.5135,0.182,3.3315,0.22540529601760495
"S1 trader (as deployed, DRY)",(b2) public gamma outcome,15m,2026-09-23T23:15:00Z,2026-09-23T23:28:31Z,OFF-HOURS,down,0.9,9.4,-4.6,down,1,0,daily stop,1.1111,0.07,1.0411,-0.5845430238154802
"S1 trader (as deployed, DRY)",(b2) public gamma outcome,15m,2026-09-24T00:15:00Z,2026-09-24T00:28:58Z,ASIA 00:00-12:00,up,0.55,43.3,4.1,down,0,1,,-10.0,0.315,-10.315,-1.6270367940083021
"S1 trader (as deployed, DRY)",(b2) public gamma outcome,15m,2026-09-24T00:45:00Z,2026-09-24T00:58:30Z,ASIA 00:00-12:00,down,0.96,3.7,-6.6,down,1,1,,0.4167,0.028,0.3887,-5.147109050128786
"S1 trader (as deployed, DRY)",(b2) public gamma outcome,5m,2026-09-24T02:35:00Z,2026-09-24T02:39:31Z,ASIA 00:00-12:00,down,0.6,38.3,-4.5,up,0,1,,-10.0,0.28,-10.28,3.7802822997158367
"S1 trader (as deployed, DRY)",(b2) public gamma outcome,15m,2026-09-24T03:30:00Z,2026-09-24T03:43:30Z,ASIA 00:00-12:00,down,0.77,21.8,-6.6,down,1,0,daily stop,2.987,0.161,2.826,-4.924451167835398
"S1 trader (as deployed, DRY)",(b2) public gamma outcome,5m,2026-09-24T03:55:00Z,2026-09-24T03:59:16Z,ASIA 00:00-12:00,down,0.87,12.2,-4.1,down,1,0,daily stop,1.4943,0.091,1.4033,2.4080991975486463
"S1 trader (as deployed, DRY)",(b2) public gamma outcome,15m,2026-09-24T06:45:00Z,2026-09-24T06:58:30Z,ASIA 00:00-12:00,down,0.97,2.8,-7.4,down,1,0,daily stop,0.3093,0.021,0.2883,-9.36061179614481
"S1 trader (as deployed, DRY)",(b2) public gamma outcome,15m,2026-09-24T07:00:00Z,2026-09-24T07:13:37Z,ASIA 00:00-12:00,down,0.96,3.7,-9.4,down,1,0,daily stop,0.4167,0.028,0.3887,-2.938336001705422
"S1 trader (as deployed, DRY)",(b2) public gamma outcome,15m,2026-09-24T07:30:00Z,2026-09-24T07:43:30Z,ASIA 00:00-12:00,up,0.93,6.5,12.0,up,1,0,daily stop,0.7527,0.049,0.7037,2.675526096362383
"S1 trader (as deployed, DRY)",(b2) public gamma outcome,5m,2026-09-24T08:35:00Z,2026-09-24T08:39:15Z,ASIA 00:00-12:00,down,0.92,7.5,-8.7,down,1,0,daily stop,0.8696,0.056,0.8136,5.415197987538195
"S1 trader (as deployed, DRY)",(b2) public gamma outcome,5m,2026-09-24T10:20:00Z,2026-09-24T10:24:15Z,ASIA 00:00-12:00,down,0.7,28.5,-6.7,down,1,0,daily stop,4.2857,0.21,4.0757,-5.55125719089356
"S1 trader (as deployed, DRY)",(b2) public gamma outcome,15m,2026-09-24T10:15:00Z,2026-09-24T10:28:30Z,ASIA 00:00-12:00,up,0.65,33.4,6.3,up,1,0,daily stop,5.3846,0.245,5.1396,-4.79003375319899
"S1 trader (as deployed, DRY)",(b2) public gamma outcome,15m,2026-09-24T11:00:00Z,2026-09-24T11:13:31Z,ASIA 00:00-12:00,up,0.71,27.6,5.3,up,1,0,daily stop,4.0845,0.203,3.8815,6.124183492197358
"S1 trader (as deployed, DRY)",(b2) public gamma outcome,15m,2026-09-24T12:15:00Z,2026-09-24T12:28:30Z,OFF-HOURS,up,0.7,28.5,5.4,up,1,0,daily stop,4.2857,0.21,4.0757,1.4415926717137635
"S1 trader (as deployed, DRY)",(b2) public gamma outcome,15m,2026-09-24T13:15:00Z,2026-09-24T13:28:40Z,OFF-HOURS,up,0.97,2.8,8.8,up,1,0,daily stop,0.3093,0.021,0.2883,2.4802054318561932
"S1 trader (as deployed, DRY)",(b2) public gamma outcome,15m,2026-09-24T16:30:00Z,2026-09-24T16:43:30Z,US 13:30-21:00,down,0.61,37.3,-7.8,down,1,0,daily stop,6.3934,0.273,6.1204,-17.852022661263128
"S1 trader (as deployed, DRY)",(b2) public gamma outcome,5m,2026-09-24T17:10:00Z,2026-09-24T17:14:16Z,US 13:30-21:00,down,0.96,3.7,-6.0,down,1,0,daily stop,0.4167,0.028,0.3887,0.3844404823749607
"S1 trader (as deployed, DRY)",(b2) public gamma outcome,5m,2026-09-24T17:30:00Z,2026-09-24T17:34:15Z,US 13:30-21:00,up,0.93,6.5,5.5,up,1,0,daily stop,0.7527,0.049,0.7037,-3.3302282225684126
"S1 trader (as deployed, DRY)",(b2) public gamma outcome,15m,2026-09-24T18:30:00Z,2026-09-24T18:43:30Z,US 13:30-21:00,down,0.88,11.3,-6.2,down,1,0,daily stop,1.3636,0.084,1.2796,-0.5335456237156306
"S1 trader (as deployed, DRY)",(b2) public gamma outcome,5m,2026-09-24T18:50:00Z,2026-09-24T18:54:16Z,US 13:30-21:00,up,0.97,2.8,6.5,up,1,0,daily stop,0.3093,0.021,0.2883,4.329747351634365
"S1 trader (as deployed, DRY)",(b2) public gamma outcome,5m,2026-09-24T20:05:00Z,2026-09-24T20:09:15Z,US 13:30-21:00,down,0.92,7.5,-6.0,down,1,0,daily stop,0.8696,0.056,0.8136,1.7048059138752514
"S1 trader (as deployed, DRY)",(b2) public gamma outcome,15m,2026-09-24T20:15:00Z,2026-09-24T20:28:30Z,US 13:30-21:00,down,0.66,32.4,-5.7,down,1,0,daily stop,5.1515,0.238,4.9135,2.7083659053565468
"S1 trader (as deployed, DRY)",(b2) public gamma outcome,15m,2026-09-24T21:30:00Z,2026-09-24T21:43:31Z,OFF-HOURS,up,0.96,3.7,4.1,up,1,0,daily stop,0.4167,0.028,0.3887,7.1381833021080325
"S1 trader (as deployed, DRY)",(b2) public gamma outcome,15m,2026-09-24T23:00:00Z,2026-09-24T23:13:30Z,OFF-HOURS,up,0.71,27.6,7.8,up,1,0,daily stop,4.0845,0.203,3.8815,2.562622403921652
"S1 trader (as deployed, DRY)",(b2) public gamma outcome,15m,2026-09-25T00:30:00Z,2026-09-25T00:43:30Z,ASIA 00:00-12:00,down,0.93,6.5,-6.7,down,1,1,,0.7527,0.049,0.7037,-8.495237740543171
"S1 trader (as deployed, DRY)",(b2) public gamma outcome,5m,2026-09-25T00:40:00Z,2026-09-25T00:44:15Z,ASIA 00:00-12:00,up,0.94,5.6,4.8,up,1,1,,0.6383,0.042,0.5963,-1.1328793314010652
"S1 trader (as deployed, DRY)",(b2) public gamma outcome,15m,2026-09-25T01:30:00Z,2026-09-25T01:43:30Z,ASIA 00:00-12:00,down,0.6,38.3,-11.3,down,1,1,,6.6667,0.28,6.3867,-6.840895021053315
"S1 trader (as deployed, DRY)",(b2) public gamma outcome,5m,2026-09-25T01:50:00Z,2026-09-25T01:54:16Z,ASIA 00:00-12:00,up,0.76,22.7,4.5,up,1,1,,3.1579,0.168,2.9899,-1.071431547733973
"S1 trader (as deployed, DRY)",(b2) public gamma outcome,15m,2026-09-25T03:00:00Z,2026-09-25T03:13:30Z,ASIA 00:00-12:00,up,0.9,9.4,5.3,up,1,1,,1.1111,0.07,1.0411,3.631888421163922
"S1 trader (as deployed, DRY)",(b2) public gamma outcome,15m,2026-09-25T03:45:00Z,2026-09-25T03:58:31Z,ASIA 00:00-12:00,down,0.76,22.7,-4.5,down,1,1,,3.1579,0.168,2.9899,2.749575731538643
"S1 trader (as deployed, DRY)",(b2) public gamma outcome,5m,2026-09-25T05:30:00Z,2026-09-25T05:34:15Z,ASIA 00:00-12:00,down,0.65,33.4,-4.1,down,1,1,,5.3846,0.245,5.1396,-2.2968907756404384
"S1 trader (as deployed, DRY)",(b2) public gamma outcome,5m,2026-09-25T07:10:00Z,2026-09-25T07:14:16Z,ASIA 00:00-12:00,up,0.94,5.6,5.0,up,1,1,,0.6383,0.042,0.5963,-3.2512797218589653
"S1 trader (as deployed, DRY)",(b2) public gamma outcome,5m,2026-09-25T08:05:00Z,2026-09-25T08:09:17Z,ASIA 00:00-12:00,down,0.95,4.7,-4.6,down,1,1,,0.5263,0.035,0.4913,-0.8995193907042397
"S1 trader (as deployed, DRY)",(b2) public gamma outcome,15m,2026-09-25T12:30:00Z,2026-09-25T12:43:30Z,OFF-HOURS,up,0.74,24.7,9.7,up,1,1,,3.5135,0.182,3.3315,4.384047353261058
"S1 trader (as deployed, DRY)",(b2) public gamma outcome,5m,2026-09-25T13:00:00Z,2026-09-25T13:04:15Z,OFF-HOURS,down,0.96,3.7,-7.9,down,1,1,,0.4167,0.028,0.3887,1.157484919543802
"S1 trader (as deployed, DRY)",(b2) public gamma outcome,15m,2026-09-25T14:15:00Z,2026-09-25T14:28:30Z,US 13:30-21:00,up,0.94,5.6,8.1,up,1,1,,0.6383,0.042,0.5963,9.126289360952853
"S1 trader (as deployed, DRY)",(b2) public gamma outcome,15m,2026-09-25T14:30:00Z,2026-09-25T14:43:47Z,US 13:30-21:00,up,0.96,3.7,18.4,up,1,1,,0.4167,0.028,0.3887,5.425331124360873
"S1 trader (as deployed, DRY)",(b2) public gamma outcome,15m,2026-09-25T15:00:00Z,2026-09-25T15:13:30Z,US 13:30-21:00,down,0.71,27.6,-12.1,down,1,1,,4.0845,0.203,3.8815,-2.4206852443810205
"S1 trader (as deployed, DRY)",(b2) public gamma outcome,5m,2026-09-25T15:30:00Z,2026-09-25T15:34:15Z,US 13:30-21:00,up,0.82,17.0,5.2,up,1,1,,2.1951,0.126,2.0691,-3.262802942113594
"S1 trader (as deployed, DRY)",(b2) public gamma outcome,5m,2026-09-25T16:05:00Z,2026-09-25T16:09:15Z,US 13:30-21:00,up,0.68,30.5,4.7,up,1,1,,4.7059,0.224,4.4819,0.9537621805731173
"S1 trader (as deployed, DRY)",(b2) public gamma outcome,15m,2026-09-25T16:15:00Z,2026-09-25T16:28:30Z,US 13:30-21:00,up,0.61,37.3,4.7,up,1,1,,6.3934,0.273,6.1204,-4.409550920796326
"S1 trader (as deployed, DRY)",(b2) public gamma outcome,15m,2026-09-25T16:30:00Z,2026-09-25T16:43:30Z,US 13:30-21:00,down,0.87,12.2,-6.5,down,1,1,,1.4943,0.091,1.4033,-8.79302928075346
"S1 trader (as deployed, DRY)",(b2) public gamma outcome,15m,2026-09-26T00:30:00Z,2026-09-26T00:43:30Z,WEEKEND,down,0.92,7.5,-10.0,down,1,1,,0.8696,0.056,0.8136,-8.02326340230513
"S1 trader (as deployed, DRY)",(b2) public gamma outcome,15m,2026-09-26T01:00:00Z,2026-09-26T01:13:30Z,WEEKEND,up,0.96,3.7,6.3,up,1,1,,0.4167,0.028,0.3887,2.892347185081269
"S1 trader (as deployed, DRY)",(b2) public gamma outcome,15m,2026-09-26T02:00:00Z,2026-09-26T02:13:30Z,WEEKEND,down,0.79,19.8,-4.9,up,0,1,,-10.0,0.147,-10.147,6.584975413744199
"S1 trader (as deployed, DRY)",(b2) public gamma outcome,15m,2026-09-27T03:00:00Z,2026-09-27T03:13:30Z,WEEKEND,up,0.97,2.8,4.1,up,1,1,,0.3093,0.021,0.2883,3.9662264602813306
"S1 trader (as deployed, DRY)",(b2) public gamma outcome,15m,2026-09-27T11:30:00Z,2026-09-27T11:43:31Z,WEEKEND,down,0.84,15.1,-5.0,down,1,1,,1.9048,0.112,1.7928,1.6718028752071652
"S1 trader (as deployed, DRY)",(c) label the bot itself used,15m,2026-09-20T15:45:00Z,2026-09-20T15:58:30Z,WEEKEND,up,0.92,7.5,6.4,up,1,1,,0.8696,0.056,0.8136,8.57342106929882
"S1 trader (as deployed, DRY)",(c) label the bot itself used,15m,2026-09-20T17:15:00Z,2026-09-20T17:28:30Z,WEEKEND,up,0.62,36.4,6.4,down,0,1,,-10.0,0.266,-10.266,-8.440740218586894
"S1 trader (as deployed, DRY)",(c) label the bot itself used,5m,2026-09-20T21:05:00Z,2026-09-20T21:09:34Z,WEEKEND,up,0.68,30.5,6.9,down,0,1,,-10.0,0.224,-10.224,-3.8903454436955065
"S1 trader (as deployed, DRY)",(c) label the bot itself used,15m,2026-09-20T22:30:00Z,2026-09-20T22:43:30Z,WEEKEND,up,0.55,43.3,4.3,down,0,1,,-10.0,0.315,-10.315,-6.382999517925648
"S1 trader (as deployed, DRY)",(c) label the bot itself used,5m,2026-09-20T22:50:00Z,2026-09-20T22:54:15Z,WEEKEND,up,0.97,2.8,5.9,up,1,0,daily stop,0.3093,0.021,0.2883,-0.656010366722339
"S1 trader (as deployed, DRY)",(c) label the bot itself used,15m,2026-09-20T22:45:00Z,2026-09-20T22:58:36Z,WEEKEND,up,0.97,2.8,6.4,up,1,0,daily stop,0.3093,0.021,0.2883,12.766481365372995
"S1 trader (as deployed, DRY)",(c) label the bot itself used,15m,2026-09-20T23:15:00Z,2026-09-20T23:28:30Z,WEEKEND,up,0.74,24.7,5.5,down,0,0,daily stop,-10.0,0.182,-10.182,0.8193389711534386
"S1 trader (as deployed, DRY)",(c) label the bot itself used,5m,2026-09-20T23:40:00Z,2026-09-20T23:44:19Z,WEEKEND,down,0.64,34.4,-4.1,down,1,0,daily stop,5.625,0.252,5.373,2.8449989251090795
"S1 trader (as deployed, DRY)",(c) label the bot itself used,15m,2026-09-21T00:15:00Z,2026-09-21T00:28:30Z,ASIA 00:00-12:00,up,0.97,2.8,7.6,up,1,1,,0.3093,0.021,0.2883,8.446267501819475
"S1 trader (as deployed, DRY)",(c) label the bot itself used,15m,2026-09-21T00:45:00Z,2026-09-21T00:58:30Z,ASIA 00:00-12:00,up,0.62,36.4,14.8,up,1,1,,6.129,0.266,5.863,-7.857121861579802
"S1 trader (as deployed, DRY)",(c) label the bot itself used,5m,2026-09-21T01:00:00Z,2026-09-21T01:04:17Z,ASIA 00:00-12:00,down,0.97,2.8,-5.6,down,1,1,,0.3093,0.021,0.2883,-1.5680691807141287
"S1 trader (as deployed, DRY)",(c) label the bot itself used,5m,2026-09-21T01:10:00Z,2026-09-21T01:14:15Z,ASIA 00:00-12:00,up,0.94,5.6,4.8,up,1,0,3 per hour cap,0.6383,0.042,0.5963,3.4339438103083224
"S1 trader (as deployed, DRY)",(c) label the bot itself used,5m,2026-09-21T04:30:00Z,2026-09-21T04:34:16Z,ASIA 00:00-12:00,down,0.88,11.3,-6.0,up,0,1,,-10.0,0.084,-10.084,3.531835598808586
"S1 trader (as deployed, DRY)",(c) label the bot itself used,15m,2026-09-21T05:30:00Z,2026-09-21T05:43:31Z,ASIA 00:00-12:00,up,0.62,36.4,8.1,up,1,1,,6.129,0.266,5.863,5.462815286499528
"S1 trader (as deployed, DRY)",(c) label the bot itself used,5m,2026-09-21T08:40:00Z,2026-09-21T08:44:15Z,ASIA 00:00-12:00,up,0.87,12.2,11.7,up,1,1,,1.4943,0.091,1.4033,2.7792028088579155
"S1 trader (as deployed, DRY)",(c) label the bot itself used,5m,2026-09-21T08:55:00Z,2026-09-21T08:59:15Z,ASIA 00:00-12:00,down,0.95,4.7,-4.6,down,1,1,,0.5263,0.035,0.4913,-5.009507821260034
"S1 trader (as deployed, DRY)",(c) label the bot itself used,5m,2026-09-21T09:40:00Z,2026-09-21T09:44:15Z,ASIA 00:00-12:00,down,0.69,29.5,-10.4,down,1,1,,4.4928,0.217,4.2758,14.64451441386019
"S1 trader (as deployed, DRY)",(c) label the bot itself used,5m,2026-09-21T10:00:00Z,2026-09-21T10:04:22Z,ASIA 00:00-12:00,up,0.64,34.4,6.4,down,0,1,,-10.0,0.252,-10.252,-7.052830492346028
"S1 trader (as deployed, DRY)",(c) label the bot itself used,5m,2026-09-21T11:45:00Z,2026-09-21T11:49:15Z,ASIA 00:00-12:00,down,0.65,33.4,-5.4,up,0,1,,-10.0,0.245,-10.245,5.623339663799599
"S1 trader (as deployed, DRY)",(c) label the bot itself used,5m,2026-09-21T12:10:00Z,2026-09-21T12:14:15Z,OFF-HOURS,down,0.7,28.5,-7.9,down,1,1,,4.2857,0.21,4.0757,4.877444370206226
"S1 trader (as deployed, DRY)",(c) label the bot itself used,15m,2026-09-21T12:15:00Z,2026-09-21T12:28:39Z,OFF-HOURS,up,0.66,32.4,12.1,up,1,1,,5.1515,0.238,4.9135,9.00309395907464
"S1 trader (as deployed, DRY)",(c) label the bot itself used,5m,2026-09-21T12:35:00Z,2026-09-21T12:39:26Z,OFF-HOURS,up,0.97,2.8,9.4,up,1,0,3 per hour cap,0.3093,0.021,0.2883,3.5589648735089368
"S1 trader (as deployed, DRY)",(c) label the bot itself used,5m,2026-09-21T13:15:00Z,2026-09-21T13:19:15Z,OFF-HOURS,down,0.62,36.4,-4.9,down,1,1,,6.129,0.266,5.863,-0.06149112232855439
"S1 trader (as deployed, DRY)",(c) label the bot itself used,15m,2026-09-21T13:30:00Z,2026-09-21T13:43:31Z,US 13:30-21:00,up,0.97,2.8,6.9,up,1,1,,0.3093,0.021,0.2883,15.643103257412385
"S1 trader (as deployed, DRY)",(c) label the bot itself used,15m,2026-09-21T14:30:00Z,2026-09-21T14:43:30Z,US 13:30-21:00,up,0.9,9.4,11.5,up,1,1,,1.1111,0.07,1.0411,9.166979327834031
"S1 trader (as deployed, DRY)",(c) label the bot itself used,15m,2026-09-21T14:45:00Z,2026-09-21T14:58:30Z,US 13:30-21:00,up,0.77,22.2,20.6,up,1,1,,2.987,0.161,2.826,5.931733254972611
"S1 trader (as deployed, DRY)",(c) label the bot itself used,5m,2026-09-21T16:10:00Z,2026-09-21T16:14:22Z,US 13:30-21:00,up,0.57,41.3,4.4,down,0,1,,-10.0,0.301,-10.301,-1.730914256744068
"S1 trader (as deployed, DRY)",(c) label the bot itself used,5m,2026-09-21T16:15:00Z,2026-09-21T16:19:16Z,US 13:30-21:00,up,0.97,2.8,13.4,up,1,1,,0.3093,0.021,0.2883,10.522044502184823
"S1 trader (as deployed, DRY)",(c) label the bot itself used,15m,2026-09-21T16:30:00Z,2026-09-21T16:43:30Z,US 13:30-21:00,down,0.58,40.3,-8.8,down,1,1,,7.2414,0.294,6.9474,1.640544273271923
"S1 trader (as deployed, DRY)",(c) label the bot itself used,5m,2026-09-21T16:55:00Z,2026-09-21T16:59:15Z,US 13:30-21:00,up,0.78,20.8,9.1,up,1,0,3 per hour cap,2.8205,0.154,2.6665,-5.835489972916348
"S1 trader (as deployed, DRY)",(c) label the bot itself used,15m,2026-09-21T17:45:00Z,2026-09-21T17:58:30Z,US 13:30-21:00,down,0.92,7.5,-12.2,down,1,1,,0.8696,0.056,0.8136,-0.3750930276541107
"S1 trader (as deployed, DRY)",(c) label the bot itself used,5m,2026-09-21T18:05:00Z,2026-09-21T18:09:18Z,US 13:30-21:00,up,0.67,31.5,4.3,up,1,1,,4.9254,0.231,4.6944,-2.7768806891676503
"S1 trader (as deployed, DRY)",(c) label the bot itself used,5m,2026-09-21T20:00:00Z,2026-09-21T20:04:15Z,US 13:30-21:00,up,0.92,7.5,5.3,up,1,1,,0.8696,0.056,0.8136,19.172909929161577
"S1 trader (as deployed, DRY)",(c) label the bot itself used,15m,2026-09-21T22:30:00Z,2026-09-21T22:43:30Z,OFF-HOURS,up,0.89,10.3,10.7,up,1,1,,1.236,0.077,1.159,0.8334868573507708
"S1 trader (as deployed, DRY)",(c) label the bot itself used,15m,2026-09-21T22:45:00Z,2026-09-21T22:58:30Z,OFF-HOURS,down,0.93,6.5,-5.8,up,0,1,,-10.0,0.049,-10.049,2.739591338809264
"S1 trader (as deployed, DRY)",(c) label the bot itself used,15m,2026-09-21T23:30:00Z,2026-09-21T23:44:00Z,OFF-HOURS,down,0.65,33.4,-5.7,down,1,1,,5.3846,0.245,5.1396,-3.7685169191642887
"S1 trader (as deployed, DRY)",(c) label the bot itself used,15m,2026-09-22T01:00:00Z,2026-09-22T01:13:30Z,ASIA 00:00-12:00,down,0.96,3.7,-6.6,down,1,1,,0.4167,0.028,0.3887,-13.050217469030251
"S1 trader (as deployed, DRY)",(c) label the bot itself used,5m,2026-09-22T02:05:00Z,2026-09-22T02:09:16Z,ASIA 00:00-12:00,up,0.97,2.8,6.0,up,1,1,,0.3093,0.021,0.2883,4.35238022256434
"S1 trader (as deployed, DRY)",(c) label the bot itself used,15m,2026-09-22T02:45:00Z,2026-09-22T02:58:44Z,ASIA 00:00-12:00,down,0.95,4.7,-7.0,down,1,1,,0.5263,0.035,0.4913,-11.010450554345724
"S1 trader (as deployed, DRY)",(c) label the bot itself used,15m,2026-09-22T04:15:00Z,2026-09-22T04:28:32Z,ASIA 00:00-12:00,down,0.55,43.3,-8.9,down,1,1,,8.1818,0.315,7.8668,-7.131124346679387
"S1 trader (as deployed, DRY)",(c) label the bot itself used,15m,2026-09-22T04:30:00Z,2026-09-22T04:43:31Z,ASIA 00:00-12:00,down,0.89,10.3,-5.3,down,1,1,,1.236,0.077,1.159,-4.647014517563694
"S1 trader (as deployed, DRY)",(c) label the bot itself used,5m,2026-09-22T05:30:00Z,2026-09-22T05:34:15Z,ASIA 00:00-12:00,down,0.6,38.3,-5.5,down,1,1,,6.6667,0.28,6.3867,-2.327518730791111
"S1 trader (as deployed, DRY)",(c) label the bot itself used,15m,2026-09-22T05:45:00Z,2026-09-22T05:58:51Z,ASIA 00:00-12:00,up,0.93,6.5,13.0,down,0,1,,-10.0,0.049,-10.049,-2.2507042516116056
"S1 trader (as deployed, DRY)",(c) label the bot itself used,5m,2026-09-22T06:10:00Z,2026-09-22T06:14:20Z,ASIA 00:00-12:00,down,0.95,4.7,-7.3,down,1,1,,0.5263,0.035,0.4913,2.806761179876266
"S1 trader (as deployed, DRY)",(c) label the bot itself used,15m,2026-09-22T06:15:00Z,2026-09-22T06:28:30Z,ASIA 00:00-12:00,down,0.66,32.4,-4.7,down,1,0,3 per hour cap,5.1515,0.238,4.9135,1.7393621490807307
"S1 trader (as deployed, DRY)",(c) label the bot itself used,15m,2026-09-22T11:15:00Z,2026-09-22T11:28:30Z,ASIA 00:00-12:00,up,0.78,20.8,9.7,down,0,1,,-10.0,0.154,-10.154,-5.8387095235904045
"S1 trader (as deployed, DRY)",(c) label the bot itself used,5m,2026-09-22T12:30:00Z,2026-09-22T12:34:16Z,OFF-HOURS,up,0.74,24.7,6.2,down,0,1,,-10.0,0.182,-10.182,-7.676079369168008
"S1 trader (as deployed, DRY)",(c) label the bot itself used,5m,2026-09-22T13:00:00Z,2026-09-22T13:04:27Z,OFF-HOURS,up,0.96,3.7,10.3,up,1,1,,0.4167,0.028,0.3887,4.104852380257231
"S1 trader (as deployed, DRY)",(c) label the bot itself used,5m,2026-09-22T15:10:00Z,2026-09-22T15:14:16Z,US 13:30-21:00,down,0.83,16.0,-11.0,down,1,1,,2.0482,0.119,1.9292,-1.6836729609537164
"S1 trader (as deployed, DRY)",(c) label the bot itself used,15m,2026-09-22T15:15:00Z,2026-09-22T15:28:55Z,US 13:30-21:00,down,0.59,39.3,-5.2,up,0,1,,-10.0,0.287,-10.287,-2.0012546628160286
"S1 trader (as deployed, DRY)",(c) label the bot itself used,5m,2026-09-22T15:35:00Z,2026-09-22T15:39:15Z,US 13:30-21:00,up,0.82,17.0,4.1,up,1,0,daily stop,2.1951,0.126,2.0691,1.9681003160911068
"S1 trader (as deployed, DRY)",(c) label the bot itself used,5m,2026-09-22T15:45:00Z,2026-09-22T15:49:25Z,US 13:30-21:00,up,0.97,2.8,4.7,up,1,0,daily stop,0.3093,0.021,0.2883,2.833453619276867
"S1 trader (as deployed, DRY)",(c) label the bot itself used,15m,2026-09-22T15:45:00Z,2026-09-22T15:58:31Z,US 13:30-21:00,down,0.95,4.7,-4.6,down,1,0,daily stop,0.5263,0.035,0.4913,-16.122825796482104
"S1 trader (as deployed, DRY)",(c) label the bot itself used,5m,2026-09-22T18:00:00Z,2026-09-22T18:04:16Z,US 13:30-21:00,down,0.97,2.8,-6.0,down,1,0,daily stop,0.3093,0.021,0.2883,-3.0374797992004967
"S1 trader (as deployed, DRY)",(c) label the bot itself used,15m,2026-09-22T18:00:00Z,2026-09-22T18:13:30Z,US 13:30-21:00,down,0.72,26.6,-8.3,down,1,0,daily stop,3.8889,0.196,3.6929,-4.839714302276405
"S1 trader (as deployed, DRY)",(c) label the bot itself used,5m,2026-09-22T18:30:00Z,2026-09-22T18:34:16Z,US 13:30-21:00,down,0.64,34.4,-5.3,down,1,0,daily stop,5.625,0.252,5.373,-0.7865021861625883
"S1 trader (as deployed, DRY)",(c) label the bot itself used,5m,2026-09-22T18:50:00Z,2026-09-22T18:54:15Z,US 13:30-21:00,down,0.87,12.2,-4.4,down,1,0,daily stop,1.4943,0.091,1.4033,2.9179885145804447
"S1 trader (as deployed, DRY)",(c) label the bot itself used,15m,2026-09-22T19:15:00Z,2026-09-22T19:28:59Z,US 13:30-21:00,up,0.95,4.7,4.1,up,1,0,daily stop,0.5263,0.035,0.4913,6.252653792858445
"S1 trader (as deployed, DRY)",(c) label the bot itself used,5m,2026-09-22T19:25:00Z,2026-09-22T19:29:15Z,US 13:30-21:00,up,0.87,12.2,5.1,up,1,0,daily stop,1.4943,0.091,1.4033,2.3805543280878476
"S1 trader (as deployed, DRY)",(c) label the bot itself used,5m,2026-09-22T19:40:00Z,2026-09-22T19:44:15Z,US 13:30-21:00,up,0.96,3.7,5.7,up,1,0,daily stop,0.4167,0.028,0.3887,4.791260203681238
"S1 trader (as deployed, DRY)",(c) label the bot itself used,15m,2026-09-22T21:00:00Z,2026-09-22T21:13:30Z,OFF-HOURS,up,0.73,25.6,6.9,up,1,0,daily stop,3.6986,0.189,3.5096,-0.9188411268805244
"S1 trader (as deployed, DRY)",(c) label the bot itself used,15m,2026-09-22T21:45:00Z,2026-09-22T21:58:30Z,OFF-HOURS,up,0.9,9.4,6.5,down,0,0,daily stop,-10.0,0.07,-10.07,-2.3791935920767484
"S1 trader (as deployed, DRY)",(c) label the bot itself used,15m,2026-09-22T23:30:00Z,2026-09-22T23:43:30Z,OFF-HOURS,down,0.95,4.7,-5.7,down,1,0,daily stop,0.5263,0.035,0.4913,-9.934832138112816
"S1 trader (as deployed, DRY)",(c) label the bot itself used,5m,2026-09-22T23:45:00Z,2026-09-22T23:49:17Z,OFF-HOURS,up,0.71,27.6,6.2,up,1,0,daily stop,4.0845,0.203,3.8815,-0.31889071961997406
"S1 trader (as deployed, DRY)",(c) label the bot itself used,15m,2026-09-22T23:45:00Z,2026-09-22T23:58:30Z,OFF-HOURS,up,0.95,4.7,4.7,up,1,0,daily stop,0.5263,0.035,0.4913,6.7115636821064415
"S1 trader (as deployed, DRY)",(c) label the bot itself used,15m,2026-09-23T00:45:00Z,2026-09-23T00:58:30Z,ASIA 00:00-12:00,up,0.55,43.3,4.3,up,1,1,,8.1818,0.315,7.8668,1.530531435110301
"S1 trader (as deployed, DRY)",(c) label the bot itself used,15m,2026-09-23T01:45:00Z,2026-09-23T01:58:31Z,ASIA 00:00-12:00,down,0.6,38.3,-7.1,up,0,1,,-10.0,0.28,-10.28,9.734248113492285
"S1 trader (as deployed, DRY)",(c) label the bot itself used,15m,2026-09-23T03:00:00Z,2026-09-23T03:13:30Z,ASIA 00:00-12:00,down,0.94,5.6,-7.5,down,1,1,,0.6383,0.042,0.5963,-0.8188016458803082
"S1 trader (as deployed, DRY)",(c) label the bot itself used,5m,2026-09-23T05:35:00Z,2026-09-23T05:39:15Z,ASIA 00:00-12:00,up,0.78,20.8,4.2,down,0,1,,-10.0,0.154,-10.154,-0.057529755426671846
"S1 trader (as deployed, DRY)",(c) label the bot itself used,5m,2026-09-23T05:40:00Z,2026-09-23T05:44:15Z,ASIA 00:00-12:00,up,0.75,23.7,6.7,up,1,1,,3.3333,0.175,3.1583,1.709535618239207
"S1 trader (as deployed, DRY)",(c) label the bot itself used,15m,2026-09-23T08:00:00Z,2026-09-23T08:14:12Z,ASIA 00:00-12:00,up,0.96,3.7,4.7,up,1,1,,0.4167,0.028,0.3887,5.376133101359949
"S1 trader (as deployed, DRY)",(c) label the bot itself used,15m,2026-09-23T08:15:00Z,2026-09-23T08:28:47Z,ASIA 00:00-12:00,up,0.76,22.7,8.3,down,0,1,,-10.0,0.168,-10.168,-2.4220518135201594
"S1 trader (as deployed, DRY)",(c) label the bot itself used,15m,2026-09-23T09:00:00Z,2026-09-23T09:13:30Z,ASIA 00:00-12:00,up,0.97,2.8,6.7,up,1,1,,0.3093,0.021,0.2883,5.059020717564265
"S1 trader (as deployed, DRY)",(c) label the bot itself used,5m,2026-09-23T11:30:00Z,2026-09-23T11:34:20Z,ASIA 00:00-12:00,up,0.96,3.7,4.4,up,1,1,,0.4167,0.028,0.3887,0.755055527724106
"S1 trader (as deployed, DRY)",(c) label the bot itself used,15m,2026-09-23T12:15:00Z,2026-09-23T12:28:30Z,OFF-HOURS,down,0.56,42.3,-5.3,up,0,1,,-10.0,0.308,-10.308,1.1034765181057447
"S1 trader (as deployed, DRY)",(c) label the bot itself used,15m,2026-09-23T12:30:00Z,2026-09-23T12:43:30Z,OFF-HOURS,up,0.62,36.4,4.5,down,0,0,daily stop,-10.0,0.266,-10.266,-2.6313150062929735
"S1 trader (as deployed, DRY)",(c) label the bot itself used,15m,2026-09-23T13:45:00Z,2026-09-23T13:58:30Z,US 13:30-21:00,down,0.83,16.0,-16.7,down,1,0,daily stop,2.0482,0.119,1.9292,-4.9854452054456955
"S1 trader (as deployed, DRY)",(c) label the bot itself used,5m,2026-09-23T14:35:00Z,2026-09-23T14:39:15Z,US 13:30-21:00,up,0.63,35.4,10.9,up,1,0,daily stop,5.873,0.259,5.614,-1.3332387434281792
"S1 trader (as deployed, DRY)",(c) label the bot itself used,5m,2026-09-23T14:45:00Z,2026-09-23T14:49:15Z,US 13:30-21:00,down,0.96,3.7,-7.7,down,1,0,daily stop,0.4167,0.028,0.3887,1.5120234006793911
"S1 trader (as deployed, DRY)",(c) label the bot itself used,5m,2026-09-23T15:00:00Z,2026-09-23T15:04:25Z,US 13:30-21:00,up,0.6,38.3,4.2,up,1,0,daily stop,6.6667,0.28,6.3867,2.2690074524492734
"S1 trader (as deployed, DRY)",(c) label the bot itself used,15m,2026-09-23T16:45:00Z,2026-09-23T16:58:38Z,US 13:30-21:00,down,0.97,2.8,-17.2,down,1,0,daily stop,0.3093,0.021,0.2883,-7.460066041281415
"S1 trader (as deployed, DRY)",(c) label the bot itself used,15m,2026-09-23T17:45:00Z,2026-09-23T17:58:30Z,US 13:30-21:00,up,0.97,2.8,9.1,up,1,0,daily stop,0.3093,0.021,0.2883,8.091243732970984
"S1 trader (as deployed, DRY)",(c) label the bot itself used,15m,2026-09-23T18:00:00Z,2026-09-23T18:13:41Z,US 13:30-21:00,down,0.97,2.8,-6.3,down,1,0,daily stop,0.3093,0.021,0.2883,-14.062760877300528
"S1 trader (as deployed, DRY)",(c) label the bot itself used,15m,2026-09-23T19:30:00Z,2026-09-23T19:43:30Z,US 13:30-21:00,up,0.9,9.4,5.0,up,1,0,daily stop,1.1111,0.07,1.0411,5.257407926122395
"S1 trader (as deployed, DRY)",(c) label the bot itself used,15m,2026-09-23T19:45:00Z,2026-09-23T19:58:30Z,US 13:30-21:00,up,0.97,2.8,5.1,up,1,0,daily stop,0.3093,0.021,0.2883,7.2822387124194945
"S1 trader (as deployed, DRY)",(c) label the bot itself used,5m,2026-09-23T23:00:00Z,2026-09-23T23:04:16Z,OFF-HOURS,down,0.74,24.7,-5.3,down,1,0,daily stop,3.5135,0.182,3.3315,0.22540529601760495
"S1 trader (as deployed, DRY)",(c) label the bot itself used,15m,2026-09-23T23:15:00Z,2026-09-23T23:28:31Z,OFF-HOURS,down,0.9,9.4,-4.6,down,1,0,daily stop,1.1111,0.07,1.0411,-0.5845430238154802
"S1 trader (as deployed, DRY)",(c) label the bot itself used,15m,2026-09-24T00:15:00Z,2026-09-24T00:28:58Z,ASIA 00:00-12:00,up,0.55,43.3,4.1,down,0,1,,-10.0,0.315,-10.315,-1.6270367940083021
"S1 trader (as deployed, DRY)",(c) label the bot itself used,15m,2026-09-24T00:45:00Z,2026-09-24T00:58:30Z,ASIA 00:00-12:00,down,0.96,3.7,-6.6,down,1,1,,0.4167,0.028,0.3887,-5.147109050128786
"S1 trader (as deployed, DRY)",(c) label the bot itself used,5m,2026-09-24T02:35:00Z,2026-09-24T02:39:31Z,ASIA 00:00-12:00,down,0.6,38.3,-4.5,up,0,1,,-10.0,0.28,-10.28,3.7802822997158367
"S1 trader (as deployed, DRY)",(c) label the bot itself used,15m,2026-09-24T03:30:00Z,2026-09-24T03:43:30Z,ASIA 00:00-12:00,down,0.77,21.8,-6.6,down,1,0,daily stop,2.987,0.161,2.826,-4.924451167835398
"S1 trader (as deployed, DRY)",(c) label the bot itself used,5m,2026-09-24T03:55:00Z,2026-09-24T03:59:16Z,ASIA 00:00-12:00,down,0.87,12.2,-4.1,down,1,0,daily stop,1.4943,0.091,1.4033,2.4080991975486463
"S1 trader (as deployed, DRY)",(c) label the bot itself used,15m,2026-09-24T06:45:00Z,2026-09-24T06:58:30Z,ASIA 00:00-12:00,down,0.97,2.8,-7.4,down,1,0,daily stop,0.3093,0.021,0.2883,-9.36061179614481
"S1 trader (as deployed, DRY)",(c) label the bot itself used,15m,2026-09-24T07:00:00Z,2026-09-24T07:13:37Z,ASIA 00:00-12:00,down,0.96,3.7,-9.4,down,1,0,daily stop,0.4167,0.028,0.3887,-2.938336001705422
"S1 trader (as deployed, DRY)",(c) label the bot itself used,15m,2026-09-24T07:30:00Z,2026-09-24T07:43:30Z,ASIA 00:00-12:00,up,0.93,6.5,12.0,up,1,0,daily stop,0.7527,0.049,0.7037,2.675526096362383
"S1 trader (as deployed, DRY)",(c) label the bot itself used,5m,2026-09-24T08:35:00Z,2026-09-24T08:39:15Z,ASIA 00:00-12:00,down,0.92,7.5,-8.7,down,1,0,daily stop,0.8696,0.056,0.8136,5.415197987538195
"S1 trader (as deployed, DRY)",(c) label the bot itself used,5m,2026-09-24T10:20:00Z,2026-09-24T10:24:15Z,ASIA 00:00-12:00,down,0.7,28.5,-6.7,down,1,0,daily stop,4.2857,0.21,4.0757,-5.55125719089356
"S1 trader (as deployed, DRY)",(c) label the bot itself used,15m,2026-09-24T10:15:00Z,2026-09-24T10:28:30Z,ASIA 00:00-12:00,up,0.65,33.4,6.3,up,1,0,daily stop,5.3846,0.245,5.1396,-4.79003375319899
"S1 trader (as deployed, DRY)",(c) label the bot itself used,15m,2026-09-24T11:00:00Z,2026-09-24T11:13:31Z,ASIA 00:00-12:00,up,0.71,27.6,5.3,up,1,0,daily stop,4.0845,0.203,3.8815,6.124183492197358
"S1 trader (as deployed, DRY)",(c) label the bot itself used,15m,2026-09-24T12:15:00Z,2026-09-24T12:28:30Z,OFF-HOURS,up,0.7,28.5,5.4,up,1,0,daily stop,4.2857,0.21,4.0757,1.4415926717137635
"S1 trader (as deployed, DRY)",(c) label the bot itself used,15m,2026-09-24T13:15:00Z,2026-09-24T13:28:40Z,OFF-HOURS,up,0.97,2.8,8.8,up,1,0,daily stop,0.3093,0.021,0.2883,2.4802054318561932
"S1 trader (as deployed, DRY)",(c) label the bot itself used,15m,2026-09-24T16:30:00Z,2026-09-24T16:43:30Z,US 13:30-21:00,down,0.61,37.3,-7.8,down,1,0,daily stop,6.3934,0.273,6.1204,-17.852022661263128
"S1 trader (as deployed, DRY)",(c) label the bot itself used,5m,2026-09-24T17:10:00Z,2026-09-24T17:14:16Z,US 13:30-21:00,down,0.96,3.7,-6.0,down,1,0,daily stop,0.4167,0.028,0.3887,0.3844404823749607
"S1 trader (as deployed, DRY)",(c) label the bot itself used,5m,2026-09-24T17:30:00Z,2026-09-24T17:34:15Z,US 13:30-21:00,up,0.93,6.5,5.5,up,1,0,daily stop,0.7527,0.049,0.7037,-3.3302282225684126
"S1 trader (as deployed, DRY)",(c) label the bot itself used,15m,2026-09-24T18:30:00Z,2026-09-24T18:43:30Z,US 13:30-21:00,down,0.88,11.3,-6.2,down,1,0,daily stop,1.3636,0.084,1.2796,-0.5335456237156306
"S1 trader (as deployed, DRY)",(c) label the bot itself used,5m,2026-09-24T18:50:00Z,2026-09-24T18:54:16Z,US 13:30-21:00,up,0.97,2.8,6.5,up,1,0,daily stop,0.3093,0.021,0.2883,4.329747351634365
"S1 trader (as deployed, DRY)",(c) label the bot itself used,5m,2026-09-24T20:05:00Z,2026-09-24T20:09:15Z,US 13:30-21:00,down,0.92,7.5,-6.0,down,1,0,daily stop,0.8696,0.056,0.8136,1.7048059138752514
"S1 trader (as deployed, DRY)",(c) label the bot itself used,15m,2026-09-24T20:15:00Z,2026-09-24T20:28:30Z,US 13:30-21:00,down,0.66,32.4,-5.7,down,1,0,daily stop,5.1515,0.238,4.9135,2.7083659053565468
"S1 trader (as deployed, DRY)",(c) label the bot itself used,15m,2026-09-24T21:30:00Z,2026-09-24T21:43:31Z,OFF-HOURS,up,0.96,3.7,4.1,up,1,0,daily stop,0.4167,0.028,0.3887,7.1381833021080325
"S1 trader (as deployed, DRY)",(c) label the bot itself used,15m,2026-09-24T23:00:00Z,2026-09-24T23:13:30Z,OFF-HOURS,up,0.71,27.6,7.8,up,1,0,daily stop,4.0845,0.203,3.8815,2.562622403921652
"S1 trader (as deployed, DRY)",(c) label the bot itself used,15m,2026-09-25T00:30:00Z,2026-09-25T00:43:30Z,ASIA 00:00-12:00,down,0.93,6.5,-6.7,down,1,1,,0.7527,0.049,0.7037,-8.495237740543171
"S1 trader (as deployed, DRY)",(c) label the bot itself used,5m,2026-09-25T00:40:00Z,2026-09-25T00:44:15Z,ASIA 00:00-12:00,up,0.94,5.6,4.8,up,1,1,,0.6383,0.042,0.5963,-1.1328793314010652
"S1 trader (as deployed, DRY)",(c) label the bot itself used,15m,2026-09-25T01:30:00Z,2026-09-25T01:43:30Z,ASIA 00:00-12:00,down,0.6,38.3,-11.3,down,1,1,,6.6667,0.28,6.3867,-6.840895021053315
"S1 trader (as deployed, DRY)",(c) label the bot itself used,5m,2026-09-25T01:50:00Z,2026-09-25T01:54:16Z,ASIA 00:00-12:00,up,0.76,22.7,4.5,up,1,1,,3.1579,0.168,2.9899,-1.071431547733973
"S1 trader (as deployed, DRY)",(c) label the bot itself used,15m,2026-09-25T03:00:00Z,2026-09-25T03:13:30Z,ASIA 00:00-12:00,up,0.9,9.4,5.3,up,1,1,,1.1111,0.07,1.0411,3.631888421163922
"S1 trader (as deployed, DRY)",(c) label the bot itself used,15m,2026-09-25T03:45:00Z,2026-09-25T03:58:31Z,ASIA 00:00-12:00,down,0.76,22.7,-4.5,down,1,1,,3.1579,0.168,2.9899,2.749575731538643
"S1 trader (as deployed, DRY)",(c) label the bot itself used,5m,2026-09-25T05:30:00Z,2026-09-25T05:34:15Z,ASIA 00:00-12:00,down,0.65,33.4,-4.1,down,1,1,,5.3846,0.245,5.1396,-2.2968907756404384
"S1 trader (as deployed, DRY)",(c) label the bot itself used,5m,2026-09-25T07:10:00Z,2026-09-25T07:14:16Z,ASIA 00:00-12:00,up,0.94,5.6,5.0,up,1,1,,0.6383,0.042,0.5963,-3.2512797218589653
"S1 trader (as deployed, DRY)",(c) label the bot itself used,5m,2026-09-25T08:05:00Z,2026-09-25T08:09:17Z,ASIA 00:00-12:00,down,0.95,4.7,-4.6,down,1,1,,0.5263,0.035,0.4913,-0.8995193907042397
"S1 trader (as deployed, DRY)",(c) label the bot itself used,15m,2026-09-25T12:30:00Z,2026-09-25T12:43:30Z,OFF-HOURS,up,0.74,24.7,9.7,up,1,1,,3.5135,0.182,3.3315,4.384047353261058
"S1 trader (as deployed, DRY)",(c) label the bot itself used,5m,2026-09-25T13:00:00Z,2026-09-25T13:04:15Z,OFF-HOURS,down,0.96,3.7,-7.9,down,1,1,,0.4167,0.028,0.3887,1.157484919543802
"S1 trader (as deployed, DRY)",(c) label the bot itself used,15m,2026-09-25T14:15:00Z,2026-09-25T14:28:30Z,US 13:30-21:00,up,0.94,5.6,8.1,up,1,1,,0.6383,0.042,0.5963,9.126289360952853
"S1 trader (as deployed, DRY)",(c) label the bot itself used,15m,2026-09-25T14:30:00Z,2026-09-25T14:43:47Z,US 13:30-21:00,up,0.96,3.7,18.4,up,1,1,,0.4167,0.028,0.3887,5.425331124360873
"S1 trader (as deployed, DRY)",(c) label the bot itself used,15m,2026-09-25T15:00:00Z,2026-09-25T15:13:30Z,US 13:30-21:00,down,0.71,27.6,-12.1,down,1,1,,4.0845,0.203,3.8815,-2.4206852443810205
"S1 trader (as deployed, DRY)",(c) label the bot itself used,5m,2026-09-25T15:30:00Z,2026-09-25T15:34:15Z,US 13:30-21:00,up,0.82,17.0,5.2,up,1,1,,2.1951,0.126,2.0691,-3.262802942113594
"S1 trader (as deployed, DRY)",(c) label the bot itself used,5m,2026-09-25T16:05:00Z,2026-09-25T16:09:15Z,US 13:30-21:00,up,0.68,30.5,4.7,up,1,1,,4.7059,0.224,4.4819,0.9537621805731173
"S1 trader (as deployed, DRY)",(c) label the bot itself used,15m,2026-09-25T16:15:00Z,2026-09-25T16:28:30Z,US 13:30-21:00,up,0.61,37.3,4.7,up,1,1,,6.3934,0.273,6.1204,-4.409550920796326
"S1 trader (as deployed, DRY)",(c) label the bot itself used,15m,2026-09-25T16:30:00Z,2026-09-25T16:43:30Z,US 13:30-21:00,down,0.87,12.2,-6.5,down,1,1,,1.4943,0.091,1.4033,-8.79302928075346
"S1 trader (as deployed, DRY)",(c) label the bot itself used,15m,2026-09-26T00:30:00Z,2026-09-26T00:43:30Z,WEEKEND,down,0.92,7.5,-10.0,down,1,1,,0.8696,0.056,0.8136,-8.02326340230513
"S1 trader (as deployed, DRY)",(c) label the bot itself used,15m,2026-09-26T01:00:00Z,2026-09-26T01:13:30Z,WEEKEND,up,0.96,3.7,6.3,up,1,1,,0.4167,0.028,0.3887,2.892347185081269
"S1 trader (as deployed, DRY)",(c) label the bot itself used,15m,2026-09-26T02:00:00Z,2026-09-26T02:13:30Z,WEEKEND,down,0.79,19.8,-4.9,up,0,1,,-10.0,0.147,-10.147,6.584975413744199
"S1 trader (as deployed, DRY)",(c) label the bot itself used,15m,2026-09-27T03:00:00Z,2026-09-27T03:13:30Z,WEEKEND,up,0.97,2.8,4.1,up,1,1,,0.3093,0.021,0.2883,3.9662264602813306
"S1 trader (as deployed, DRY)",(c) label the bot itself used,15m,2026-09-27T11:30:00Z,2026-09-27T11:43:31Z,WEEKEND,down,0.84,15.1,-5.0,down,1,1,,1.9048,0.112,1.7928,1.6718028752071652
