strategy,market,round_start_utc,side,entry_price,chain_outcome,wrong_source,wrong_label,pr_gap_bps,obs_end_gap_bps,net_usd_true,net_usd_if_public_label,pnl_error_usd
"S1 trader (as deployed, DRY)",5m,2026-09-20T22:50:00Z,up,0.97,up,past-results,down,-0.656010366722339,1.7040812931780307,0.29,-10.02,-10.31
"S1 trader (as deployed, DRY)",15m,2026-09-20T23:15:00Z,up,0.74,down,past-results,up,0.8193389711534386,-1.7298586666034517,-10.18,3.33,13.51
"S1 trader (as deployed, DRY)",5m,2026-09-20T23:40:00Z,down,0.64,down,past-results,up,2.8449989251090795,-0.8209221675936917,5.37,-10.25,-15.62
"S1 trader (as deployed, DRY)",15m,2026-09-21T00:45:00Z,up,0.62,up,past-results,down,-7.857121861579802,5.800905706406203,5.86,-10.27,-16.13
"S1 trader (as deployed, DRY)",5m,2026-09-21T09:40:00Z,down,0.69,down,past-results,up,14.64451441386019,-1.2222468213935562,4.28,-10.22,-14.49
"S1 trader (as deployed, DRY)",5m,2026-09-21T12:10:00Z,down,0.7,down,past-results,up,4.877444370206226,-3.8551289792841366,4.08,-10.21,-14.29
"S1 trader (as deployed, DRY)",15m,2026-09-21T16:30:00Z,down,0.58,down,past-results,up,1.640544273271923,-0.8758074723601827,6.95,-10.29,-17.24
"S1 trader (as deployed, DRY)",5m,2026-09-21T16:55:00Z,up,0.78,up,past-results,down,-5.835489972916348,0.8316798607144653,2.67,-10.15,-12.82
"S1 trader (as deployed, DRY)",5m,2026-09-21T18:05:00Z,up,0.67,up,past-results,down,-2.7768806891676503,0.0,4.69,-10.23,-14.93
"S1 trader (as deployed, DRY)",5m,2026-09-22T06:10:00Z,down,0.95,down,past-results,up,2.806761179876266,-3.2185410460060586,0.49,-10.04,-10.53
"S1 trader (as deployed, DRY)",15m,2026-09-22T06:15:00Z,down,0.66,down,past-results,up,1.7393621490807307,0.2590315268316636,4.91,-10.24,-15.15
"S1 trader (as deployed, DRY)",15m,2026-09-22T15:15:00Z,down,0.59,up,past-results,down,-2.0012546628160286,0.9990550700706563,-10.29,6.66,16.95
"S1 trader (as deployed, DRY)",5m,2026-09-22T18:50:00Z,down,0.87,down,past-results,up,2.9179885145804447,-1.0493460771100347,1.4,-10.09,-11.49
"S1 trader (as deployed, DRY)",15m,2026-09-22T21:00:00Z,up,0.73,up,past-results,down,-0.9188411268805244,4.521005393660395,3.51,-10.19,-13.7
"S1 trader (as deployed, DRY)",5m,2026-09-22T23:45:00Z,up,0.71,up,past-results,down,-0.31889071961997406,1.9355772095609858,3.88,-10.2,-14.08
"S1 trader (as deployed, DRY)",5m,2026-09-23T14:35:00Z,up,0.63,up,past-results,down,-1.3332387434281792,7.497446182395504,5.61,-10.26,-15.87
"S1 trader (as deployed, DRY)",5m,2026-09-23T14:45:00Z,down,0.96,down,past-results,up,1.5120234006793911,-5.72254819165755,0.39,-10.03,-10.42
"S1 trader (as deployed, DRY)",5m,2026-09-23T23:00:00Z,down,0.74,down,past-results,up,0.22540529601760495,-0.24364226739143596,3.33,-10.18,-13.51
"S1 trader (as deployed, DRY)",5m,2026-09-24T03:55:00Z,down,0.87,down,past-results,up,2.4080991975486463,0.08462675192178425,1.4,-10.09,-11.49
"S1 trader (as deployed, DRY)",5m,2026-09-24T08:35:00Z,down,0.92,down,past-results,up,5.415197987538195,-4.670042867557649,0.81,-10.06,-10.87
"S1 trader (as deployed, DRY)",15m,2026-09-24T10:15:00Z,up,0.65,up,past-results,down,-4.79003375319899,2.770352778285592,5.14,-10.24,-15.38
"S1 trader (as deployed, DRY)",5m,2026-09-24T17:10:00Z,down,0.96,down,past-results,up,0.3844404823749607,-1.1533409409616955,0.39,-10.03,-10.42
"S1 trader (as deployed, DRY)",5m,2026-09-24T17:30:00Z,up,0.93,up,past-results,down,-3.3302282225684126,0.8955658695207214,0.7,-10.05,-10.75
"S1 trader (as deployed, DRY)",5m,2026-09-24T20:05:00Z,down,0.92,down,past-results,up,1.7048059138752514,-0.9609855279845956,0.81,-10.06,-10.87
"S1 trader (as deployed, DRY)",15m,2026-09-24T20:15:00Z,down,0.66,down,past-results,up,2.7083659053565468,-4.177945597000879,4.91,-10.24,-15.15
"S1 trader (as deployed, DRY)",5m,2026-09-25T00:40:00Z,up,0.94,up,past-results,down,-1.1328793314010652,1.2958970433454389,0.6,-10.04,-10.64
"S1 trader (as deployed, DRY)",5m,2026-09-25T01:50:00Z,up,0.76,up,past-results,down,-1.071431547733973,0.27448380776325215,2.99,-10.17,-13.16
"S1 trader (as deployed, DRY)",15m,2026-09-25T03:45:00Z,down,0.76,down,past-results,up,2.749575731538643,-0.8490372570603598,2.99,-10.17,-13.16
"S1 trader (as deployed, DRY)",5m,2026-09-25T07:10:00Z,up,0.94,up,past-results,down,-3.2512797218589653,1.3354433098947314,0.6,-10.04,-10.64
"S1 trader (as deployed, DRY)",5m,2026-09-25T13:00:00Z,down,0.96,down,past-results,up,1.157484919543802,-2.0492501946252197,0.39,-10.03,-10.42
"S1 trader (as deployed, DRY)",5m,2026-09-25T15:30:00Z,up,0.82,up,past-results,down,-3.262802942113594,1.5989965132560773,2.07,-10.13,-12.2
"S1 trader (as deployed, DRY)",15m,2026-09-25T16:15:00Z,up,0.61,up,past-results,down,-4.409550920796326,0.8861508204877985,6.12,-10.27,-16.39
"S1 trader (as deployed, DRY)",15m,2026-09-27T11:30:00Z,down,0.84,down,past-results,up,1.6718028752071652,-2.3876775577514735,1.79,-10.11,-11.9
