market,rule,open_tick_offset_s,end_tick_offset_s,gap_bucket,rounds,correct_vs_chain,accuracy_pct
15m,twap60,-3,-3,1-2bp,9,9,100.0
15m,twap60,-3,-2,1-2bp,9,9,100.0
15m,twap60,-3,-1,1-2bp,9,9,100.0
15m,twap60,-3,0,1-2bp,9,9,100.0
15m,twap60,-3,1,1-2bp,9,9,100.0
15m,twap60,-3,2,1-2bp,9,9,100.0
15m,twap60,-3,3,1-2bp,9,9,100.0
15m,twap60,-2,-3,1-2bp,9,9,100.0
15m,twap60,-2,-2,1-2bp,9,9,100.0
15m,twap60,-2,-1,1-2bp,9,9,100.0
15m,twap60,-2,0,1-2bp,9,9,100.0
15m,twap60,-2,1,1-2bp,9,9,100.0
15m,twap60,-2,2,1-2bp,9,9,100.0
15m,twap60,-2,3,1-2bp,9,9,100.0
15m,twap60,-1,-3,1-2bp,9,9,100.0
15m,twap60,-1,-2,1-2bp,9,9,100.0
15m,twap60,-1,-1,1-2bp,9,9,100.0
15m,twap60,-1,0,1-2bp,9,9,100.0
15m,twap60,-1,1,1-2bp,9,9,100.0
15m,twap60,-1,2,1-2bp,9,9,100.0
15m,twap60,-1,3,1-2bp,9,9,100.0
15m,twap60,0,-3,1-2bp,9,9,100.0
15m,twap60,0,-2,1-2bp,9,9,100.0
15m,twap60,0,-1,1-2bp,9,9,100.0
15m,twap60,0,0,1-2bp,9,9,100.0
15m,twap60,0,1,1-2bp,9,9,100.0
15m,twap60,0,2,1-2bp,9,9,100.0
15m,twap60,0,3,1-2bp,9,9,100.0
15m,twap60,1,-3,1-2bp,9,9,100.0
15m,twap60,1,-2,1-2bp,9,9,100.0
15m,twap60,1,-1,1-2bp,9,9,100.0
15m,twap60,1,0,1-2bp,9,9,100.0
15m,twap60,1,1,1-2bp,9,9,100.0
15m,twap60,1,2,1-2bp,9,9,100.0
15m,twap60,1,3,1-2bp,9,9,100.0
15m,twap60,2,-3,1-2bp,9,9,100.0
15m,twap60,2,-2,1-2bp,9,9,100.0
15m,twap60,2,-1,1-2bp,9,9,100.0
15m,twap60,2,0,1-2bp,9,9,100.0
15m,twap60,2,1,1-2bp,9,9,100.0
15m,twap60,2,2,1-2bp,9,9,100.0
15m,twap60,2,3,1-2bp,9,9,100.0
15m,twap60,3,-3,1-2bp,9,9,100.0
15m,twap60,3,-2,1-2bp,9,9,100.0
15m,twap60,3,-1,1-2bp,9,9,100.0
15m,twap60,3,0,1-2bp,9,9,100.0
15m,twap60,3,1,1-2bp,9,9,100.0
15m,twap60,3,2,1-2bp,9,9,100.0
15m,twap60,3,3,1-2bp,9,9,100.0
15m,twap60,-3,-3,2-4bp,26,26,100.0
15m,twap60,-3,-2,2-4bp,26,26,100.0
15m,twap60,-3,-1,2-4bp,26,26,100.0
15m,twap60,-3,0,2-4bp,26,26,100.0
15m,twap60,-3,1,2-4bp,26,26,100.0
15m,twap60,-3,2,2-4bp,26,26,100.0
15m,twap60,-3,3,2-4bp,26,26,100.0
15m,twap60,-2,-3,2-4bp,26,26,100.0
15m,twap60,-2,-2,2-4bp,26,26,100.0
15m,twap60,-2,-1,2-4bp,26,26,100.0
15m,twap60,-2,0,2-4bp,26,26,100.0
15m,twap60,-2,1,2-4bp,26,26,100.0
15m,twap60,-2,2,2-4bp,26,26,100.0
15m,twap60,-2,3,2-4bp,26,26,100.0
15m,twap60,-1,-3,2-4bp,26,26,100.0
15m,twap60,-1,-2,2-4bp,26,26,100.0
15m,twap60,-1,-1,2-4bp,26,26,100.0
15m,twap60,-1,0,2-4bp,26,26,100.0
15m,twap60,-1,1,2-4bp,26,26,100.0
15m,twap60,-1,2,2-4bp,26,26,100.0
15m,twap60,-1,3,2-4bp,26,26,100.0
15m,twap60,0,-3,2-4bp,26,26,100.0
15m,twap60,0,-2,2-4bp,26,26,100.0
15m,twap60,0,-1,2-4bp,26,26,100.0
15m,twap60,0,0,2-4bp,26,26,100.0
15m,twap60,0,1,2-4bp,26,26,100.0
15m,twap60,0,2,2-4bp,26,26,100.0
15m,twap60,0,3,2-4bp,26,26,100.0
15m,twap60,1,-3,2-4bp,26,26,100.0
15m,twap60,1,-2,2-4bp,26,26,100.0
15m,twap60,1,-1,2-4bp,26,26,100.0
15m,twap60,1,0,2-4bp,26,26,100.0
15m,twap60,1,1,2-4bp,26,26,100.0
15m,twap60,1,2,2-4bp,26,26,100.0
15m,twap60,1,3,2-4bp,26,26,100.0
15m,twap60,2,-3,2-4bp,26,26,100.0
15m,twap60,2,-2,2-4bp,26,26,100.0
15m,twap60,2,-1,2-4bp,26,26,100.0
15m,twap60,2,0,2-4bp,26,26,100.0
15m,twap60,2,1,2-4bp,26,26,100.0
15m,twap60,2,2,2-4bp,26,26,100.0
15m,twap60,2,3,2-4bp,26,26,100.0
15m,twap60,3,-3,2-4bp,26,26,100.0
15m,twap60,3,-2,2-4bp,26,26,100.0
15m,twap60,3,-1,2-4bp,26,26,100.0
15m,twap60,3,0,2-4bp,26,26,100.0
15m,twap60,3,1,2-4bp,26,26,100.0
15m,twap60,3,2,2-4bp,26,26,100.0
15m,twap60,3,3,2-4bp,26,26,100.0
15m,twap60,-3,-3,4-8bp,24,24,100.0
15m,twap60,-3,-2,4-8bp,24,24,100.0
15m,twap60,-3,-1,4-8bp,24,24,100.0
15m,twap60,-3,0,4-8bp,24,24,100.0
15m,twap60,-3,1,4-8bp,24,24,100.0
15m,twap60,-3,2,4-8bp,24,24,100.0
15m,twap60,-3,3,4-8bp,24,24,100.0
15m,twap60,-2,-3,4-8bp,24,24,100.0
15m,twap60,-2,-2,4-8bp,24,24,100.0
15m,twap60,-2,-1,4-8bp,24,24,100.0
15m,twap60,-2,0,4-8bp,24,24,100.0
15m,twap60,-2,1,4-8bp,24,24,100.0
15m,twap60,-2,2,4-8bp,24,24,100.0
15m,twap60,-2,3,4-8bp,24,24,100.0
15m,twap60,-1,-3,4-8bp,24,24,100.0
15m,twap60,-1,-2,4-8bp,24,24,100.0
15m,twap60,-1,-1,4-8bp,24,24,100.0
15m,twap60,-1,0,4-8bp,24,24,100.0
15m,twap60,-1,1,4-8bp,24,24,100.0
15m,twap60,-1,2,4-8bp,24,24,100.0
15m,twap60,-1,3,4-8bp,24,24,100.0
15m,twap60,0,-3,4-8bp,24,24,100.0
15m,twap60,0,-2,4-8bp,24,24,100.0
15m,twap60,0,-1,4-8bp,24,24,100.0
15m,twap60,0,0,4-8bp,24,24,100.0
15m,twap60,0,1,4-8bp,24,24,100.0
15m,twap60,0,2,4-8bp,24,24,100.0
15m,twap60,0,3,4-8bp,24,24,100.0
15m,twap60,1,-3,4-8bp,24,24,100.0
15m,twap60,1,-2,4-8bp,24,24,100.0
15m,twap60,1,-1,4-8bp,24,24,100.0
15m,twap60,1,0,4-8bp,24,24,100.0
15m,twap60,1,1,4-8bp,24,24,100.0
15m,twap60,1,2,4-8bp,24,24,100.0
15m,twap60,1,3,4-8bp,24,24,100.0
15m,twap60,2,-3,4-8bp,24,24,100.0
15m,twap60,2,-2,4-8bp,24,24,100.0
15m,twap60,2,-1,4-8bp,24,24,100.0
15m,twap60,2,0,4-8bp,24,24,100.0
15m,twap60,2,1,4-8bp,24,24,100.0
15m,twap60,2,2,4-8bp,24,24,100.0
15m,twap60,2,3,4-8bp,24,24,100.0
15m,twap60,3,-3,4-8bp,24,24,100.0
15m,twap60,3,-2,4-8bp,24,24,100.0
15m,twap60,3,-1,4-8bp,24,24,100.0
15m,twap60,3,0,4-8bp,24,24,100.0
15m,twap60,3,1,4-8bp,24,24,100.0
15m,twap60,3,2,4-8bp,24,24,100.0
15m,twap60,3,3,4-8bp,24,24,100.0
15m,twap60,0,-3,<1bp,17,17,100.0
15m,twap60,0,-2,<1bp,17,17,100.0
15m,twap60,0,-1,<1bp,17,17,100.0
15m,twap60,0,0,<1bp,17,17,100.0
15m,twap60,0,1,<1bp,17,17,100.0
15m,twap60,0,2,<1bp,17,17,100.0
15m,twap60,1,-3,<1bp,17,17,100.0
15m,twap60,1,-2,<1bp,17,17,100.0
15m,twap60,1,-1,<1bp,17,17,100.0
15m,twap60,1,0,<1bp,17,17,100.0
15m,twap60,1,1,<1bp,17,17,100.0
15m,twap60,1,2,<1bp,17,17,100.0
15m,twap60,1,3,<1bp,17,17,100.0
15m,twap60,2,-3,<1bp,17,17,100.0
15m,twap60,2,-2,<1bp,17,17,100.0
15m,twap60,2,-1,<1bp,17,17,100.0
15m,twap60,2,0,<1bp,17,17,100.0
15m,twap60,2,1,<1bp,17,17,100.0
15m,twap60,2,2,<1bp,17,17,100.0
15m,twap60,2,3,<1bp,17,17,100.0
15m,twap60,3,-3,<1bp,17,17,100.0
15m,twap60,3,-2,<1bp,17,17,100.0
15m,twap60,3,-1,<1bp,17,17,100.0
15m,twap60,3,0,<1bp,17,17,100.0
15m,twap60,3,1,<1bp,17,17,100.0
15m,twap60,3,2,<1bp,17,17,100.0
15m,twap60,3,3,<1bp,17,17,100.0
15m,twap60,-3,-3,<1bp,17,16,94.12
15m,twap60,-3,-2,<1bp,17,16,94.12
15m,twap60,-3,-1,<1bp,17,16,94.12
15m,twap60,-3,0,<1bp,17,16,94.12
15m,twap60,-3,1,<1bp,17,16,94.12
15m,twap60,-2,-3,<1bp,17,16,94.12
15m,twap60,-2,-2,<1bp,17,16,94.12
15m,twap60,-2,-1,<1bp,17,16,94.12
15m,twap60,-2,0,<1bp,17,16,94.12
15m,twap60,-2,1,<1bp,17,16,94.12
15m,twap60,-1,-3,<1bp,17,16,94.12
15m,twap60,-1,-2,<1bp,17,16,94.12
15m,twap60,-1,-1,<1bp,17,16,94.12
15m,twap60,-1,0,<1bp,17,16,94.12
15m,twap60,-1,1,<1bp,17,16,94.12
15m,twap60,0,3,<1bp,17,16,94.12
15m,twap60,-3,2,<1bp,17,15,88.24
15m,twap60,-3,3,<1bp,17,15,88.24
15m,twap60,-2,2,<1bp,17,15,88.24
15m,twap60,-2,3,<1bp,17,15,88.24
15m,twap60,-1,2,<1bp,17,15,88.24
15m,twap60,-1,3,<1bp,17,15,88.24
15m,twap60,-3,-3,>8bp,26,26,100.0
15m,twap60,-3,-2,>8bp,26,26,100.0
15m,twap60,-3,-1,>8bp,26,26,100.0
15m,twap60,-3,0,>8bp,26,26,100.0
15m,twap60,-3,1,>8bp,26,26,100.0
15m,twap60,-3,2,>8bp,26,26,100.0
15m,twap60,-3,3,>8bp,26,26,100.0
15m,twap60,-2,-3,>8bp,26,26,100.0
15m,twap60,-2,-2,>8bp,26,26,100.0
15m,twap60,-2,-1,>8bp,26,26,100.0
15m,twap60,-2,0,>8bp,26,26,100.0
15m,twap60,-2,1,>8bp,26,26,100.0
15m,twap60,-2,2,>8bp,26,26,100.0
15m,twap60,-2,3,>8bp,26,26,100.0
15m,twap60,-1,-3,>8bp,26,26,100.0
15m,twap60,-1,-2,>8bp,26,26,100.0
15m,twap60,-1,-1,>8bp,26,26,100.0
15m,twap60,-1,0,>8bp,26,26,100.0
15m,twap60,-1,1,>8bp,26,26,100.0
15m,twap60,-1,2,>8bp,26,26,100.0
15m,twap60,-1,3,>8bp,26,26,100.0
15m,twap60,0,-3,>8bp,26,26,100.0
15m,twap60,0,-2,>8bp,26,26,100.0
15m,twap60,0,-1,>8bp,26,26,100.0
15m,twap60,0,0,>8bp,26,26,100.0
15m,twap60,0,1,>8bp,26,26,100.0
15m,twap60,0,2,>8bp,26,26,100.0
15m,twap60,0,3,>8bp,26,26,100.0
15m,twap60,1,-3,>8bp,26,26,100.0
15m,twap60,1,-2,>8bp,26,26,100.0
15m,twap60,1,-1,>8bp,26,26,100.0
15m,twap60,1,0,>8bp,26,26,100.0
15m,twap60,1,1,>8bp,26,26,100.0
15m,twap60,1,2,>8bp,26,26,100.0
15m,twap60,1,3,>8bp,26,26,100.0
15m,twap60,2,-3,>8bp,26,26,100.0
15m,twap60,2,-2,>8bp,26,26,100.0
15m,twap60,2,-1,>8bp,26,26,100.0
15m,twap60,2,0,>8bp,26,26,100.0
15m,twap60,2,1,>8bp,26,26,100.0
15m,twap60,2,2,>8bp,26,26,100.0
15m,twap60,2,3,>8bp,26,26,100.0
15m,twap60,3,-3,>8bp,26,26,100.0
15m,twap60,3,-2,>8bp,26,26,100.0
15m,twap60,3,-1,>8bp,26,26,100.0
15m,twap60,3,0,>8bp,26,26,100.0
15m,twap60,3,1,>8bp,26,26,100.0
15m,twap60,3,2,>8bp,26,26,100.0
15m,twap60,3,3,>8bp,26,26,100.0
15m,twap60,0,-3,ALL,102,102,100.0
15m,twap60,0,-2,ALL,102,102,100.0
15m,twap60,0,-1,ALL,102,102,100.0
15m,twap60,0,0,ALL,102,102,100.0
15m,twap60,0,1,ALL,102,102,100.0
15m,twap60,0,2,ALL,102,102,100.0
15m,twap60,1,-3,ALL,102,102,100.0
15m,twap60,1,-2,ALL,102,102,100.0
15m,twap60,1,-1,ALL,102,102,100.0
15m,twap60,1,0,ALL,102,102,100.0
15m,twap60,1,1,ALL,102,102,100.0
15m,twap60,1,2,ALL,102,102,100.0
15m,twap60,1,3,ALL,102,102,100.0
15m,twap60,2,-3,ALL,102,102,100.0
15m,twap60,2,-2,ALL,102,102,100.0
15m,twap60,2,-1,ALL,102,102,100.0
15m,twap60,2,0,ALL,102,102,100.0
15m,twap60,2,1,ALL,102,102,100.0
15m,twap60,2,2,ALL,102,102,100.0
15m,twap60,2,3,ALL,102,102,100.0
15m,twap60,3,-3,ALL,102,102,100.0
15m,twap60,3,-2,ALL,102,102,100.0
15m,twap60,3,-1,ALL,102,102,100.0
15m,twap60,3,0,ALL,102,102,100.0
15m,twap60,3,1,ALL,102,102,100.0
15m,twap60,3,2,ALL,102,102,100.0
15m,twap60,3,3,ALL,102,102,100.0
15m,twap60,-3,-3,ALL,102,101,99.02
15m,twap60,-3,-2,ALL,102,101,99.02
15m,twap60,-3,-1,ALL,102,101,99.02
15m,twap60,-3,0,ALL,102,101,99.02
15m,twap60,-3,1,ALL,102,101,99.02
15m,twap60,-2,-3,ALL,102,101,99.02
15m,twap60,-2,-2,ALL,102,101,99.02
15m,twap60,-2,-1,ALL,102,101,99.02
15m,twap60,-2,0,ALL,102,101,99.02
15m,twap60,-2,1,ALL,102,101,99.02
15m,twap60,-1,-3,ALL,102,101,99.02
15m,twap60,-1,-2,ALL,102,101,99.02
15m,twap60,-1,-1,ALL,102,101,99.02
15m,twap60,-1,0,ALL,102,101,99.02
15m,twap60,-1,1,ALL,102,101,99.02
15m,twap60,0,3,ALL,102,101,99.02
15m,twap60,-3,2,ALL,102,100,98.04
15m,twap60,-3,3,ALL,102,100,98.04
15m,twap60,-2,2,ALL,102,100,98.04
15m,twap60,-2,3,ALL,102,100,98.04
15m,twap60,-1,2,ALL,102,100,98.04
15m,twap60,-1,3,ALL,102,100,98.04
15m,twap_end_vs_spot_open,0,-3,ALL,102,97,95.1
15m,twap_end_vs_spot_open,0,-2,ALL,102,97,95.1
15m,twap_end_vs_spot_open,0,-1,ALL,102,97,95.1
15m,twap_end_vs_spot_open,0,0,ALL,102,97,95.1
15m,twap_end_vs_spot_open,0,1,ALL,102,97,95.1
15m,twap_end_vs_spot_open,0,2,ALL,102,97,95.1
15m,twap_end_vs_spot_open,0,3,ALL,102,97,95.1
5m,twap60,-3,-3,1-2bp,54,54,100.0
5m,twap60,-3,-2,1-2bp,54,54,100.0
5m,twap60,-3,-1,1-2bp,54,54,100.0
5m,twap60,-3,0,1-2bp,54,54,100.0
5m,twap60,-3,1,1-2bp,54,54,100.0
5m,twap60,-3,2,1-2bp,54,54,100.0
5m,twap60,-3,3,1-2bp,54,54,100.0
5m,twap60,-2,-3,1-2bp,54,54,100.0
5m,twap60,-2,-2,1-2bp,54,54,100.0
5m,twap60,-2,-1,1-2bp,54,54,100.0
5m,twap60,-2,0,1-2bp,54,54,100.0
5m,twap60,-2,1,1-2bp,54,54,100.0
5m,twap60,-2,2,1-2bp,54,54,100.0
5m,twap60,-2,3,1-2bp,54,54,100.0
5m,twap60,-1,-3,1-2bp,54,54,100.0
5m,twap60,-1,-2,1-2bp,54,54,100.0
5m,twap60,-1,-1,1-2bp,54,54,100.0
5m,twap60,-1,0,1-2bp,54,54,100.0
5m,twap60,-1,1,1-2bp,54,54,100.0
5m,twap60,-1,2,1-2bp,54,54,100.0
5m,twap60,-1,3,1-2bp,54,54,100.0
5m,twap60,0,-3,1-2bp,54,54,100.0
5m,twap60,0,-2,1-2bp,54,54,100.0
5m,twap60,0,-1,1-2bp,54,54,100.0
5m,twap60,0,0,1-2bp,54,54,100.0
5m,twap60,0,1,1-2bp,54,54,100.0
5m,twap60,0,2,1-2bp,54,54,100.0
5m,twap60,0,3,1-2bp,54,54,100.0
5m,twap60,1,-3,1-2bp,54,54,100.0
5m,twap60,1,-2,1-2bp,54,54,100.0
5m,twap60,1,-1,1-2bp,54,54,100.0
5m,twap60,1,0,1-2bp,54,54,100.0
5m,twap60,1,1,1-2bp,54,54,100.0
5m,twap60,1,2,1-2bp,54,54,100.0
5m,twap60,1,3,1-2bp,54,54,100.0
5m,twap60,2,-3,1-2bp,54,54,100.0
5m,twap60,2,-2,1-2bp,54,54,100.0
5m,twap60,2,-1,1-2bp,54,54,100.0
5m,twap60,2,0,1-2bp,54,54,100.0
5m,twap60,2,1,1-2bp,54,54,100.0
5m,twap60,2,2,1-2bp,54,54,100.0
5m,twap60,2,3,1-2bp,54,54,100.0
5m,twap60,3,-3,1-2bp,54,54,100.0
5m,twap60,3,-2,1-2bp,54,54,100.0
5m,twap60,3,-1,1-2bp,54,54,100.0
5m,twap60,3,0,1-2bp,54,54,100.0
5m,twap60,3,1,1-2bp,54,54,100.0
5m,twap60,3,2,1-2bp,54,54,100.0
5m,twap60,3,3,1-2bp,54,54,100.0
5m,twap60,-3,-3,2-4bp,84,84,100.0
5m,twap60,-3,-2,2-4bp,84,84,100.0
5m,twap60,-3,-1,2-4bp,84,84,100.0
5m,twap60,-3,0,2-4bp,84,84,100.0
5m,twap60,-3,1,2-4bp,84,84,100.0
5m,twap60,-3,2,2-4bp,84,84,100.0
5m,twap60,-3,3,2-4bp,84,84,100.0
5m,twap60,-2,-3,2-4bp,84,84,100.0
5m,twap60,-2,-2,2-4bp,84,84,100.0
5m,twap60,-2,-1,2-4bp,84,84,100.0
5m,twap60,-2,0,2-4bp,84,84,100.0
5m,twap60,-2,1,2-4bp,84,84,100.0
5m,twap60,-2,2,2-4bp,84,84,100.0
5m,twap60,-2,3,2-4bp,84,84,100.0
5m,twap60,-1,-3,2-4bp,84,84,100.0
5m,twap60,-1,-2,2-4bp,84,84,100.0
5m,twap60,-1,-1,2-4bp,84,84,100.0
5m,twap60,-1,0,2-4bp,84,84,100.0
5m,twap60,-1,1,2-4bp,84,84,100.0
5m,twap60,-1,2,2-4bp,84,84,100.0
5m,twap60,-1,3,2-4bp,84,84,100.0
5m,twap60,0,-3,2-4bp,84,84,100.0
5m,twap60,0,-2,2-4bp,84,84,100.0
5m,twap60,0,-1,2-4bp,84,84,100.0
5m,twap60,0,0,2-4bp,84,84,100.0
5m,twap60,0,1,2-4bp,84,84,100.0
5m,twap60,0,2,2-4bp,84,84,100.0
5m,twap60,0,3,2-4bp,84,84,100.0
5m,twap60,1,-3,2-4bp,84,84,100.0
5m,twap60,1,-2,2-4bp,84,84,100.0
5m,twap60,1,-1,2-4bp,84,84,100.0
5m,twap60,1,0,2-4bp,84,84,100.0
5m,twap60,1,1,2-4bp,84,84,100.0
5m,twap60,1,2,2-4bp,84,84,100.0
5m,twap60,1,3,2-4bp,84,84,100.0
5m,twap60,2,-3,2-4bp,84,84,100.0
5m,twap60,2,-2,2-4bp,84,84,100.0
5m,twap60,2,-1,2-4bp,84,84,100.0
5m,twap60,2,0,2-4bp,84,84,100.0
5m,twap60,2,1,2-4bp,84,84,100.0
5m,twap60,2,2,2-4bp,84,84,100.0
5m,twap60,2,3,2-4bp,84,84,100.0
5m,twap60,3,-3,2-4bp,84,84,100.0
5m,twap60,3,-2,2-4bp,84,84,100.0
5m,twap60,3,-1,2-4bp,84,84,100.0
5m,twap60,3,0,2-4bp,84,84,100.0
5m,twap60,3,1,2-4bp,84,84,100.0
5m,twap60,3,2,2-4bp,84,84,100.0
5m,twap60,3,3,2-4bp,84,84,100.0
5m,twap60,-3,-3,4-8bp,58,58,100.0
5m,twap60,-3,-2,4-8bp,58,58,100.0
5m,twap60,-3,-1,4-8bp,58,58,100.0
5m,twap60,-3,0,4-8bp,58,58,100.0
5m,twap60,-3,1,4-8bp,58,58,100.0
5m,twap60,-3,2,4-8bp,58,58,100.0
5m,twap60,-3,3,4-8bp,58,58,100.0
5m,twap60,-2,-3,4-8bp,58,58,100.0
5m,twap60,-2,-2,4-8bp,58,58,100.0
5m,twap60,-2,-1,4-8bp,58,58,100.0
5m,twap60,-2,0,4-8bp,58,58,100.0
5m,twap60,-2,1,4-8bp,58,58,100.0
5m,twap60,-2,2,4-8bp,58,58,100.0
5m,twap60,-2,3,4-8bp,58,58,100.0
5m,twap60,-1,-3,4-8bp,58,58,100.0
5m,twap60,-1,-2,4-8bp,58,58,100.0
5m,twap60,-1,-1,4-8bp,58,58,100.0
5m,twap60,-1,0,4-8bp,58,58,100.0
5m,twap60,-1,1,4-8bp,58,58,100.0
5m,twap60,-1,2,4-8bp,58,58,100.0
5m,twap60,-1,3,4-8bp,58,58,100.0
5m,twap60,0,-3,4-8bp,58,58,100.0
5m,twap60,0,-2,4-8bp,58,58,100.0
5m,twap60,0,-1,4-8bp,58,58,100.0
5m,twap60,0,0,4-8bp,58,58,100.0
5m,twap60,0,1,4-8bp,58,58,100.0
5m,twap60,0,2,4-8bp,58,58,100.0
5m,twap60,0,3,4-8bp,58,58,100.0
5m,twap60,1,-3,4-8bp,58,58,100.0
5m,twap60,1,-2,4-8bp,58,58,100.0
5m,twap60,1,-1,4-8bp,58,58,100.0
5m,twap60,1,0,4-8bp,58,58,100.0
5m,twap60,1,1,4-8bp,58,58,100.0
5m,twap60,1,2,4-8bp,58,58,100.0
5m,twap60,1,3,4-8bp,58,58,100.0
5m,twap60,2,-3,4-8bp,58,58,100.0
5m,twap60,2,-2,4-8bp,58,58,100.0
5m,twap60,2,-1,4-8bp,58,58,100.0
5m,twap60,2,0,4-8bp,58,58,100.0
5m,twap60,2,1,4-8bp,58,58,100.0
5m,twap60,2,2,4-8bp,58,58,100.0
5m,twap60,2,3,4-8bp,58,58,100.0
5m,twap60,3,-3,4-8bp,58,58,100.0
5m,twap60,3,-2,4-8bp,58,58,100.0
5m,twap60,3,-1,4-8bp,58,58,100.0
5m,twap60,3,0,4-8bp,58,58,100.0
5m,twap60,3,1,4-8bp,58,58,100.0
5m,twap60,3,2,4-8bp,58,58,100.0
5m,twap60,3,3,4-8bp,58,58,100.0
5m,twap60,0,-2,<1bp,66,66,100.0
5m,twap60,0,-1,<1bp,66,66,100.0
5m,twap60,0,0,<1bp,66,66,100.0
5m,twap60,0,1,<1bp,66,66,100.0
5m,twap60,1,-2,<1bp,66,66,100.0
5m,twap60,1,-1,<1bp,66,66,100.0
5m,twap60,1,0,<1bp,66,66,100.0
5m,twap60,1,1,<1bp,66,66,100.0
5m,twap60,2,-2,<1bp,66,66,100.0
5m,twap60,2,-1,<1bp,66,66,100.0
5m,twap60,2,0,<1bp,66,66,100.0
5m,twap60,2,1,<1bp,66,66,100.0
5m,twap60,3,0,<1bp,66,66,100.0
5m,twap60,3,1,<1bp,66,66,100.0
5m,twap60,-3,1,<1bp,66,65,98.48
5m,twap60,-2,0,<1bp,66,65,98.48
5m,twap60,-2,1,<1bp,66,65,98.48
5m,twap60,-1,-2,<1bp,66,65,98.48
5m,twap60,-1,-1,<1bp,66,65,98.48
5m,twap60,-1,0,<1bp,66,65,98.48
5m,twap60,-1,1,<1bp,66,65,98.48
5m,twap60,0,-3,<1bp,66,65,98.48
5m,twap60,0,2,<1bp,66,65,98.48
5m,twap60,1,2,<1bp,66,65,98.48
5m,twap60,2,2,<1bp,66,65,98.48
5m,twap60,3,-2,<1bp,66,65,98.48
5m,twap60,3,-1,<1bp,66,65,98.48
5m,twap60,-3,2,<1bp,66,64,96.97
5m,twap60,-2,2,<1bp,66,64,96.97
5m,twap60,-1,-3,<1bp,66,64,96.97
5m,twap60,-1,2,<1bp,66,64,96.97
5m,twap60,0,3,<1bp,66,64,96.97
5m,twap60,1,-3,<1bp,66,64,96.97
5m,twap60,1,3,<1bp,66,64,96.97
5m,twap60,2,-3,<1bp,66,64,96.97
5m,twap60,2,3,<1bp,66,64,96.97
5m,twap60,3,-3,<1bp,66,64,96.97
5m,twap60,3,2,<1bp,66,64,96.97
5m,twap60,-3,0,<1bp,66,63,95.45
5m,twap60,-3,3,<1bp,66,63,95.45
5m,twap60,-2,-3,<1bp,66,63,95.45
5m,twap60,-2,-2,<1bp,66,63,95.45
5m,twap60,-2,-1,<1bp,66,63,95.45
5m,twap60,-2,3,<1bp,66,63,95.45
5m,twap60,-1,3,<1bp,66,63,95.45
5m,twap60,3,3,<1bp,66,63,95.45
5m,twap60,-3,-3,<1bp,66,62,93.94
5m,twap60,-3,-2,<1bp,66,62,93.94
5m,twap60,-3,-1,<1bp,66,62,93.94
5m,twap60,-3,-3,>8bp,25,25,100.0
5m,twap60,-3,-2,>8bp,25,25,100.0
5m,twap60,-3,-1,>8bp,25,25,100.0
5m,twap60,-3,0,>8bp,25,25,100.0
5m,twap60,-3,1,>8bp,25,25,100.0
5m,twap60,-3,2,>8bp,25,25,100.0
5m,twap60,-3,3,>8bp,25,25,100.0
5m,twap60,-2,-3,>8bp,25,25,100.0
5m,twap60,-2,-2,>8bp,25,25,100.0
5m,twap60,-2,-1,>8bp,25,25,100.0
5m,twap60,-2,0,>8bp,25,25,100.0
5m,twap60,-2,1,>8bp,25,25,100.0
5m,twap60,-2,2,>8bp,25,25,100.0
5m,twap60,-2,3,>8bp,25,25,100.0
5m,twap60,-1,-3,>8bp,25,25,100.0
5m,twap60,-1,-2,>8bp,25,25,100.0
5m,twap60,-1,-1,>8bp,25,25,100.0
5m,twap60,-1,0,>8bp,25,25,100.0
5m,twap60,-1,1,>8bp,25,25,100.0
5m,twap60,-1,2,>8bp,25,25,100.0
5m,twap60,-1,3,>8bp,25,25,100.0
5m,twap60,0,-3,>8bp,25,25,100.0
5m,twap60,0,-2,>8bp,25,25,100.0
5m,twap60,0,-1,>8bp,25,25,100.0
5m,twap60,0,0,>8bp,25,25,100.0
5m,twap60,0,1,>8bp,25,25,100.0
5m,twap60,0,2,>8bp,25,25,100.0
5m,twap60,0,3,>8bp,25,25,100.0
5m,twap60,1,-3,>8bp,25,25,100.0
5m,twap60,1,-2,>8bp,25,25,100.0
5m,twap60,1,-1,>8bp,25,25,100.0
5m,twap60,1,0,>8bp,25,25,100.0
5m,twap60,1,1,>8bp,25,25,100.0
5m,twap60,1,2,>8bp,25,25,100.0
5m,twap60,1,3,>8bp,25,25,100.0
5m,twap60,2,-3,>8bp,25,25,100.0
5m,twap60,2,-2,>8bp,25,25,100.0
5m,twap60,2,-1,>8bp,25,25,100.0
5m,twap60,2,0,>8bp,25,25,100.0
5m,twap60,2,1,>8bp,25,25,100.0
5m,twap60,2,2,>8bp,25,25,100.0
5m,twap60,2,3,>8bp,25,25,100.0
5m,twap60,3,-3,>8bp,25,25,100.0
5m,twap60,3,-2,>8bp,25,25,100.0
5m,twap60,3,-1,>8bp,25,25,100.0
5m,twap60,3,0,>8bp,25,25,100.0
5m,twap60,3,1,>8bp,25,25,100.0
5m,twap60,3,2,>8bp,25,25,100.0
5m,twap60,3,3,>8bp,25,25,100.0
5m,twap60,0,-2,ALL,287,287,100.0
5m,twap60,0,-1,ALL,287,287,100.0
5m,twap60,0,0,ALL,287,287,100.0
5m,twap60,0,1,ALL,287,287,100.0
5m,twap60,1,-2,ALL,287,287,100.0
5m,twap60,1,-1,ALL,287,287,100.0
5m,twap60,1,0,ALL,287,287,100.0
5m,twap60,1,1,ALL,287,287,100.0
5m,twap60,2,-2,ALL,287,287,100.0
5m,twap60,2,-1,ALL,287,287,100.0
5m,twap60,2,0,ALL,287,287,100.0
5m,twap60,2,1,ALL,287,287,100.0
5m,twap60,3,0,ALL,287,287,100.0
5m,twap60,3,1,ALL,287,287,100.0
5m,twap60,-3,1,ALL,287,286,99.65
5m,twap60,-2,0,ALL,287,286,99.65
5m,twap60,-2,1,ALL,287,286,99.65
5m,twap60,-1,-2,ALL,287,286,99.65
5m,twap60,-1,-1,ALL,287,286,99.65
5m,twap60,-1,0,ALL,287,286,99.65
5m,twap60,-1,1,ALL,287,286,99.65
5m,twap60,0,-3,ALL,287,286,99.65
5m,twap60,0,2,ALL,287,286,99.65
5m,twap60,1,2,ALL,287,286,99.65
5m,twap60,2,2,ALL,287,286,99.65
5m,twap60,3,-2,ALL,287,286,99.65
5m,twap60,3,-1,ALL,287,286,99.65
5m,twap60,-3,2,ALL,287,285,99.3
5m,twap60,-2,2,ALL,287,285,99.3
5m,twap60,-1,-3,ALL,287,285,99.3
5m,twap60,-1,2,ALL,287,285,99.3
5m,twap60,0,3,ALL,287,285,99.3
5m,twap60,1,-3,ALL,287,285,99.3
5m,twap60,1,3,ALL,287,285,99.3
5m,twap60,2,-3,ALL,287,285,99.3
5m,twap60,2,3,ALL,287,285,99.3
5m,twap60,3,-3,ALL,287,285,99.3
5m,twap60,3,2,ALL,287,285,99.3
5m,twap60,-3,0,ALL,287,284,98.95
5m,twap60,-3,3,ALL,287,284,98.95
5m,twap60,-2,-3,ALL,287,284,98.95
5m,twap60,-2,-2,ALL,287,284,98.95
5m,twap60,-2,-1,ALL,287,284,98.95
5m,twap60,-2,3,ALL,287,284,98.95
5m,twap60,-1,3,ALL,287,284,98.95
5m,twap60,3,3,ALL,287,284,98.95
5m,twap60,-3,-3,ALL,287,283,98.61
5m,twap60,-3,-2,ALL,287,283,98.61
5m,twap60,-3,-1,ALL,287,283,98.61
5m,twap_end_vs_spot_open,0,1,ALL,287,263,91.64
5m,twap_end_vs_spot_open,0,2,ALL,287,263,91.64
5m,twap_end_vs_spot_open,0,-3,ALL,287,262,91.29
5m,twap_end_vs_spot_open,0,-2,ALL,287,262,91.29
5m,twap_end_vs_spot_open,0,-1,ALL,287,262,91.29
5m,twap_end_vs_spot_open,0,0,ALL,287,262,91.29
5m,twap_end_vs_spot_open,0,3,ALL,287,260,90.59
