market,round_start_utc,chain_outcome,pastresults_outcome,pr_open,pr_close,our_twap_at_start,our_twap_at_end,our_spot_at_start,end_minus_open_bps,rule_end_value_exact_tick
5m,2026-09-26T08:20:00Z,down,down,84033.04342947986,84019.8396504562,84033.08481495411,84022.2409864359,84033.04342947986,-1.2904,down
5m,2026-09-26T08:25:00Z,up,up,84019.8396504562,84085.195998533,84022.2409864359,84083.45744767653,84019.8396504562,7.2857,up
5m,2026-09-26T08:30:00Z,up,up,84085.195998533,84254.65862830998,84083.45744767653,84237.15442978601,84085.195998533,18.2791,up
5m,2026-09-26T09:05:00Z,down,down,84187.4917180822,84158.65216732913,84188.74203791039,84168.65717247069,84187.4917180822,-2.3857,down
5m,2026-09-26T09:10:00Z,down,down,84158.65216732913,83998.88063936375,84168.65717247069,83986.9730463149,84158.65216732913,-21.5857,down
5m,2026-09-26T09:15:00Z,down,down,83998.88063936375,83990.8786751288,83986.9730463149,83977.51132327621,83998.88063936375,-1.1266,down
5m,2026-09-26T09:20:00Z,up,down,83990.8786751288,83982.47615315554,83977.51132327621,83999.4796636775,83990.8786751288,2.616,up
5m,2026-09-26T09:25:00Z,up,up,83982.47615315554,84012.72644784933,83999.4796636775,84001.07729249504,83982.47615315554,0.1902,up
5m,2026-09-26T09:40:00Z,down,up,83999.89072678024,84000.182679263,83999.81884731937,83993.33568647127,83999.89072678024,-0.7718,down
5m,2026-09-26T09:45:00Z,up,up,84000.182679263,84004.65266677462,83993.33568647127,84004.58314478399,84000.18267926299,1.3391,up
5m,2026-09-26T09:50:00Z,down,down,84004.65266677462,83997.29305140044,84004.58314478399,83991.00217785077,84004.65266677462,-1.6167,down
5m,2026-09-26T09:55:00Z,down,down,83997.29305140044,83997.03938899656,83991.00217785077,83985.64185112777,83997.29305140043,-0.6382,down
5m,2026-09-26T10:00:00Z,up,up,83997.03938899656,84063.76914938244,83985.64185112777,84055.61100894213,83997.03938899658,8.3311,up
5m,2026-09-26T10:05:00Z,up,up,84063.76914938244,84095.66656898017,84055.61100894213,84080.72535419914,84063.76914938244,2.9878,up
5m,2026-09-26T10:10:00Z,up,up,84095.66656898017,84097.59984627782,84080.72535419914,84098.38897617342,84095.66656898017,2.1008,up
5m,2026-09-26T10:15:00Z,up,up,84097.59984627782,84137.61230521229,84098.38897617342,84136.54452318873,84097.59984627782,4.537,up
5m,2026-09-26T10:20:00Z,down,down,84137.61230521229,84128.22922574017,84136.54452318873,84136.19476192688,84137.6123052123,-0.0416,down
5m,2026-09-26T10:25:00Z,down,down,84128.22922574017,84127.11992337195,84136.19476192688,84122.69782234497,84128.22922574016,-1.6042,down
5m,2026-09-26T10:30:00Z,down,down,84127.11992337195,84101.74654642472,84122.69782234497,84114.85721341046,84127.11992337194,-0.932,down
5m,2026-09-26T10:35:00Z,down,up,84101.74654642472,84109.80450660805,84114.85721341046,84113.38094741278,84101.74654642472,-0.1755,down
5m,2026-09-26T10:40:00Z,up,up,84109.80450660805,84133.61412046471,84113.38094741278,84125.03650593336,84109.80450660804,1.3857,up
5m,2026-09-26T10:45:00Z,up,up,84133.61412046471,84134.07115676368,84125.03650593336,84133.77118969338,84133.61412046471,1.0383,up
5m,2026-09-26T10:50:00Z,down,down,84134.07115676368,84126.81191216744,84133.77118969338,84131.88985784305,84134.07115676368,-0.2236,down
5m,2026-09-26T10:55:00Z,up,up,84126.81191216744,84161.37461271933,84131.88985784305,84161.34822256537,84126.81191216742,3.5015,up
5m,2026-09-26T11:00:00Z,down,down,84161.37461271933,84154.80634149753,84161.34822256537,84148.12390073843,84161.37461271933,-1.5713,down
5m,2026-09-26T11:05:00Z,up,down,84154.80634149753,84151.96917163463,84148.12390073843,84152.95588101678,84154.80634149753,0.5742,up
5m,2026-09-26T11:10:00Z,up,up,84151.96917163463,84157.97722244152,84152.95588101678,84165.25032591129,84151.96917163463,1.461,up
5m,2026-09-26T11:15:00Z,up,up,84157.97722244152,84179.63850386378,84165.25032591129,84182.78322960807,84157.97722244152,2.0832,up
5m,2026-09-26T11:20:00Z,down,down,84179.63850386378,84160.66210370658,84182.78322960807,84160.7289030864,84179.63850386378,-2.6198,down
5m,2026-09-26T11:25:00Z,down,down,84160.66210370658,84148.58511181,84160.7289030864,84142.6770211844,84160.66210370658,-2.1449,down
5m,2026-09-26T11:30:00Z,up,up,84148.58511181,84153.07039004068,84142.6770211844,84152.92245949505,84148.58511181,1.2176,up
5m,2026-09-26T11:35:00Z,up,up,84153.07039004068,84179.80280850787,84152.92245949505,84179.62294803557,84153.07039004068,3.1729,up
5m,2026-09-26T11:40:00Z,down,down,84179.80280850787,84157.12301627718,84179.62294803557,84160.82900561276,84179.80280850787,-2.2326,down
5m,2026-09-26T11:45:00Z,down,up,84157.12301627718,84159.45726513505,84160.82900561276,84152.1030756634,84157.12301627718,-1.0368,down
5m,2026-09-26T11:50:00Z,up,up,84159.45726513505,84161.35817144299,84152.1030756634,84165.70037761386,84159.45726513505,1.6158,up
5m,2026-09-26T11:55:00Z,down,down,84161.35817144299,84156.2939563365,84165.70037761386,84159.47371964155,84161.35817144297,-0.7398,down
5m,2026-09-26T12:00:00Z,down,down,84156.2939563365,84089.9672136931,84159.47371964155,84100.23837160562,84156.29395633652,-7.0385,down
5m,2026-09-26T12:05:00Z,up,up,84089.9672136931,84132.48679505015,84100.23837160562,84140.25573214897,84089.9672136931,4.7583,up
5m,2026-09-26T12:10:00Z,down,down,84132.48679505015,84127.32025727475,84140.25573214897,84117.26522870013,84132.48679505015,-2.7324,down
5m,2026-09-26T12:15:00Z,up,up,84127.32025727475,84147.00660606954,84117.26522870013,84173.60097265348,84127.32025727474,6.6973,up
5m,2026-09-26T12:20:00Z,down,down,84147.00660606954,84088.18626540432,84173.60097265348,84092.83301852476,84147.00660606955,-9.5954,down
5m,2026-09-26T12:25:00Z,down,down,84088.18626540432,84083.65571452686,84092.83301852476,84082.53518544372,84088.18626540434,-1.2246,down
5m,2026-09-26T12:30:00Z,up,up,84083.65571452686,84101.3709312161,84082.53518544372,84101.87228221107,84083.65571452685,2.2998,up
5m,2026-09-26T12:35:00Z,down,down,84101.3709312161,84073.4183202228,84101.87228221107,84065.72081465088,84101.37093121611,-4.2985,down
5m,2026-09-26T12:40:00Z,down,down,84073.4183202228,84034.34728725621,84065.72081465088,84033.26995065862,84073.41832022279,-3.8602,down
5m,2026-09-26T12:45:00Z,up,up,84034.34728725621,84051.34713107013,84033.26995065862,84051.08162289616,84034.34728725621,2.1196,up
5m,2026-09-26T13:00:00Z,up,up,84037.8460802339,84053.07919615127,84048.25534062492,84053.55014505814,84037.84608023388,0.63,up
5m,2026-09-26T13:05:00Z,up,up,84053.07919615127,84056.13729588629,84053.55014505814,84067.75060321136,84053.07919615129,1.6895,up
5m,2026-09-26T13:10:00Z,down,down,84056.13729588629,83987.4967001317,84067.75060321136,83994.3456073709,84056.13729588629,-8.7316,down
5m,2026-09-26T13:15:00Z,down,down,83987.4967001317,83986.66291522844,83994.3456073709,83976.83415159042,83987.49670013171,-2.0848,down
5m,2026-09-26T13:30:00Z,down,down,83917.13171617867,83890.128592301,83887.81784060944,83886.99458847322,83917.13171617867,-0.0981,down
5m,2026-09-26T13:35:00Z,up,up,83890.128592301,83914.33920879662,83886.99458847322,83914.74324374381,83890.12859230099,3.3079,up
5m,2026-09-26T13:40:00Z,down,up,83914.33920879662,83914.87362346,83914.74324374381,83905.18490474696,83914.33920879662,-1.1391,down
5m,2026-09-26T13:45:00Z,up,up,83914.87362346,83934.8311841219,83905.18490474696,83946.84433489645,83914.87362346001,4.9651,up
5m,2026-09-26T13:50:00Z,down,up,83934.8311841219,83941.59691503875,83946.84433489645,83929.43546094172,83934.83118412191,-2.0738,down
5m,2026-09-26T13:55:00Z,down,down,83941.59691503875,83931.70657118985,83929.43546094172,83928.47298275407,83941.59691503874,-0.1147,down
5m,2026-09-26T14:00:00Z,up,up,83931.70657118985,83933.43230007787,83928.47298275407,83939.91682477972,83931.70657118985,1.3635,up
5m,2026-09-26T14:05:00Z,down,down,83933.43230007787,83923.62007988719,83939.91682477972,83916.97705691744,83933.43230007787,-2.7329,down
5m,2026-09-26T14:10:00Z,up,up,83923.62007988719,83943.87994453716,83916.97705691744,83937.35336812263,83923.62007988717,2.4282,up
5m,2026-09-26T14:15:00Z,up,up,83943.87994453716,83945.30829414324,83937.35336812263,83945.54998365833,83943.87994453716,0.9765,up
5m,2026-09-26T14:20:00Z,up,up,83945.30829414324,83955.61124806522,83945.54998365833,83955.52883722166,83945.30829414324,1.1887,up
5m,2026-09-26T14:25:00Z,up,up,83955.61124806522,83969.67436630625,83955.52883722166,83961.61369413417,83955.61124806522,0.7248,up
5m,2026-09-26T14:30:00Z,up,up,83969.67436630625,83988.37961996924,83961.61369413417,84000.63643864144,83969.67436630625,4.6477,up
5m,2026-09-26T14:35:00Z,down,down,83988.37961996924,83986.38911400473,84000.63643864144,83995.99755239072,83988.37961996926,-0.5522,down
5m,2026-09-26T14:40:00Z,up,up,83986.38911400473,84003.98927423889,83995.99755239072,84002.59447828683,83986.38911400473,0.7854,up
5m,2026-09-26T14:45:00Z,up,up,84003.98927423889,84009.31363917016,84002.59447828683,84008.77992391447,84003.98927423889,0.7363,up
5m,2026-09-26T14:50:00Z,up,up,84009.31363917016,84021.46071709908,84008.77992391447,84031.18836544268,84009.31363917016,2.6674,up
5m,2026-09-26T14:55:00Z,down,down,84021.46071709908,84005.48809391535,84031.18836544268,84004.88443924321,84021.46071709908,-3.1303,down
5m,2026-09-26T15:00:00Z,up,up,84005.48809391535,84023.09641516,84004.88443924321,84017.0510994412,84005.48809391535,1.4483,up
5m,2026-09-26T15:05:00Z,down,down,84023.09641516,84008.5441202975,84017.0510994412,84008.38103310841,84023.09641515999,-1.0319,down
5m,2026-09-26T15:10:00Z,up,down,84008.5441202975,84008.08821910514,84008.38103310841,84008.75057335146,84008.54412029749,0.044,up
5m,2026-09-26T15:25:00Z,up,up,84036.99471302802,84046.20471383566,84033.48605660205,84045.52677631669,84036.99471302802,1.4328,up
5m,2026-09-26T15:30:00Z,up,up,84046.20471383566,84129.85866654966,84045.52677631669,84130.43574942905,84046.20471383564,10.1027,up
5m,2026-09-26T15:35:00Z,down,down,84129.85866654966,84120.6119541783,84130.43574942905,84114.51349996965,84129.85866654966,-1.8926,down
5m,2026-09-26T15:40:00Z,down,down,84120.6119541783,84115.2523474911,84114.51349996965,84101.38818859929,84120.6119541783,-1.5604,down
5m,2026-09-26T15:45:00Z,down,down,84115.2523474911,84070.27662089378,84101.38818859929,84075.8336868901,84115.25234749111,-3.0385,down
5m,2026-09-26T15:50:00Z,up,up,84070.27662089378,84136.02558512804,84075.8336868901,84128.27845281208,84070.2766208938,6.2378,up
5m,2026-09-26T15:55:00Z,up,up,84136.02558512804,84138.85057415086,84128.27845281208,84137.97790673365,84136.02558512804,1.1529,up
5m,2026-09-26T16:00:00Z,down,down,84138.85057415086,84131.23689867735,84137.97790673365,84127.76748531724,84138.85057415086,-1.2135,down
5m,2026-09-26T16:05:00Z,up,up,84131.23689867735,84132.38895576942,84127.76748531724,84132.62532204884,84131.23689867735,0.5774,up
5m,2026-09-26T16:10:00Z,down,down,84132.38895576942,84112.9692714856,84132.62532204884,84112.77138577912,84132.3889557694,-2.3598,down
5m,2026-09-26T16:15:00Z,up,up,84112.9692714856,84125.55586110443,84112.77138577912,84125.37727503282,84112.9692714856,1.4987,up
5m,2026-09-26T16:20:00Z,down,down,84125.55586110443,84096.16618323122,84125.37727503282,84097.54846676328,84125.55586110443,-3.308,down
5m,2026-09-26T16:25:00Z,down,down,84096.16618323122,84094.51576086496,84097.54846676328,84092.28062936188,84096.16618323121,-0.6264,down
5m,2026-09-26T16:30:00Z,up,up,84094.51576086496,84147.46571150993,84092.28062936188,84146.42501638662,84094.51576086498,6.4387,up
5m,2026-09-26T16:35:00Z,down,down,84147.46571150993,84135.49596631122,84146.42501638662,84136.03811677528,84147.46571150993,-1.2344,down
5m,2026-09-26T16:40:00Z,down,down,84135.49596631122,84135.05906403047,84136.03811677528,84135.933074501,84135.49596631124,-0.0125,down
5m,2026-09-26T16:45:00Z,down,down,84135.05906403047,84134.1703744875,84135.933074501,84125.09597991583,84135.05906403046,-1.288,down
5m,2026-09-26T16:50:00Z,down,down,84134.1703744875,84105.93692846374,84125.09597991583,84103.82135236445,84134.1703744875,-2.5289,down
5m,2026-09-26T16:55:00Z,down,down,84105.93692846374,84098.51462003056,84103.82135236445,84097.61909204086,84105.93692846372,-0.7375,down
5m,2026-09-26T17:10:00Z,up,up,84073.1247709466,84073.80745409742,84070.8742091891,84074.02810854984,84073.1247709466,0.3751,up
5m,2026-09-26T17:15:00Z,down,down,84073.80745409742,84058.92552200257,84074.02810854984,84042.62578771521,84073.80745409742,-3.7351,down
5m,2026-09-26T17:20:00Z,up,down,84058.92552200257,84054.5827172592,84042.62578771521,84056.05414555066,84058.92552200257,1.5978,up
5m,2026-09-26T17:25:00Z,down,down,84054.5827172592,84044.4672852663,84056.05414555066,84046.00994226537,84054.58271725921,-1.1949,down
5m,2026-09-26T17:30:00Z,down,down,84044.4672852663,84028.37815875113,84046.00994226537,84035.42386885783,84044.4672852663,-1.2596,down
5m,2026-09-26T17:35:00Z,up,up,84028.37815875113,84071.68187177352,84035.42386885783,84060.23863297678,84028.37815875113,2.9529,up
5m,2026-09-26T17:40:00Z,up,up,84071.68187177352,84087.99455294346,84060.23863297678,84081.71669245088,84071.68187177352,2.5551,up
5m,2026-09-26T17:45:00Z,up,up,84087.99455294346,84089.81887572455,84081.71669245088,84105.72766875773,84087.99455294346,2.8557,up
5m,2026-09-26T17:50:00Z,down,up,84089.81887572455,84095.71698235856,84105.72766875773,84096.92376089911,84089.81887572455,-1.0468,down
5m,2026-09-26T17:55:00Z,up,up,84095.71698235856,84118.33345723593,84096.92376089911,84118.31886377581,84095.71698235856,2.5441,up
5m,2026-09-26T18:00:00Z,up,up,84118.33345723593,84147.00835704566,84118.31886377581,84144.36346849604,84118.33345723593,3.0962,up
5m,2026-09-26T18:05:00Z,down,down,84147.00835704566,84091.7097266928,84144.36346849604,84093.96108292711,84147.00835704566,-5.99,down
5m,2026-09-26T18:10:00Z,down,down,84091.7097266928,84085.72330966366,84093.96108292711,84091.07579680496,84091.7097266928,-0.3431,down
5m,2026-09-26T18:25:00Z,down,down,84072.69421976381,84052.6788160907,84079.75351943808,84052.65542941025,84072.69421976381,-3.2229,down
5m,2026-09-26T18:30:00Z,up,down,84052.6788160907,84045.27235782196,84052.65542941025,84052.82209774971,84052.6788160907,0.0198,up
5m,2026-09-26T18:35:00Z,down,down,84045.27235782196,84029.0775296485,84052.82209774971,84023.98842034601,84045.27235782196,-3.4304,down
5m,2026-09-26T18:40:00Z,down,down,84029.0775296485,83991.79521408383,84023.98842034601,84004.28763821338,84029.0775296485,-2.3447,down
5m,2026-09-26T18:45:00Z,down,down,83991.79521408383,83987.55206691806,84004.28763821338,83998.44082371467,83991.79521408383,-0.696,down
5m,2026-09-26T18:50:00Z,down,down,83987.55206691806,83983.4245711758,83998.44082371467,83985.18327389643,83987.55206691807,-1.5783,down
5m,2026-09-26T18:55:00Z,down,up,83983.4245711758,83987.48812878977,83985.18327389643,83984.48717038501,83983.4245711758,-0.0829,down
5m,2026-09-26T19:00:00Z,up,up,83987.48812878977,84022.55344763,83984.48717038501,84023.53248592431,83987.48812878976,4.6491,up
5m,2026-09-26T19:05:00Z,down,down,84022.55344763,83993.91732339286,84023.53248592431,84001.88007517354,84022.55344763,-2.5769,down
5m,2026-09-26T19:10:00Z,up,up,83993.91732339286,84008.99684998122,84001.88007517354,84009.19183035598,83993.91732339286,0.8704,up
5m,2026-09-26T19:15:00Z,up,up,84008.99684998122,84014.73837071228,84009.19183035598,84014.20519566251,84008.99684998122,0.5968,up
5m,2026-09-26T19:20:00Z,up,up,84014.73837071228,84017.15931586204,84014.20519566251,84017.10297370674,84014.73837071228,0.3449,up
5m,2026-09-26T19:25:00Z,up,up,84017.15931586204,84021.2864765607,84017.10297370674,84021.99063971936,84017.15931586204,0.5817,up
5m,2026-09-26T19:30:00Z,down,down,84021.2864765607,84020.405078905,84021.99063971936,84004.85137472741,84021.2864765607,-2.0399,down
5m,2026-09-26T19:35:00Z,down,down,84020.405078905,83959.66899273144,84004.85137472741,83959.306477104,84020.40507890501,-5.4217,down
5m,2026-09-26T19:40:00Z,up,up,83959.66899273144,83997.339930665,83959.306477104,83997.16812964082,83959.66899273146,4.5095,up
5m,2026-09-26T19:55:00Z,up,up,83998.59552599053,84000.2188886491,83998.14674977683,84000.41637644291,83998.59552599053,0.2702,up
5m,2026-09-26T20:00:00Z,up,up,84000.2188886491,84022.6360740837,84000.41637644291,84023.07884255036,84000.2188886491,2.6979,up
5m,2026-09-26T20:05:00Z,down,down,84022.6360740837,83974.28352479749,84023.07884255036,83987.2014323302,84022.6360740837,-4.2699,down
5m,2026-09-26T20:10:00Z,up,up,83974.28352479749,83997.13474976733,83987.2014323302,83995.86493399511,83974.28352479747,1.0315,up
5m,2026-09-26T20:35:00Z,down,down,84076.52297543727,83975.15851050055,84076.68466563235,84045.40464956715,84076.52297543727,-3.7204,down
5m,2026-09-26T20:40:00Z,down,down,83975.15851050055,83878.37790155219,84045.40464956715,83867.609453408,83975.15851050055,-21.1547,down
5m,2026-09-26T20:45:00Z,down,down,83878.37790155219,83820.087508455,83867.609453408,83836.82441862902,83878.37790155219,-3.6707,down
5m,2026-09-26T20:50:00Z,up,up,83820.087508455,83997.33115873672,83836.82441862902,83986.79214887536,83820.08750845499,17.888,up
5m,2026-09-26T20:55:00Z,up,up,83997.33115873672,84012.99002133099,83986.79214887536,84013.57334688691,83997.33115873672,3.1887,up
5m,2026-09-26T21:00:00Z,up,up,84012.99002133099,84087.31849652775,84013.57334688691,84075.11243022242,84012.99002133099,7.3249,up
5m,2026-09-26T21:05:00Z,up,down,84087.31849652775,84078.87372444107,84075.11243022242,84078.78278340718,84087.31849652775,0.4366,up
5m,2026-09-26T21:10:00Z,up,up,84078.87372444107,84105.28518002681,84078.78278340718,84102.03071389477,84078.87372444107,2.765,up
5m,2026-09-26T21:15:00Z,up,up,84105.28518002681,84134.196803375,84102.03071389477,84134.86769327657,84105.2851800268,3.9044,up
5m,2026-09-26T21:20:00Z,down,up,84134.196803375,84134.33850752046,84134.86769327657,84112.68519814161,84134.196803375,-2.6365,down
5m,2026-09-26T21:25:00Z,up,up,84134.33850752046,84193.99791107666,84112.68519814161,84161.51882168508,84134.33850752044,5.8057,up
5m,2026-09-26T21:30:00Z,up,up,84193.99791107666,84229.29518068049,84161.51882168508,84193.26996360575,84193.99791107667,3.7726,up
5m,2026-09-26T21:35:00Z,down,down,84229.29518068049,84183.51988548375,84193.26996360575,84184.22142171055,84229.29518068049,-1.0747,down
5m,2026-09-26T21:40:00Z,down,down,84183.51988548375,84150.34322658317,84184.22142171055,84143.14804862537,84183.51988548375,-4.879,down
5m,2026-09-26T21:45:00Z,down,down,84150.34322658317,84139.37190225761,84143.14804862537,84138.98336844814,84150.34322658317,-0.495,down
5m,2026-09-26T21:50:00Z,down,down,84139.37190225761,84100.95832242013,84138.98336844814,84113.23609045825,84139.37190225761,-3.0601,down
5m,2026-09-26T21:55:00Z,up,,,,84113.23609045825,84138.43765490114,84100.95832242013,2.9961,up
5m,2026-09-26T22:00:00Z,up,,,,84138.43765490114,84211.62641636867,84139.12009191838,8.6986,up
5m,2026-09-26T22:05:00Z,up,up,84225.70271630636,84322.81569480395,84211.62641636867,84304.26362495054,84225.70271630636,11.0005,up
5m,2026-09-26T22:10:00Z,up,,,,84304.26362495054,84310.2436431852,84322.81569480395,0.7093,up
5m,2026-09-26T22:15:00Z,down,,,,84310.2436431852,84273.82303394645,84322.17760816815,-4.3198,down
5m,2026-09-26T22:20:00Z,up,,,,84273.82303394645,84287.97964344385,84274.44427694217,1.6798,up
5m,2026-09-26T22:25:00Z,up,up,84296.10518647054,84332.36995681,84287.97964344385,84333.15575330853,84296.10518647054,5.3597,up
5m,2026-09-26T22:30:00Z,down,,,,84333.15575330853,84275.5629609199,84332.36995681,-6.8292,down
5m,2026-09-26T22:35:00Z,down,,,,84275.5629609199,84250.35425994679,84276.10634596211,-2.9912,down
5m,2026-09-26T22:40:00Z,up,,,,84250.35425994679,84273.73577256971,84254.55336221964,2.7752,up
5m,2026-09-26T22:45:00Z,up,up,84258.37668672472,84283.93471339485,84273.73577256971,84281.28149476502,84258.37668672472,0.8954,up
5m,2026-09-26T22:50:00Z,up,up,84283.93471339485,84292.15693418772,84281.28149476502,84307.86857672257,84283.93471339485,3.1546,up
5m,2026-09-26T22:55:00Z,down,down,84292.15693418772,84260.1849573837,84307.86857672257,84256.56622402585,84292.15693418772,-6.0851,down
5m,2026-09-26T23:00:00Z,up,,,,84256.56622402585,84331.42709663893,84260.1849573837,8.8849,up
5m,2026-09-26T23:05:00Z,down,down,84329.96065769224,84303.89350504446,84331.42709663893,84302.4952757005,84329.96065769224,-3.4307,down
5m,2026-09-26T23:10:00Z,up,,,,84302.4952757005,84333.8382866939,84303.89350504444,3.7179,up
5m,2026-09-26T23:15:00Z,up,,,,84333.8382866939,84351.46467842744,84338.65257019966,2.0901,up
5m,2026-09-26T23:20:00Z,up,,,,84351.46467842744,84364.76130328536,84369.21164725022,1.5763,up
5m,2026-09-26T23:25:00Z,down,up,84352.89190038,84362.95529383117,84364.76130328536,84343.43516662864,84352.89190038,-2.5278,down
5m,2026-09-26T23:30:00Z,up,up,84362.95529383117,84405.12364641666,84343.43516662864,84401.77786724677,84362.95529383117,6.9173,up
5m,2026-09-26T23:45:00Z,up,up,84333.89203480878,84410.63951384627,84332.9909542188,84409.11741949985,84333.8920348088,9.0269,up
5m,2026-09-26T23:50:00Z,up,up,84410.63951384627,84416.65378602127,84409.11741949985,84417.61927895353,84410.63951384625,1.0072,up
5m,2026-09-26T23:55:00Z,up,up,84416.65378602127,84417.71622956893,84417.61927895353,84422.95610948939,84416.65378602127,0.6322,up
5m,2026-09-27T00:00:00Z,down,down,84417.71622956893,84337.00689523664,84422.95610948939,84336.67547267897,84417.71622956893,-10.22,down
5m,2026-09-27T00:05:00Z,up,up,84337.00689523664,84337.73733817,84336.67547267897,84338.78951458672,84337.00689523663,0.2507,up
5m,2026-09-27T00:10:00Z,down,down,84337.73733817,84309.6928189171,84338.78951458672,84309.70050868082,84337.73733817,-3.4491,down
5m,2026-09-27T00:15:00Z,down,down,84309.6928189171,84245.54740960617,84309.70050868082,84262.42396456702,84309.6928189171,-5.6075,down
5m,2026-09-27T00:20:00Z,down,down,84245.54740960617,84238.83222729017,84262.42396456702,84249.791232367,84245.54740960617,-1.4992,down
5m,2026-09-27T00:25:00Z,down,up,84238.83222729017,84245.49345207274,84249.791232367,84245.40986075973,84238.83222729016,-0.52,down
5m,2026-09-27T00:40:00Z,down,down,84339.22453878287,84328.18179564536,84344.34744849722,84328.51502785663,84339.22453878287,-1.8771,down
5m,2026-09-27T00:45:00Z,down,down,84328.18179564536,84312.94223587,84328.51502785663,84312.66050772711,84328.18179564536,-1.8801,down
5m,2026-09-27T00:50:00Z,down,down,84311.68697434025,84287.30594781807,84312.66050772711,84287.04568211043,84311.68697434026,-3.0381,down
5m,2026-09-27T00:55:00Z,up,up,84287.30594781807,84289.2509729494,84287.04568211043,84288.85050568287,84287.30594781807,0.2141,up
5m,2026-09-27T01:00:00Z,down,down,84289.2509729494,84279.42925232953,84288.85050568287,84280.24676930561,84289.2509729494,-1.0207,down
5m,2026-09-27T01:05:00Z,up,up,84279.42925232953,84326.00493207746,84280.24676930561,84312.1508608506,84279.42925232953,3.7855,up
5m,2026-09-27T01:10:00Z,up,up,84326.00493207746,84375.45167422852,84312.1508608506,84366.56658417011,84326.00493207746,6.4541,up
5m,2026-09-27T01:15:00Z,down,down,84375.45167422852,84345.28323566512,84366.56658417011,84338.60375255391,84375.45167422852,-3.3144,down
5m,2026-09-27T01:30:00Z,down,down,84314.39313122448,84289.70401351085,84316.47972076356,84291.2981013166,84314.39313122447,-2.9866,down
5m,2026-09-27T01:35:00Z,up,up,84289.70401351085,84310.98379891031,84291.2981013166,84304.40693195278,84289.70401351085,1.5552,up
5m,2026-09-27T01:40:00Z,up,up,84310.98379891031,84385.1071925114,84304.40693195278,84381.58539234483,84310.98379891031,9.1547,up
5m,2026-09-27T01:45:00Z,up,up,84385.1071925114,84454.10171969337,84381.58539234483,84452.8087061199,84385.1071925114,8.4406,up
5m,2026-09-27T01:50:00Z,up,up,84454.10171969337,84497.91533807812,84452.8087061199,84498.07272430831,84454.10171969337,5.3597,up
5m,2026-09-27T01:55:00Z,down,down,84497.91533807812,84474.1439391981,84498.07272430831,84466.16739387652,84497.91533807812,-3.7759,down
5m,2026-09-27T02:00:00Z,down,down,84474.1439391981,84441.49461082653,84466.16739387652,84440.94559297603,84474.14393919808,-2.986,down
5m,2026-09-27T02:05:00Z,up,up,84441.49461082653,84510.79178532764,84440.94559297603,84509.81473297892,84441.49461082653,8.1559,up
5m,2026-09-27T02:10:00Z,down,down,84510.79178532764,84475.664060465,84509.81473297892,84458.28811173252,84510.79178532764,-6.0971,down
5m,2026-09-27T02:15:00Z,up,up,84475.664060465,84487.74044379321,84458.28811173252,84459.62576856563,84475.664060465,0.1584,up
5m,2026-09-27T02:20:00Z,up,up,84487.74044379321,84497.91578155826,84459.62576856563,84498.71024380089,84487.74044379321,4.6276,up
5m,2026-09-27T02:25:00Z,down,down,84497.91578155826,84487.5949078389,84498.71024380089,84488.37032051261,84497.91578155824,-1.2237,down
5m,2026-09-27T02:30:00Z,up,down,84487.5949078389,84483.8314390702,84488.37032051261,84490.63365999227,84487.5949078389,0.2679,up
5m,2026-09-27T02:35:00Z,down,down,84483.8314390702,84458.35701344255,84490.63365999227,84461.03121756266,84483.8314390702,-3.5036,down
5m,2026-09-27T02:40:00Z,down,down,84458.35701344255,84457.144681819,84461.03121756266,84457.56002429283,84458.35701344255,-0.411,down
5m,2026-09-27T02:45:00Z,down,down,84457.144681819,84434.10500915475,84457.56002429283,84428.91728228405,84457.144681819,-3.3914,down
5m,2026-09-27T02:50:00Z,up,down,84434.10500915475,84433.77940046904,84428.91728228405,84433.46026148727,84434.10500915475,0.5381,up
5m,2026-09-27T02:55:00Z,down,down,84433.77940046904,84430.61248098942,84433.46026148727,84430.42139620305,84433.77940046904,-0.3599,down
5m,2026-09-27T03:00:00Z,up,up,84430.61248098942,84469.71240532467,84430.42139620305,84472.2325519558,84430.61248098942,4.9521,up
5m,2026-09-27T03:05:00Z,up,down,84469.71240532467,84468.39819545904,84472.2325519558,84494.61980393171,84469.71240532468,2.6502,up
5m,2026-09-27T03:10:00Z,down,down,84468.39819545904,84464.09957391741,84494.61980393171,84462.64177236712,84468.39819545904,-3.7846,down
5m,2026-09-27T03:15:00Z,down,down,84464.09957391741,84441.21997764152,84462.64177236712,84442.59722621058,84464.09957391741,-2.3732,down
5m,2026-09-27T03:20:00Z,down,down,84441.21997764152,84381.89791743224,84442.59722621058,84385.00980012967,84441.21997764152,-6.8197,down
5m,2026-09-27T03:25:00Z,down,down,84381.89791743224,84369.1678112963,84385.00980012967,84360.62616485597,84381.89791743224,-2.8896,down
5m,2026-09-27T03:30:00Z,up,up,84369.1678112963,84415.4378610102,84360.62616485597,84415.21616704695,84369.1678112963,6.471,up
5m,2026-09-27T03:35:00Z,down,down,84415.4378610102,84370.99703144089,84415.21616704695,84380.36076944634,84415.43786101021,-4.129,down
5m,2026-09-27T03:40:00Z,up,up,84370.99703144089,84380.66624662459,84380.36076944634,84381.03087713542,84370.99703144089,0.0794,up
5m,2026-09-27T03:45:00Z,down,down,84380.66624662459,84372.3685738606,84381.03087713542,84368.36200091487,84380.66624662458,-1.5014,down
5m,2026-09-27T03:50:00Z,up,down,84372.3685738606,84370.89457051322,84368.36200091487,84369.07503989316,84372.3685738606,0.0845,up
5m,2026-09-27T03:55:00Z,up,up,84370.89457051322,84373.40829840115,84369.07503989316,84383.0021013541,84370.89457051322,1.6507,up
5m,2026-09-27T04:15:00Z,down,down,84463.70188443142,84432.35207350037,84469.02807695586,84431.78614277147,84463.70188443142,-4.4089,down
5m,2026-09-27T04:20:00Z,up,down,84432.35207350037,84431.41864348185,84431.78614277147,84432.17010424839,84432.35207350035,0.0455,up
5m,2026-09-27T04:35:00Z,down,down,84325.14984941646,84294.9154612484,84330.17541616417,84306.9770188897,84325.14984941646,-2.7509,down
5m,2026-09-27T04:40:00Z,down,down,84294.9154612484,84290.47744215566,84306.9770188897,84291.8123550096,84294.9154612484,-1.7987,down
5m,2026-09-27T04:55:00Z,up,up,84307.70661174337,84313.22254152884,84306.92804733236,84311.3908005223,84307.70661174337,0.5293,up
5m,2026-09-27T05:15:00Z,up,up,84369.07499102555,84378.12829101649,84359.77425937913,84378.57103491621,84369.07499102555,2.2282,up
5m,2026-09-27T05:20:00Z,down,up,84378.12829101649,84378.4507478,84378.57103491621,84378.36068553707,84378.12829101649,-0.0249,down
5m,2026-09-27T05:25:00Z,down,down,84378.4507478,84371.39688951056,84378.36068553707,84376.27695851284,84378.45074779999,-0.247,down
5m,2026-09-27T05:30:00Z,up,up,84371.39688951056,84440.30842319643,84376.27695851284,84437.88680181325,84371.39688951056,7.3018,up
5m,2026-09-27T05:35:00Z,up,up,84440.30842319643,84532.5510558929,84437.88680181325,84576.15108439095,84440.30842319643,16.3747,up
5m,2026-09-27T05:40:00Z,down,down,84532.5510558929,84522.151011065,84576.15108439095,84512.09035050981,84532.5510558929,-7.5743,down
5m,2026-09-27T05:45:00Z,down,down,84522.151011065,84510.48587262712,84512.09035050981,84509.80554405811,84522.151011065,-0.2704,down
5m,2026-09-27T05:50:00Z,down,down,84510.48587262712,84453.506655705,84509.80554405811,84462.13371424623,84510.48587262712,-5.641,down
5m,2026-09-27T05:55:00Z,up,up,84453.506655705,84455.48016247853,84462.13371424623,84472.69585348378,84453.50665570499,1.2505,up
5m,2026-09-27T06:00:00Z,up,up,84455.48016247853,84485.31046579883,84472.69585348378,84479.2067423398,84455.48016247852,0.7708,up
5m,2026-09-27T06:05:00Z,up,up,84485.31046579883,84529.28716433891,84479.2067423398,84528.29917886504,84485.31046579883,5.8112,up
5m,2026-09-27T06:10:00Z,up,up,84529.28716433891,84579.01608475059,84528.29917886504,84576.96330432911,84529.28716433891,5.7571,up
5m,2026-09-27T06:15:00Z,down,down,84579.01608475059,84560.51344825448,84576.96330432911,84553.74058045648,84579.01608475059,-2.7458,down
5m,2026-09-27T06:20:00Z,up,up,84560.51344825448,84610.6302231765,84553.74058045648,84607.88463760586,84560.51344825448,6.4035,up
5m,2026-09-27T06:25:00Z,down,down,84610.6302231765,84570.91351331,84607.88463760586,84588.44601373565,84610.6302231765,-2.2975,down
5m,2026-09-27T06:30:00Z,down,down,84570.91351331,84508.17068722825,84588.44601373565,84504.14368461884,84570.91351330999,-9.9662,down
5m,2026-09-27T06:35:00Z,down,down,84508.17068722825,84502.49143513231,84504.14368461884,84499.37727042627,84508.17068722825,-0.564,down
5m,2026-09-27T06:40:00Z,down,up,84502.49143513231,84504.39221552167,84499.37727042627,84495.1948362492,84502.49143513231,-0.495,down
5m,2026-09-27T06:45:00Z,up,up,84504.39221552167,84538.31541017609,84495.1948362492,84532.70682532525,84504.39221552167,4.4395,up
5m,2026-09-27T06:50:00Z,down,down,84538.31541017609,84502.5927538387,84532.70682532525,84502.84505666085,84538.31541017609,-3.5326,down
5m,2026-09-27T06:55:00Z,up,down,84502.5927538387,84490.88339428,84502.84505666085,84503.17896370677,84502.5927538387,0.0395,up
5m,2026-09-27T07:00:00Z,up,up,84490.88339428,84522.22714855595,84503.17896370677,84522.52465612057,84490.88339428,2.2893,up
5m,2026-09-27T07:05:00Z,down,down,84522.22714855595,84513.02042349505,84522.52465612057,84515.10684902761,84522.22714855595,-0.8776,down
5m,2026-09-27T07:10:00Z,down,down,84513.02042349505,84511.83970021296,84515.10684902761,84503.54266251245,84513.02042349504,-1.3683,down
5m,2026-09-27T07:15:00Z,down,down,84511.83970021296,84472.42385691559,84503.54266251245,84482.61914786477,84511.83970021296,-2.4761,down
5m,2026-09-27T07:20:00Z,down,up,84472.42385691559,84480.77230958,84482.61914786477,84478.90320553495,84472.42385691559,-0.4398,down
5m,2026-09-27T07:25:00Z,up,up,84480.77230958,84506.50825776753,84478.90320553495,84510.13016874628,84480.77230958,3.6964,up
5m,2026-09-27T07:30:00Z,up,up,84506.50825776753,84559.07579122587,84510.13016874628,84555.2611171571,84506.50825776755,5.3403,up
5m,2026-09-27T07:45:00Z,up,up,84596.88344814163,84649.125090724,84604.36310679764,84610.93550607088,84596.88344814161,0.7768,up
5m,2026-09-27T07:50:00Z,up,down,84649.125090724,84648.07927460817,84610.93550607088,84647.8335503283,84649.125090724,4.3609,up
5m,2026-09-27T07:55:00Z,up,up,84648.07927460817,84765.20422893608,84647.8335503283,84755.67799419467,84648.07927460817,12.7404,up
5m,2026-09-27T08:00:00Z,up,up,84765.20422893608,84791.283081897,84755.67799419467,84791.56573250571,84765.20422893607,4.2343,up
5m,2026-09-27T08:05:00Z,up,up,84791.283081897,84798.5780417613,84791.56573250571,84816.7063267325,84791.283081897,2.965,up
5m,2026-09-27T08:10:00Z,down,down,84798.5780417613,84792.41094501101,84816.7063267325,84785.0242737772,84798.5780417613,-3.7354,down
5m,2026-09-27T08:15:00Z,up,down,84792.41094501101,84786.89503615783,84785.0242737772,84787.6536378419,84792.410945011,0.3101,up
5m,2026-09-27T08:20:00Z,down,down,84786.89503615783,84756.27597686808,84787.6536378419,84767.90746779963,84786.89503615783,-2.3289,down
5m,2026-09-27T08:35:00Z,down,down,84810.96844801723,84730.10030476672,84825.58703727389,84735.20870359438,84810.96844801724,-10.6546,down
5m,2026-09-27T08:40:00Z,down,down,84730.10030476672,84726.36583634783,84735.20870359438,84695.98938469379,84730.10030476672,-4.6285,down
5m,2026-09-27T08:45:00Z,up,down,84726.36583634783,84719.18230648577,84695.98938469379,84712.32774491268,84726.36583634782,1.9291,up
5m,2026-09-27T08:50:00Z,up,up,84719.18230648577,84772.25035749619,84712.32774491268,84774.74092748499,84719.18230648577,7.3677,up
5m,2026-09-27T08:55:00Z,up,up,84772.25035749619,84774.63145511538,84774.74092748499,84780.97614171522,84772.25035749619,0.7355,up
5m,2026-09-27T09:00:00Z,down,down,84774.63145511538,84712.11763627047,84780.97614171522,84712.09893852785,84774.63145511539,-8.1241,down
5m,2026-09-27T09:05:00Z,down,down,84712.11763627047,84601.36300810089,84712.09893852785,84630.58585757526,84712.11763627047,-9.6224,down
5m,2026-09-27T09:10:00Z,up,up,84601.36300810089,84639.7085074956,84630.58585757526,84648.57640246834,84601.36300810089,2.1258,up
5m,2026-09-27T09:15:00Z,down,up,84639.7085074956,84641.22062550434,84648.57640246834,84636.88302928116,84639.7085074956,-1.3814,down
5m,2026-09-27T09:20:00Z,down,down,84641.22062550434,84630.80576950061,84636.88302928116,84631.58127092669,84641.22062550433,-0.6264,down
5m,2026-09-27T09:25:00Z,up,up,84630.80576950061,84679.25161731274,84631.58127092669,84678.63510393661,84630.80576950063,5.5598,up
5m,2026-09-27T09:30:00Z,up,up,84679.25161731274,84755.63903585229,84678.63510393661,84755.99493199468,84679.25161731274,9.1357,up
5m,2026-09-27T09:35:00Z,down,down,84755.63903585229,84746.98510667386,84755.99493199468,84735.35315617411,84755.63903585229,-2.4354,down
5m,2026-09-27T09:40:00Z,up,up,84746.98510667386,84779.88321156355,84735.35315617411,84760.39843357359,84746.98510667386,2.9557,up
5m,2026-09-27T09:45:00Z,up,up,84779.88321156355,84921.49679384474,84760.39843357359,84901.12662962789,84779.88321156355,16.6031,up
5m,2026-09-27T09:50:00Z,down,down,84921.49679384474,84866.45313460639,84901.12662962789,84871.13935651364,84921.49679384475,-3.532,down
5m,2026-09-27T09:55:00Z,up,up,84866.45313460639,84923.7469921135,84871.13935651364,84907.39046834044,84866.45313460639,4.2713,up
5m,2026-09-27T10:10:00Z,up,up,84954.80857971625,85014.17280314447,84950.95705564662,85014.2557718959,84954.80857971625,7.4512,up
5m,2026-09-27T10:15:00Z,down,down,85014.17280314447,84971.52716421708,85014.2557718959,84970.73300543912,85014.17280314445,-5.1195,down
5m,2026-09-27T10:20:00Z,down,down,84971.52716421708,84941.61765966,84970.73300543912,84955.92259638895,84971.5271642171,-1.743,down
5m,2026-09-27T10:25:00Z,down,down,84941.61765966,84905.89603757834,84955.92259638895,84914.8546192588,84941.61765966,-4.834,down
5m,2026-09-27T10:30:00Z,down,down,84905.89603757834,84892.14054822967,84914.8546192588,84891.17640116096,84905.89603757834,-2.7885,down
5m,2026-09-27T10:35:00Z,down,down,84892.14054822967,84877.26974987226,84891.17640116096,84882.97033850208,84892.14054822967,-0.9667,down
5m,2026-09-27T10:40:00Z,down,down,84877.26974987226,84835.03643352608,84882.97033850208,84840.3463869794,84877.26974987226,-5.0215,down
5m,2026-09-27T10:45:00Z,up,up,84835.03643352608,84878.46103693628,84840.3463869794,84861.51477530214,84835.03643352608,2.4951,up
5m,2026-09-27T10:50:00Z,down,down,84878.46103693628,84780.0510391078,84861.51477530214,84781.20381185028,84878.46103693628,-9.4638,down
5m,2026-09-27T10:55:00Z,up,up,84780.0510391078,84858.43540416702,84781.20381185028,84845.20585685875,84780.05103910781,7.5491,up
5m,2026-09-27T11:00:00Z,down,down,84858.43540416702,84847.76756435753,84845.20585685875,84842.97189241064,84858.43540416703,-0.2633,down
5m,2026-09-27T11:05:00Z,up,up,84847.76756435753,84902.16145300762,84842.97189241064,84900.4082125593,84847.76756435752,6.7697,up
5m,2026-09-27T11:10:00Z,down,down,84902.16145300762,84885.78761161894,84900.4082125593,84885.12293279995,84902.16145300762,-1.8004,down
5m,2026-09-27T11:25:00Z,up,down,84893.1082459913,84876.37044250163,84879.24014403312,84893.85601890941,84893.1082459913,1.722,up
5m,2026-09-27T11:30:00Z,down,down,84876.37044250163,84823.29521227196,84893.85601890941,84830.72648238357,84876.37044250163,-7.4363,down
5m,2026-09-27T11:35:00Z,down,up,84823.29521227196,84836.55603476196,84830.72648238357,84824.63660322974,84823.29521227197,-0.7179,down
5m,2026-09-27T11:40:00Z,up,up,84836.55603476196,84890.56009851593,84824.63660322974,84873.35841010851,84836.55603476195,5.7438,up
5m,2026-09-27T11:45:00Z,down,down,84890.56009851593,84831.51751796948,84873.35841010851,84831.95694643435,84890.56009851593,-4.878,down
5m,2026-09-27T11:50:00Z,up,up,84831.51751796948,84871.88634072819,84831.95694643435,84874.44952875978,84831.51751796948,5.009,up
5m,2026-09-27T11:55:00Z,down,up,84871.88634072819,84872.89361335,84874.44952875978,84873.26631976213,84871.88634072818,-0.1394,down
5m,2026-09-27T12:00:00Z,up,up,84872.89361335,84930.72302782598,84873.26631976213,84929.85328121464,84872.89361335,6.6672,up
5m,2026-09-27T12:05:00Z,up,up,84930.72302782598,84952.74324095053,84929.85328121464,84943.91612370455,84930.72302782598,1.6558,up
5m,2026-09-27T12:10:00Z,up,up,84952.74324095053,84979.57107368187,84943.91612370455,84973.428280526,84952.74324095053,3.4743,up
15m,2026-09-26T09:15:00Z,up,up,83998.88063936375,84012.72644784933,83986.9730463149,84001.07729249504,83998.88063936375,1.6793,up
15m,2026-09-26T09:30:00Z,down,down,84012.72644784933,84000.182679263,84001.07729249504,83993.33568647127,84012.72644784935,-0.9216,down
15m,2026-09-26T09:45:00Z,down,down,84000.182679263,83997.03938899656,83993.33568647127,83985.64185112777,84000.18267926299,-0.916,down
15m,2026-09-26T10:00:00Z,up,up,83997.03938899656,84097.59984627782,83985.64185112777,84098.38897617342,83997.03938899658,13.4246,up
15m,2026-09-26T10:15:00Z,up,up,84097.59984627782,84127.11992337195,84098.38897617342,84122.69782234497,84097.59984627782,2.8905,up
15m,2026-09-26T10:30:00Z,up,up,84127.11992337195,84133.61412046471,84122.69782234497,84125.03650593336,84127.11992337194,0.278,up
15m,2026-09-26T10:45:00Z,up,up,84133.61412046471,84161.37461271933,84125.03650593336,84161.34822256537,84133.61412046471,4.3164,up
15m,2026-09-26T11:00:00Z,up,down,84161.37461271933,84157.97722244152,84161.34822256537,84165.25032591129,84161.37461271933,0.4636,up
15m,2026-09-26T11:15:00Z,down,down,84157.97722244152,84148.58511181,84165.25032591129,84142.6770211844,84157.97722244152,-2.682,down
15m,2026-09-26T11:30:00Z,up,up,84148.58511181,84157.12301627718,84142.6770211844,84160.82900561276,84148.58511181,2.1573,up
15m,2026-09-26T11:45:00Z,down,down,84157.12301627718,84156.2939563365,84160.82900561276,84159.47371964155,84157.12301627718,-0.161,down
15m,2026-09-26T12:00:00Z,down,down,84156.2939563365,84127.32025727475,84159.47371964155,84117.26522870013,84156.29395633652,-5.0153,down
15m,2026-09-26T12:15:00Z,down,down,84127.32025727475,84083.65571452686,84117.26522870013,84082.53518544372,84127.32025727474,-4.1288,down
15m,2026-09-26T12:30:00Z,down,down,84083.65571452686,84034.34728725621,84082.53518544372,84033.26995065862,84083.65571452685,-5.8592,down
15m,2026-09-26T12:45:00Z,up,up,84034.34728725621,84037.8460802339,84033.26995065862,84048.25534062492,84034.34728725621,1.7833,up
15m,2026-09-26T13:00:00Z,down,down,84037.8460802339,83987.4967001317,84048.25534062492,83994.3456073709,84037.84608023388,-6.4141,down
15m,2026-09-26T13:15:00Z,down,down,83987.4967001317,83917.13171617867,83994.3456073709,83887.81784060944,83987.49670013171,-12.6827,down
15m,2026-09-26T13:30:00Z,up,down,83917.13171617867,83914.87362346,83887.81784060944,83905.18490474696,83917.13171617867,2.0703,up
15m,2026-09-26T13:45:00Z,up,up,83914.87362346,83931.70657118985,83905.18490474696,83928.47298275407,83914.87362346001,2.7755,up
15m,2026-09-26T14:00:00Z,up,up,83931.70657118985,83943.87994453716,83928.47298275407,83937.35336812263,83931.70657118985,1.0581,up
15m,2026-09-26T14:15:00Z,up,up,83943.87994453716,83969.67436630625,83937.35336812263,83961.61369413417,83943.87994453716,2.8903,up
15m,2026-09-26T14:30:00Z,up,up,83969.67436630625,84003.98927423889,83961.61369413417,84002.59447828683,83969.67436630625,4.8809,up
15m,2026-09-26T14:45:00Z,up,up,84003.98927423889,84005.48809391535,84002.59447828683,84004.88443924321,84003.98927423889,0.2726,up
15m,2026-09-26T15:00:00Z,up,up,84005.48809391535,84008.08821910514,84004.88443924321,84008.75057335146,84005.48809391535,0.4602,up
15m,2026-09-26T15:15:00Z,up,up,84008.08821910514,84046.20471383566,84008.75057335146,84045.52677631669,84008.08821910514,4.3777,up
15m,2026-09-26T15:30:00Z,up,up,84046.20471383566,84115.2523474911,84045.52677631669,84101.38818859929,84046.20471383564,6.6466,up
15m,2026-09-26T15:45:00Z,up,up,84115.2523474911,84138.85057415086,84101.38818859929,84137.97790673365,84115.25234749111,4.3507,up
15m,2026-09-26T16:00:00Z,down,down,84138.85057415086,84112.9692714856,84137.97790673365,84112.77138577912,84138.85057415086,-2.9959,down
15m,2026-09-26T16:15:00Z,down,,,,84112.77138577912,84092.28062936188,84112.9692714856,-2.4361,down
15m,2026-09-26T16:30:00Z,up,up,84094.51576086496,84135.05906403047,84092.28062936188,84135.933074501,84094.51576086498,5.191,up
15m,2026-09-26T16:45:00Z,down,down,84135.05906403047,84098.51462003056,84135.933074501,84097.61909204086,84135.05906403046,-4.5538,down
15m,2026-09-26T17:00:00Z,down,down,84098.51462003056,84073.80745409742,84097.61909204086,84074.02810854984,84098.51462003055,-2.8052,down
15m,2026-09-26T17:15:00Z,down,down,84073.80745409742,84044.4672852663,84074.02810854984,84046.00994226537,84073.80745409742,-3.3326,down
15m,2026-09-26T17:30:00Z,up,,,,84046.00994226537,84081.71669245088,84044.4672852663,4.2485,up
15m,2026-09-26T17:45:00Z,up,,,,84081.71669245088,84118.31886377581,84087.99455294346,4.3532,up
15m,2026-09-26T18:00:00Z,down,down,84118.33345723593,84085.72330966366,84118.31886377581,84091.07579680496,84118.33345723593,-3.2387,down
15m,2026-09-26T18:15:00Z,down,down,84085.72330966366,84052.6788160907,84091.07579680496,84052.65542941025,84085.72330966366,-4.5689,down
15m,2026-09-26T18:30:00Z,down,down,84052.6788160907,83991.79521408383,84052.65542941025,84004.28763821338,84052.6788160907,-5.7545,down
15m,2026-09-26T18:45:00Z,down,down,83991.79521408383,83987.48812878977,84004.28763821338,83984.48717038501,83991.79521408383,-2.3571,down
15m,2026-09-26T19:00:00Z,up,up,83987.48812878977,84008.99684998122,83984.48717038501,84009.19183035598,83987.48812878976,2.9416,up
15m,2026-09-26T19:15:00Z,up,up,84008.99684998122,84021.2864765607,84009.19183035598,84021.99063971936,84008.99684998122,1.5235,up
15m,2026-09-26T19:30:00Z,down,down,84021.2864765607,83997.339930665,84021.99063971936,83997.16812964082,84021.2864765607,-2.9543,down
15m,2026-09-26T19:45:00Z,up,up,83997.339930665,84000.2188886491,83997.16812964082,84000.41637644291,83997.339930665,0.3867,up
15m,2026-09-26T20:00:00Z,down,down,84000.2188886491,83997.13474976733,84000.41637644291,83995.86493399511,84000.2188886491,-0.5418,down
15m,2026-09-26T20:45:00Z,up,,,,83867.609453408,84013.57334688691,83878.37790155219,17.4041,up
15m,2026-09-26T21:00:00Z,up,up,84012.99002133099,84105.28518002681,84013.57334688691,84102.03071389477,84012.99002133099,10.5289,up
15m,2026-09-26T21:15:00Z,up,up,84105.28518002681,84193.99791107666,84102.03071389477,84161.51882168508,84105.2851800268,7.0733,up
15m,2026-09-26T21:30:00Z,down,down,84193.99791107666,84150.34322658317,84161.51882168508,84143.14804862537,84193.99791107667,-2.1828,down
15m,2026-09-26T21:45:00Z,down,down,84150.34322658317,84139.12009191838,84143.14804862537,84138.43765490114,84150.34322658317,-0.5598,down
15m,2026-09-26T22:00:00Z,up,up,84139.12009191838,84322.17760816815,84138.43765490114,84310.2436431852,84139.12009191838,20.4194,up
15m,2026-09-26T22:15:00Z,up,up,84322.17760816815,84332.36995681,84310.2436431852,84333.15575330853,84322.17760816815,2.7176,up
15m,2026-09-26T22:30:00Z,down,,,,84333.15575330853,84273.73577256971,84332.36995681,-7.0459,down
15m,2026-09-26T22:45:00Z,down,up,84258.37668672472,84260.1849573837,84273.73577256971,84256.56622402585,84258.37668672472,-2.0374,down
15m,2026-09-26T23:00:00Z,up,up,84260.1849573837,84338.65257019964,84256.56622402585,84333.8382866939,84260.1849573837,9.171,up
15m,2026-09-26T23:15:00Z,up,up,84338.65257019964,84362.95529383117,84333.8382866939,84343.43516662864,84338.65257019966,1.138,up
15m,2026-09-26T23:30:00Z,down,down,84362.95529383117,84333.89203480878,84343.43516662864,84332.9909542188,84362.95529383117,-1.2383,down
15m,2026-09-26T23:45:00Z,up,up,84333.89203480878,84417.71622956893,84332.9909542188,84422.95610948939,84333.8920348088,10.6678,up
15m,2026-09-27T00:00:00Z,down,down,84417.71622956893,84309.6928189171,84422.95610948939,84309.70050868082,84417.71622956893,-13.4153,down
15m,2026-09-27T00:15:00Z,down,down,84309.6928189171,84245.49345207274,84309.70050868082,84245.40986075973,84309.6928189171,-7.6255,down
15m,2026-09-27T00:30:00Z,up,up,84245.49345207274,84328.18179564536,84245.40986075973,84328.51502785663,84245.49345207275,9.8647,up
15m,2026-09-27T00:45:00Z,down,down,84328.18179564536,84289.2509729494,84328.51502785663,84288.85050568287,84328.18179564536,-4.7036,down
15m,2026-09-27T01:00:00Z,up,up,84289.2509729494,84375.45167422852,84288.85050568287,84366.56658417011,84289.2509729494,9.2202,up
15m,2026-09-27T01:15:00Z,down,down,84375.45167422852,84314.39313122448,84366.56658417011,84316.47972076356,84375.45167422852,-5.9368,down
15m,2026-09-27T01:30:00Z,up,up,84314.39313122448,84385.1071925114,84316.47972076356,84381.58539234483,84314.39313122447,7.7216,up
15m,2026-09-27T01:45:00Z,up,up,84385.1071925114,84474.1439391981,84381.58539234483,84466.16739387652,84385.1071925114,10.0238,up
15m,2026-09-27T02:00:00Z,down,up,84474.1439391981,84475.664060465,84466.16739387652,84458.28811173252,84474.14393919808,-0.9328,down
15m,2026-09-27T02:15:00Z,up,up,84475.664060465,84487.5949078389,84458.28811173252,84488.37032051261,84475.664060465,3.5618,up
15m,2026-09-27T02:30:00Z,down,down,84487.5949078389,84457.144681819,84488.37032051261,84457.56002429283,84487.5949078389,-3.6467,down
15m,2026-09-27T02:45:00Z,down,down,84457.144681819,84430.61248098942,84457.56002429283,84430.42139620305,84457.144681819,-3.2133,down
15m,2026-09-27T03:00:00Z,up,up,84430.61248098942,84464.09957391741,84430.42139620305,84462.64177236712,84430.61248098942,3.8162,up
15m,2026-09-27T03:15:00Z,down,down,84464.09957391741,84369.1678112963,84462.64177236712,84360.62616485597,84464.09957391741,-12.0782,down
15m,2026-09-27T03:30:00Z,up,up,84369.1678112963,84380.66624662459,84360.62616485597,84381.03087713542,84369.1678112963,2.4187,up
15m,2026-09-27T03:45:00Z,up,down,84380.66624662459,84373.40829840115,84381.03087713542,84383.0021013541,84380.66624662458,0.2336,up
15m,2026-09-27T04:00:00Z,up,up,84373.40829840115,84463.70188443142,84383.0021013541,84469.02807695586,84373.40829840115,10.1947,up
15m,2026-09-27T04:45:00Z,up,up,84290.47744215566,84313.22254152884,84291.8123550096,84311.3908005223,84290.47744215566,2.3227,up
15m,2026-09-27T05:00:00Z,up,up,84313.22254152884,84369.07499102555,84311.3908005223,84359.77425937913,84313.22254152884,5.7387,up
15m,2026-09-27T05:15:00Z,up,up,84369.07499102555,84371.39688951056,84359.77425937913,84376.27695851284,84369.07499102555,1.9562,up
15m,2026-09-27T05:30:00Z,up,up,84371.39688951056,84522.151011065,84376.27695851284,84512.09035050981,84371.39688951056,16.0962,up
15m,2026-09-27T05:45:00Z,down,down,84522.151011065,84455.48016247853,84512.09035050981,84472.69585348378,84522.151011065,-4.6614,down
15m,2026-09-27T06:00:00Z,up,up,84455.48016247853,84579.01608475059,84472.69585348378,84576.96330432911,84455.48016247852,12.3433,up
15m,2026-09-27T06:15:00Z,up,down,84579.01608475059,84570.91351331,84576.96330432911,84588.44601373565,84579.01608475059,1.3577,up
15m,2026-09-27T06:30:00Z,down,down,84570.91351331,84504.39221552167,84588.44601373565,84495.1948362492,84570.91351330999,-11.0241,down
15m,2026-09-27T06:45:00Z,up,down,84504.39221552167,84490.88339428,84495.1948362492,84503.17896370677,84504.39221552167,0.9449,up
15m,2026-09-27T07:00:00Z,up,up,84490.88339428,84511.83970021296,84503.17896370677,84503.54266251245,84490.88339428,0.043,up
15m,2026-09-27T07:15:00Z,up,down,84511.83970021296,84506.50825776753,84503.54266251245,84510.13016874628,84511.83970021296,0.7796,up
15m,2026-09-27T07:30:00Z,up,up,84506.50825776753,84596.88344814163,84510.13016874628,84604.36310679764,84506.50825776755,11.1505,up
15m,2026-09-27T07:45:00Z,up,up,84596.88344814163,84765.20422893608,84604.36310679764,84755.67799419467,84596.88344814161,17.885,up
15m,2026-09-27T08:00:00Z,up,up,84765.20422893608,84792.41094501101,84755.67799419467,84785.0242737772,84765.20422893607,3.4625,up
15m,2026-09-27T08:45:00Z,up,up,84726.36583634783,84774.63145511538,84695.98938469379,84780.97614171522,84726.36583634782,10.0343,up
15m,2026-09-27T09:00:00Z,down,down,84774.63145511538,84639.7085074956,84780.97614171522,84648.57640246834,84774.63145511539,-15.6167,down
15m,2026-09-27T09:15:00Z,up,up,84639.7085074956,84679.25161731274,84648.57640246834,84678.63510393661,84639.7085074956,3.551,up
15m,2026-09-27T09:30:00Z,up,up,84679.25161731274,84779.88321156355,84678.63510393661,84760.39843357359,84679.25161731274,9.6557,up
15m,2026-09-27T09:45:00Z,up,up,84779.88321156355,84923.7469921135,84760.39843357359,84907.39046834044,84779.88321156355,17.3421,up
15m,2026-09-27T10:00:00Z,up,up,84923.7469921135,85014.17280314447,84907.39046834044,85014.2557718959,84923.74699211349,12.5861,up
15m,2026-09-27T10:15:00Z,down,down,85014.17280314447,84905.89603757834,85014.2557718959,84914.8546192588,85014.17280314445,-11.6923,down
15m,2026-09-27T10:30:00Z,down,down,84905.89603757834,84835.03643352608,84914.8546192588,84840.3463869794,84905.89603757834,-8.7745,down
15m,2026-09-27T10:45:00Z,up,up,84835.03643352608,84858.43540416702,84840.3463869794,84845.20585685875,84835.03643352608,0.5728,up
15m,2026-09-27T11:00:00Z,up,up,84858.43540416702,84885.78761161894,84845.20585685875,84885.12293279995,84858.43540416703,4.7047,up
15m,2026-09-27T11:15:00Z,up,down,84885.78761161894,84876.37044250163,84885.12293279995,84893.85601890941,84885.78761161894,1.0288,up
15m,2026-09-27T11:30:00Z,down,up,84876.37044250163,84890.56009851593,84893.85601890941,84873.35841010851,84876.37044250163,-2.4145,down
15m,2026-09-27T11:45:00Z,down,down,84890.56009851593,84872.89361335,84873.35841010851,84873.26631976213,84890.56009851593,-0.0109,down
15m,2026-09-27T12:00:00Z,up,up,84872.89361335,84979.57107368187,84873.26631976213,84973.428280526,84872.89361335,11.8014,up
