round_start_unix,round_start_utc,round_end_utc,slug,ui_url,ui_title_range,status,price_to_beat_ui,price_to_beat_captured_utc,price_to_beat_ui_countdown_s,price_to_beat_api_full,entry_slot_s_remaining,decision_utc,decision_clock_remaining_s,decision_ui_countdown_s,ui_clock_drift_s,ui_current_price,gap_usd,gap_bps,gap_bucket,ui_up_cents,ui_down_cents,api_twap60,ui_price_minus_twap,book_up_bid,book_up_ask,book_down_bid,book_down_ask,data_source,phase,my_choice,choice_reason,leader_side,market_favourite_side,page_leader_agrees_with_market,exec_price_source,entry_price_exec,entry_price_ui,fee_per_share,cost_per_share,est_win_prob,est_edge_per_share,bet_usd,shares,bankroll_before,outcome_official,outcome_ui,outcomes_agree,close_price_ui_api,win,pnl_usd,pnl_if_ui_price_usd,bankroll_after,settled_utc,loss_streak_before,ui_read_latency_ms,browser_launches,code_version,notes
1790553600,2026-09-28T00:00:00Z,2026-09-28T00:05:00Z,btc-updown-5m-1790553600,https://polymarket.com/event/btc-updown-5m-1790553600,"September 27, 8-8:05PM ET",SETTLED,84438.79,2026-09-28T00:00:08.576Z,292,84438.79342014434,180,2026-09-28T00:02:00.068Z,179.9,181,1.0,84466.07,27.28,3.2307,2-4,0.94,0.07,84466.07,-0.0,0.93,0.94,0.06,0.07,ui,LEARN,UP,"LEARN: exploring entry at 150s left, buying the leader (entered early at 180s: the round was being decided); raised to the 5-share minimum",Up,Up,yes,order_book_ask,0.94,0.94,0.0039,0.9439,0.901,-0.0429,4.72,5.0,166.4,UP,UP,1,84529.67035825446,1,0.28,0.28,161.87,2026-09-28T00:09:53Z,0,11,2,1.0.7,
1790553900,2026-09-28T00:05:00Z,2026-09-28T00:10:00Z,btc-updown-5m-1790553900,https://polymarket.com/event/btc-updown-5m-1790553900,"September 27, 8:05-8:10PM ET",SETTLED,84541.33,2026-09-28T00:05:12.008Z,289,84541.32858832496,150,2026-09-28T00:07:30.447Z,149.6,150,0.4,84511.38,-29.95,-3.5426,2-4,0.06,0.95,84511.38,0.0,0.05,0.06,0.94,0.95,ui,LEARN,DOWN,"LEARN: exploring entry at 75s left, buying the leader (entered early at 150s: the round was being decided); raised to the 5-share minimum",Down,Down,yes,order_book_ask,0.95,0.95,0.0033,0.9533,0.947,-0.0063,4.77,5.0,161.59,DOWN,DOWN,1,,1,0.23,0.23,162.11,2026-09-28T00:14:36Z,1,6,2,1.0.7,
1790554200,2026-09-28T00:10:00Z,2026-09-28T00:15:00Z,btc-updown-5m-1790554200,https://polymarket.com/event/btc-updown-5m-1790554200,"September 27, 8:10-8:15PM ET",SETTLED,84378.48,2026-09-28T00:10:08.548Z,292,84378.4826021055,75,2026-09-28T00:13:45.354Z,74.6,75,0.4,84371.32,-7.16,-0.8486,0.5-1,0.28,0.73,84371.32,-0.0,0.27,0.28,0.72,0.73,ui,LEARN,UP,"LEARN: exploring entry at 75s left, buying the underdog; capped by the size at the best ask",Down,Down,yes,order_book_ask,0.28,0.28,0.0141,0.2941,0.2426,-0.0515,1.89,6.42,161.87,UP,UP,1,84412.70768987972,1,4.53,4.54,166.63,2026-09-28T00:19:58Z,0,43,2,1.0.7,
1790554500,2026-09-28T00:15:00Z,2026-09-28T00:20:00Z,btc-updown-5m-1790554500,https://polymarket.com/event/btc-updown-5m-1790554500,"September 27, 8:15-8:20PM ET",SETTLED,84402.86,2026-09-28T00:15:08.630Z,292,84402.86114797938,210,2026-09-28T00:16:30.462Z,209.5,210,0.4,84431.48,28.62,3.3909,2-4,0.92,0.09,84432.42,-0.94,0.91,0.92,0.08,0.09,ui,LEARN,DOWN,"LEARN: exploring entry at 75s left, buying the underdog (entered early at 210s: the round was being decided)",Up,Up,yes,order_book_ask,0.09,0.09,0.0057,0.0957,0.0772,-0.0186,4.05,42.3327,162.11,UP,UP,1,,0,-4.05,-4.05,162.59,2026-09-28T00:25:01Z,0,8,2,1.0.7,
1790554800,2026-09-28T00:20:00Z,2026-09-28T00:25:00Z,btc-updown-5m-1790554800,https://polymarket.com/event/btc-updown-5m-1790554800,"September 27, 8:20-8:25PM ET",SETTLED,84568.63,2026-09-28T00:20:09.779Z,291,84568.63476010192,240,2026-09-28T00:21:00.500Z,239.5,240,0.4,84715.41,146.78,17.3563,8+,0.98,0.03,84715.41,-0.0,0.97,0.98,0.02,0.03,ui,LEARN,UP,"LEARN: exploring entry at 240s left, buying the leader; raised to the 5-share minimum",Up,Up,yes,order_book_ask,0.98,0.98,0.0014,0.9814,0.975,-0.0064,4.91,5.0,166.63,UP,UP,1,,1,0.09,0.09,162.67,2026-09-28T00:30:02Z,0,5,2,1.0.7,
1790555100,2026-09-28T00:25:00Z,2026-09-28T00:30:00Z,btc-updown-5m-1790555100,https://polymarket.com/event/btc-updown-5m-1790555100,"September 27, 8:25-8:30PM ET",SETTLED,84878.51,2026-09-28T00:25:08.605Z,292,84878.5123500231,150,2026-09-28T00:27:30.164Z,149.8,150,0.1,84843.32,-35.19,-4.1459,4-8,0.05,0.96,84843.32,-0.0,0.04,0.05,0.95,0.96,ui,LEARN,UP,"LEARN: exploring entry at 75s left, buying the underdog (entered early at 150s: the round was being decided)",Down,Down,yes,order_book_ask,0.05,0.05,0.0033,0.0533,0.0713,0.018,4.06,76.2241,162.59,DOWN,DOWN,1,84771.68934297582,0,-4.06,-4.06,158.61,2026-09-28T00:32:25Z,1,22,2,1.0.7,
1790555400,2026-09-28T00:30:00Z,2026-09-28T00:35:00Z,btc-updown-5m-1790555400,https://polymarket.com/event/btc-updown-5m-1790555400,"September 27, 8:30-8:35PM ET",SETTLED,84769.11,2026-09-28T00:30:08.597Z,292,84769.10550503172,240,2026-09-28T00:31:00.286Z,239.7,240,0.2,84731.94,-37.17,-4.3849,4-8,0.34,0.67,84731.94,0.0,0.33,0.34,0.66,0.67,ui,LEARN,DOWN,"LEARN: exploring entry at 240s left, buying the leader",Down,Down,yes,order_book_ask,0.67,0.67,0.0155,0.6855,0.6955,0.01,4.07,5.9328,162.67,DOWN,DOWN,1,84350.01434427443,1,1.86,1.87,160.48,2026-09-28T00:40:07Z,0,12,2,1.0.7,
1790555700,2026-09-28T00:35:00Z,2026-09-28T00:40:00Z,btc-updown-5m-1790555700,https://polymarket.com/event/btc-updown-5m-1790555700,"September 27, 8:35-8:40PM ET",SETTLED,84342.51,2026-09-28T00:35:09.240Z,291,84342.50848020421,180,2026-09-28T00:37:00.273Z,179.7,180,0.2,84244.22,-98.29,-11.6537,8+,0.11,0.9,84244.22,-0.0,0.1,0.11,0.89,0.9,ui,LEARN,DOWN,"LEARN: exploring entry at 75s left, buying the leader (entered early at 180s: the round was being decided); raised to the 5-share minimum",Down,Down,yes,order_book_ask,0.9,0.9,0.0063,0.9063,0.8847,-0.0216,4.53,5.0,158.61,DOWN,DOWN,1,,1,0.47,0.47,160.95,2026-09-28T00:42:50Z,1,11,2,1.0.7,
1790556000,2026-09-28T00:40:00Z,2026-09-28T00:45:00Z,btc-updown-5m-1790556000,https://polymarket.com/event/btc-updown-5m-1790556000,"September 27, 8:40-8:45PM ET",SETTLED,84279.63,2026-09-28T00:40:08.647Z,292,84279.63059262672,75,2026-09-28T00:43:45.270Z,74.7,75,0.2,84257.46,-22.17,-2.6305,2-4,0.33,0.68,84257.46,0.0,0.32,0.33,0.67,0.68,ui,LEARN,UP,"LEARN: exploring entry at 75s left, buying the underdog",Down,Down,yes,order_book_ask,0.33,0.33,0.0155,0.3455,0.1886,-0.1569,4.02,11.6466,160.95,DOWN,DOWN,1,84282.24907308743,0,-4.02,-4.02,156.92,2026-09-28T00:48:32Z,0,44,2,1.0.7,
1790556300,2026-09-28T00:45:00Z,2026-09-28T00:50:00Z,btc-updown-5m-1790556300,https://polymarket.com/event/btc-updown-5m-1790556300,"September 27, 8:45-8:50PM ET",SETTLED,84265.18,2026-09-28T00:45:09.067Z,291,84265.1820247988,210,2026-09-28T00:46:30.377Z,209.6,210,0.4,84354.61,89.43,10.6129,8+,0.96,0.05,84354.61,0.0,0.95,0.96,0.04,0.05,ui,LEARN,UP,"LEARN: exploring entry at 150s left, buying the leader (entered early at 210s: the round was being decided); raised to the 5-share minimum",Up,Up,yes,order_book_ask,0.96,0.96,0.0027,0.9627,0.9614,-0.0013,4.81,5.0,160.94,UP,UP,1,84490.44321993526,1,0.19,0.19,157.11,2026-09-28T00:53:35Z,0,38,2,1.0.7,
1790556600,2026-09-28T00:50:00Z,2026-09-28T00:55:00Z,btc-updown-5m-1790556600,https://polymarket.com/event/btc-updown-5m-1790556600,"September 27, 8:50-8:55PM ET",SETTLED,84500.67,2026-09-28T00:50:08.683Z,292,84500.6677903647,180,2026-09-28T00:52:00.560Z,179.4,180,0.5,84577.58,76.91,9.1017,8+,0.9,0.11,84577.58,-0.0,0.89,0.9,0.1,0.11,ui,LEARN,UP,"LEARN: exploring entry at 90s left, buying the leader (entered early at 180s: the round was being decided); raised to the 5-share minimum",Up,Up,yes,order_book_ask,0.9,0.9,0.0063,0.9063,0.8908,-0.0155,4.53,5.0,156.92,DOWN,DOWN,1,84339.25578704175,0,-4.53,-4.53,152.58,2026-09-28T00:58:38Z,1,22,2,1.0.7,
1790556900,2026-09-28T00:55:00Z,2026-09-28T01:00:00Z,btc-updown-5m-1790556900,https://polymarket.com/event/btc-updown-5m-1790556900,"September 27, 8:55-9PM ET",SETTLED,84419.8,2026-09-28T00:55:08.597Z,292,84419.80374181067,240,2026-09-28T00:56:00.288Z,239.7,240,0.2,84342.56,-77.24,-9.1495,8+,0.09,0.92,84342.56,0.0,0.08,0.09,0.91,0.92,ui,LEARN,DOWN,"LEARN: exploring entry at 150s left, buying the leader (entered early at 240s: the round was being decided); raised to the 5-share minimum",Down,Down,yes,order_book_ask,0.92,0.92,0.0052,0.9252,0.9203,-0.0048,4.63,5.0,157.11,DOWN,DOWN,1,84124.38316758163,1,0.37,0.37,152.95,2026-09-28T01:04:00Z,0,11,2,1.0.7,
1790557200,2026-09-28T01:00:00Z,2026-09-28T01:05:00Z,btc-updown-5m-1790557200,https://polymarket.com/event/btc-updown-5m-1790557200,"September 27, 9-9:05PM ET",SETTLED,84136.69,2026-09-28T01:00:12.140Z,288,84136.68562955032,210,2026-09-28T01:01:30.475Z,209.5,210,0.5,84064.89,-71.8,-8.5337,8+,0.09,0.92,84064.89,0.0,0.09,0.1,0.9,0.91,ui,LEARN,DOWN,"LEARN: exploring entry at 120s left, buying the leader (entered early at 210s: the round was being decided); raised to the 5-share minimum",Down,Down,yes,order_book_ask,0.91,0.92,0.0057,0.9157,0.923,0.0072,4.58,5.0,152.58,DOWN,DOWN,1,84118.34994460993,1,0.42,0.37,153.37,2026-09-28T01:09:03Z,1,55,2,1.0.7,
1790557500,2026-09-28T01:05:00Z,2026-09-28T01:10:00Z,btc-updown-5m-1790557500,https://polymarket.com/event/btc-updown-5m-1790557500,"September 27, 9:05-9:10PM ET",SETTLED,84055.07,2026-09-28T01:05:08.552Z,292,84055.07028392202,210,2026-09-28T01:06:30.354Z,209.6,210,0.3,83982.91,-72.16,-8.5848,8+,0.11,0.9,83982.91,-0.0,0.1,0.11,0.89,0.9,ui,LEARN,UP,"LEARN: exploring entry at 75s left, buying the underdog (entered early at 210s: the round was being decided)",Down,Down,yes,order_book_ask,0.11,0.11,0.0069,0.1169,0.0829,-0.034,3.82,32.7233,152.95,UP,UP,1,84078.65042702458,1,28.9,28.87,182.27,2026-09-28T01:14:46Z,0,5,2,1.0.7,
1790557800,2026-09-28T01:10:00Z,2026-09-28T01:15:00Z,btc-updown-5m-1790557800,https://polymarket.com/event/btc-updown-5m-1790557800,"September 27, 9:10-9:15PM ET",SETTLED,84138.63,2026-09-28T01:10:11.652Z,289,84138.62932466151,150,2026-09-28T01:12:30.177Z,149.8,151,1.1,84050.51,-88.12,-10.4732,8+,0.1,0.91,84050.51,0.0,0.07,0.08,0.92,0.93,ui,LEARN,DOWN,"LEARN: exploring entry at 150s left, buying the leader; raised to the 5-share minimum",Down,Down,yes,order_book_ask,0.93,0.91,0.0046,0.9346,0.9034,-0.0311,4.67,5.0,153.37,DOWN,DOWN,1,83945.10391989628,1,0.33,0.43,182.6,2026-09-28T01:20:08Z,0,20,2,1.0.7,
1790558100,2026-09-28T01:15:00Z,2026-09-28T01:20:00Z,btc-updown-5m-1790558100,https://polymarket.com/event/btc-updown-5m-1790558100,"September 27, 9:15-9:20PM ET",SETTLED,83975.32,2026-09-28T01:15:11.816Z,289,83975.31707870112,180,2026-09-28T01:17:00.271Z,179.7,181,1.2,83919.85,-55.47,-6.6055,4-8,0.29,0.72,83919.85,0.0,0.27,0.28,0.72,0.73,ui,LEARN,DOWN,"LEARN: exploring entry at 180s left, buying the leader",Down,Down,yes,order_book_ask,0.73,0.72,0.0138,0.7438,0.7898,0.046,4.56,6.1263,182.27,DOWN,DOWN,1,83971.427996415,1,1.57,1.65,184.17,2026-09-28T01:22:10Z,0,34,2,1.0.7,
1790558400,2026-09-28T01:20:00Z,2026-09-28T01:25:00Z,btc-updown-5m-1790558400,https://polymarket.com/event/btc-updown-5m-1790558400,"September 27, 9:20-9:25PM ET",SETTLED,83910.41,2026-09-28T01:20:08.673Z,292,83910.4137501516,210,2026-09-28T01:21:30.480Z,209.5,210,0.4,84008.69,98.28,11.7125,8+,0.97,0.04,84008.69,-0.0,0.96,0.97,0.03,0.04,ui,LEARN,UP,"LEARN: exploring entry at 210s left, buying the leader; raised to the 5-share minimum",Up,Up,yes,order_book_ask,0.97,0.97,0.002,0.972,0.95,-0.022,4.86,5.0,182.6,UP,UP,1,,1,0.14,0.14,184.3,2026-09-28T01:29:33Z,0,5,2,1.0.7,
1790558700,2026-09-28T01:25:00Z,2026-09-28T01:30:00Z,btc-updown-5m-1790558700,https://polymarket.com/event/btc-updown-5m-1790558700,"September 27, 9:25-9:30PM ET",SETTLED,84012.25,2026-09-28T01:25:08.583Z,292,84012.25201393821,180,2026-09-28T01:27:00.532Z,179.5,180,0.5,84086.33,74.08,8.8178,8+,0.96,0.05,84086.33,0.0,0.95,0.96,0.04,0.05,ui,LEARN,DOWN,"LEARN: exploring entry at 180s left, buying the underdog",Up,Up,yes,order_book_ask,0.05,0.05,0.0033,0.0533,0.0989,0.0455,4.6,86.3426,184.17,UP,UP,1,84063.74289003643,0,-4.6,-4.6,179.71,2026-09-28T01:34:57Z,0,43,2,1.0.7,
1790559000,2026-09-28T01:30:00Z,2026-09-28T01:35:00Z,btc-updown-5m-1790559000,https://polymarket.com/event/btc-updown-5m-1790559000,"September 27, 9:30-9:35PM ET",SETTLED,84071.41,2026-09-28T01:30:09.118Z,292,84071.41024599485,75,2026-09-28T01:33:45.469Z,74.5,75,0.4,84045.71,-25.7,-3.0569,2-4,0.34,0.67,84045.71,0.0,0.33,0.34,0.66,0.67,ui,LEARN,DOWN,"LEARN: exploring entry at 75s left, buying the leader",Down,Down,yes,order_book_ask,0.67,0.67,0.0155,0.6855,0.8127,0.1272,4.61,6.7218,184.3,DOWN,DOWN,1,84012.9077277918,1,2.11,2.12,181.82,2026-09-28T01:40:18Z,0,35,2,1.0.7,
1790559300,2026-09-28T01:35:00Z,2026-09-28T01:40:00Z,btc-updown-5m-1790559300,https://polymarket.com/event/btc-updown-5m-1790559300,"September 27, 9:35-9:40PM ET",SETTLED,84034.77,2026-09-28T01:35:08.695Z,292,84034.76625894682,240,2026-09-28T01:36:00.425Z,239.6,240,0.4,83980.79,-53.98,-6.4235,4-8,0.28,0.73,83980.79,0.0,0.27,0.28,0.72,0.73,ui,LEARN,DOWN,"LEARN: exploring entry at 240s left, buying the leader",Down,Down,yes,order_book_ask,0.73,0.73,0.0138,0.7438,0.7937,0.05,4.49,6.0402,179.71,DOWN,DOWN,1,,1,1.55,1.55,183.37,2026-09-28T01:45:20Z,1,24,2,1.0.7,
1790559600,2026-09-28T01:40:00Z,2026-09-28T01:45:00Z,btc-updown-5m-1790559600,https://polymarket.com/event/btc-updown-5m-1790559600,"September 27, 9:40-9:45PM ET",SETTLED,83879.09,2026-09-28T01:40:08.611Z,292,83879.09325000709,180,2026-09-28T01:42:00.074Z,179.9,181,1.0,83897.4,18.31,2.1829,2-4,0.9,0.11,83897.4,0.0,0.89,0.9,0.1,0.11,ui,LEARN,UP,"LEARN: exploring entry at 120s left, buying the leader (entered early at 180s: the round was being decided)",Up,Up,yes,order_book_ask,0.9,0.9,0.0063,0.9063,0.8676,-0.0387,4.55,5.0153,181.82,DOWN,DOWN,1,83799.15720285845,0,-4.55,-4.55,178.82,2026-09-28T01:48:22Z,0,5,2,1.0.7,
1790559900,2026-09-28T01:45:00Z,2026-09-28T01:50:00Z,btc-updown-5m-1790559900,https://polymarket.com/event/btc-updown-5m-1790559900,"September 27, 9:45-9:50PM ET",SETTLED,83833.88,2026-09-28T01:45:08.745Z,292,83833.87672437813,90,2026-09-28T01:48:30.459Z,89.5,90,0.4,83812.93,-20.95,-2.499,2-4,0.95,0.06,83874.19,-61.26,0.95,0.96,0.04,0.05,ui,LEARN,DOWN,"LEARN: exploring entry at 90s left, buying the leader",Down,Up,no,order_book_ask,0.05,0.06,0.0033,0.0533,0.0435,-0.0098,4.47,83.8354,178.82,DOWN,DOWN,1,83656.53491239696,1,79.37,65.43,258.19,2026-09-28T01:55:23Z,1,5,2,1.0.7,
1790560200,2026-09-28T01:50:00Z,2026-09-28T01:55:00Z,btc-updown-5m-1790560200,https://polymarket.com/event/btc-updown-5m-1790560200,"September 27, 9:50-9:55PM ET",SETTLED,83742.38,2026-09-28T01:50:08.749Z,292,83742.38160315603,90,2026-09-28T01:53:30.167Z,89.8,91,1.1,83755.19,12.81,1.5297,1-2,0.75,0.26,83755.19,-0.0,0.74,0.75,0.25,0.26,ui,LEARN,DOWN,"LEARN: exploring entry at 90s left, buying the underdog",Up,Up,yes,order_book_ask,0.26,0.26,0.0135,0.2735,0.1966,-0.0769,4.47,16.3475,178.82,UP,UP,1,83752.577617925,0,-4.47,-4.47,253.71,2026-09-28T02:00:07Z,1,89,2,1.0.7,
1790560500,2026-09-28T01:55:00Z,2026-09-28T02:00:00Z,btc-updown-5m-1790560500,https://polymarket.com/event/btc-updown-5m-1790560500,"September 27, 9:55-10PM ET",SETTLED,83793.93,2026-09-28T01:55:08.595Z,292,83793.92851199738,120,2026-09-28T01:58:00.316Z,119.7,120,0.3,83786.95,-6.98,-0.833,0.5-1,0.06,0.95,83786.95,-0.0,0.05,0.06,0.94,0.95,ui,LEARN,DOWN,"LEARN: exploring entry at 75s left, buying the leader (entered early at 120s: the round was being decided)",Down,Down,yes,order_book_ask,0.95,0.95,0.0033,0.9533,0.8743,-0.079,6.45,6.7707,258.19,DOWN,DOWN,1,83679.90366789712,1,0.32,0.32,254.03,2026-09-28T02:02:09Z,0,20,2,1.0.7,
1790560800,2026-09-28T02:00:00Z,2026-09-28T02:05:00Z,btc-updown-5m-1790560800,https://polymarket.com/event/btc-updown-5m-1790560800,"September 27, 10-10:05PM ET",SETTLED,83696.21,2026-09-28T02:00:08.724Z,292,83696.20690905352,210,2026-09-28T02:01:30.128Z,209.9,211,1.1,83588.09,-108.12,-12.9181,8+,0.11,0.9,83588.09,-0.0,0.1,0.11,0.89,0.9,ui,LEARN,DOWN,"LEARN: exploring entry at 150s left, buying the leader (entered early at 210s: the round was being decided)",Down,Down,yes,order_book_ask,0.9,0.9,0.0063,0.9063,0.9012,-0.0051,6.34,6.9985,253.71,DOWN,DOWN,1,83618.91953974946,1,0.66,0.66,254.69,2026-09-28T02:07:12Z,1,10,2,1.0.7,
1790561100,2026-09-28T02:05:00Z,2026-09-28T02:10:00Z,btc-updown-5m-1790561100,https://polymarket.com/event/btc-updown-5m-1790561100,,SETTLED,,,,83596.42085913227,120,2026-09-28T02:08:00.252Z,119.7,120,0.2,83577.54,-18.88,-2.2581,2-4,0.18,0.83,83577.54,0.0,0.17,0.18,0.82,0.83,api_fallback(ui_incomplete),LEARN,UP,"LEARN: exploring entry at 120s left, buying the underdog",Down,Down,yes,order_book_ask,0.18,0.18,0.0103,0.1903,0.1272,-0.0631,6.37,33.453,254.69,UP,UP,1,,1,27.08,27.1,281.78,2026-09-28T02:15:13Z,0,12,2,1.0.7,page showed no price or no price-to-beat at this checkpoint
1790561400,2026-09-28T02:10:00Z,2026-09-28T02:15:00Z,btc-updown-5m-1790561400,https://polymarket.com/event/btc-updown-5m-1790561400,"September 27, 10:10-10:15PM ET",SETTLED,83627.26,2026-09-28T02:10:11.204Z,289,83627.26286238465,180,2026-09-28T02:12:00.172Z,179.8,180,0.1,83677.85,50.59,6.0495,4-8,0.9,0.11,83677.01,0.84,0.89,0.9,0.1,0.11,ui,LEARN,DOWN,"LEARN: exploring entry at 180s left, buying the underdog",Up,Up,yes,order_book_ask,0.11,0.11,0.0069,0.1169,0.0902,-0.0266,6.37,54.4894,254.69,UP,UP,1,83728.11312407281,0,-6.37,-6.37,275.4,2026-09-28T02:17:55Z,0,20,2,1.0.7,
1790561700,2026-09-28T02:15:00Z,2026-09-28T02:20:00Z,btc-updown-5m-1790561700,https://polymarket.com/event/btc-updown-5m-1790561700,"September 27, 10:15-10:20PM ET",SETTLED,83728.61,2026-09-28T02:15:08.941Z,292,83728.60635292689,150,2026-09-28T02:17:30.086Z,149.9,151,1.0,83697.6,-31.01,-3.7036,2-4,0.32,0.69,83697.6,-0.0,0.31,0.32,0.68,0.69,ui,LEARN,DOWN,"LEARN: exploring entry at 150s left, buying the leader",Down,Down,yes,order_book_ask,0.69,0.69,0.015,0.705,0.799,0.0941,7.04,9.9924,281.78,DOWN,DOWN,1,83652.35886260547,1,2.95,2.95,278.36,2026-09-28T02:22:58Z,0,11,2,1.0.7,
1790562000,2026-09-28T02:20:00Z,2026-09-28T02:25:00Z,btc-updown-5m-1790562000,https://polymarket.com/event/btc-updown-5m-1790562000,"September 27, 10:20-10:25PM ET",SETTLED,83627.37,2026-09-28T02:21:34.012Z,207,83627.36961991993,150,2026-09-28T02:22:30.265Z,149.7,150,0.2,83604.61,-22.76,-2.7216,2-4,0.1,0.91,83604.61,-0.0,0.09,0.1,0.9,0.91,ui,LEARN,UP,"LEARN: exploring entry at 75s left, buying the underdog (entered early at 150s: the round was being decided); capped by the size at the best ask",Down,Down,yes,order_book_ask,0.1,0.1,0.0063,0.1063,0.074,-0.0323,2.66,25.0,275.4,DOWN,DOWN,1,,0,-2.66,-2.66,275.7,2026-09-28T02:28:40Z,1,19,2,1.0.7,
1790562300,2026-09-28T02:25:00Z,2026-09-28T02:30:00Z,btc-updown-5m-1790562300,https://polymarket.com/event/btc-updown-5m-1790562300,"September 27, 10:25-10:30PM ET",SETTLED,83605.87,2026-09-28T02:25:26.677Z,274,83605.87074465117,150,2026-09-28T02:27:30.149Z,149.9,150,0.1,83676.49,70.62,8.4468,8+,0.97,0.04,83676.49,-0.0,0.96,0.97,0.03,0.04,ui,LEARN,DOWN,"LEARN: exploring entry at 150s left, buying the underdog; capped by the size at the best ask",Up,Up,yes,order_book_ask,0.04,0.04,0.0027,0.0427,0.061,0.0183,1.09,25.42,278.36,UP,UP,1,83616.09588288039,0,-1.09,-1.09,274.61,2026-09-28T02:33:42Z,0,6,2,1.0.7,
1790562600,2026-09-28T02:30:00Z,2026-09-28T02:35:00Z,btc-updown-5m-1790562600,https://polymarket.com/event/btc-updown-5m-1790562600,"September 27, 10:30-10:35PM ET",SETTLED,83644.49,2026-09-28T02:30:12.192Z,289,83644.48648405686,180,2026-09-28T02:32:00.155Z,179.8,181,1.1,83563.64,-80.85,-9.6659,8+,0.08,0.93,83563.64,-0.0,0.07,0.08,0.92,0.93,ui,LEARN,UP,"LEARN: exploring entry at 150s left, buying the underdog (entered early at 180s: the round was being decided)",Down,Down,yes,order_book_ask,0.08,0.08,0.0052,0.0852,0.1094,0.0242,6.89,80.9438,275.7,DOWN,DOWN,1,83498.84835232,0,-6.89,-6.89,267.71,2026-09-28T02:39:05Z,1,12,2,1.0.7,
1790562900,2026-09-28T02:35:00Z,2026-09-28T02:40:00Z,btc-updown-5m-1790562900,https://polymarket.com/event/btc-updown-5m-1790562900,"September 27, 10:35-10:40PM ET",SETTLED,83494.37,2026-09-28T02:35:14.208Z,286,83494.37328608008,120,2026-09-28T02:38:00.472Z,119.5,122,2.4,83485.76,-8.61,-1.0312,1-2,0.43,0.58,83485.76,-0.0,0.33,0.34,0.66,0.67,ui,LEARN,DOWN,"LEARN: exploring entry at 120s left, buying the leader; capped by the size at the best ask",Down,Down,yes,order_book_ask,0.67,0.58,0.0155,0.6855,0.7544,0.069,6.85,10.0,274.61,DOWN,DOWN,1,,1,3.15,4.62,270.86,2026-09-28T02:43:47Z,2,32,2,1.0.7,
1790563200,2026-09-28T02:40:00Z,2026-09-28T02:45:00Z,btc-updown-5m-1790563200,https://polymarket.com/event/btc-updown-5m-1790563200,"September 27, 10:40-10:45PM ET",SETTLED,83442.79,2026-09-28T02:40:10.535Z,290,83442.79285113899,210,2026-09-28T02:41:31.292Z,208.7,210,1.3,83496.31,53.52,6.414,4-8,0.59,0.42,83497.58,-1.27,0.89,0.9,0.1,0.11,ui,LEARN,UP,"LEARN: exploring entry at 180s left, buying the leader (entered early at 210s: the round was being decided)",Up,Up,yes,order_book_ask,0.9,0.59,0.0063,0.9063,0.8302,-0.0761,6.69,7.3848,267.71,UP,UP,1,83476.12520354701,1,0.69,4.33,271.55,2026-09-28T02:49:50Z,3,936,2,1.0.7,
1790563500,2026-09-28T02:45:00Z,2026-09-28T02:50:00Z,btc-updown-5m-1790563500,https://polymarket.com/event/btc-updown-5m-1790563500,,SETTLED,,,,83488.59281726528,240,2026-09-28T02:46:00.215Z,239.8,,,83492.14,3.55,0.4251,0-0.5,,,83492.14,0.0,0.65,0.66,0.34,0.35,api_fallback(ui_unavailable),LEARN,UP,"LEARN: exploring entry at 240s left, buying the leader",Up,Up,yes,order_book_ask,0.66,,0.0157,0.6757,0.6734,-0.0023,6.77,10.0214,270.86,DOWN,DOWN,1,83421.13484385044,0,-6.77,,264.79,2026-09-28T02:54:53Z,0,,2,1.0.7,page not ready for this round at this checkpoint
1790563800,2026-09-28T02:50:00Z,2026-09-28T02:55:00Z,btc-updown-5m-1790563800,https://polymarket.com/event/btc-updown-5m-1790563800,"September 27, 10:50-10:55PM ET",SETTLED,83411.99,2026-09-28T02:50:21.115Z,290,83411.98928401398,210,2026-09-28T02:51:30.432Z,209.6,210,0.4,83441.17,29.18,3.4983,2-4,0.6,0.41,83441.17,-0.0,0.6,0.61,0.39,0.4,ui,LEARN,UP,"LEARN: exploring entry at 210s left, buying the leader",Up,Up,yes,order_book_ask,0.61,0.6,0.0167,0.6267,0.748,0.1214,6.79,10.8335,271.55,UP,UP,1,83422.83730465132,1,4.04,4.22,268.83,2026-09-28T02:59:15Z,0,31,2,1.0.7,
1790564100,2026-09-28T02:55:00Z,2026-09-28T03:00:00Z,btc-updown-5m-1790564100,https://polymarket.com/event/btc-updown-5m-1790564100,"September 27, 10:55-11PM ET",SETTLED,83429.61,2026-09-28T02:56:55.889Z,200,83429.60840522508,120,2026-09-28T02:58:00.378Z,119.6,123,3.4,83386.95,-42.66,-5.1133,4-8,0.18,0.83,83386.91,0.04,0.1,0.11,0.89,0.9,ui,LEARN,DOWN,"LEARN: exploring entry at 75s left, buying the leader (entered early at 120s: the round was being decided)",Down,Down,yes,order_book_ask,0.9,0.83,0.0063,0.9063,0.9028,-0.0035,6.62,7.304,264.79,DOWN,DOWN,1,83401.89981609838,1,0.68,1.26,269.51,2026-09-28T03:04:59Z,1,35,2,1.0.7,
1790564400,2026-09-28T03:00:00Z,2026-09-28T03:05:00Z,btc-updown-5m-1790564400,https://polymarket.com/event/btc-updown-5m-1790564400,,SETTLED,,,,,240,2026-09-28T03:01:00.189Z,239.8,,,83479.59,92.92,11.1435,8+,,,83479.59,0.0,0.92,0.93,0.07,0.08,api_fallback(ui_unavailable),LEARN,UP,"LEARN: exploring entry at 120s left, buying the leader (entered early at 240s: the round was being decided)",Up,Up,yes,order_book_ask,0.93,,0.0046,0.9346,0.9338,-0.0007,6.72,7.1914,268.83,UP,UP,1,83464.182925589,1,0.47,,269.99,2026-09-28T03:10:20Z,0,,2,1.0.7,page not ready for this round at this checkpoint
1790564700,2026-09-28T03:05:00Z,2026-09-28T03:10:00Z,btc-updown-5m-1790564700,https://polymarket.com/event/btc-updown-5m-1790564700,"September 27, 11:05-11:10PM ET",SETTLED,83454.78,2026-09-28T03:05:04.538Z,298,83454.7846441394,90,2026-09-28T03:08:30.549Z,89.5,92,2.5,83468.9,14.12,1.6919,1-2,0.47,0.54,83468.9,-0.0,0.45,0.46,0.54,0.55,ui,LEARN,UP,"LEARN: exploring entry at 90s left, buying the leader",Up,Down,no,order_book_ask,0.46,0.47,0.0174,0.4774,0.4578,-0.0196,6.74,14.1139,269.51,DOWN,DOWN,1,,0,-6.74,-6.74,263.25,2026-09-28T03:15:22Z,0,6,2,1.0.7,
1790565000,2026-09-28T03:10:00Z,2026-09-28T03:15:00Z,btc-updown-5m-1790565000,https://polymarket.com/event/btc-updown-5m-1790565000,"September 27, 11:10-11:15PM ET",SETTLED,83446.95,2026-09-28T03:10:11.571Z,290,83446.95455431943,240,2026-09-28T03:11:00.280Z,239.7,242,2.2,83460.91,13.96,1.6729,1-2,0.55,0.46,83460.91,0.0,0.53,0.54,0.46,0.47,ui,LEARN,UP,"LEARN: exploring entry at 240s left, buying the leader",Up,Up,yes,order_book_ask,0.54,0.55,0.0174,0.5574,0.6873,0.1299,6.75,12.1094,269.99,DOWN,DOWN,1,,0,-6.75,-6.75,256.5,2026-09-28T03:20:23Z,0,9,2,1.0.7,
1790565300,2026-09-28T03:15:00Z,2026-09-28T03:20:00Z,btc-updown-5m-1790565300,https://polymarket.com/event/btc-updown-5m-1790565300,"September 27, 11:15-11:20PM ET",SETTLED,83424.25,2026-09-28T03:15:11.595Z,290,83424.25240283215,120,2026-09-28T03:18:00.272Z,119.7,122,2.2,83461.42,37.17,4.4555,4-8,0.94,0.07,83461.42,-0.0,0.93,0.94,0.06,0.07,ui,LEARN,UP,"LEARN: exploring entry at 90s left, buying the leader (entered early at 120s: the round was being decided)",Up,Up,yes,order_book_ask,0.94,0.94,0.0039,0.9439,0.9269,-0.0171,6.58,6.972,263.25,UP,UP,1,,1,0.39,0.39,256.88,2026-09-28T03:25:25Z,1,12,2,1.0.7,
1790565600,2026-09-28T03:20:00Z,2026-09-28T03:25:00Z,btc-updown-5m-1790565600,https://polymarket.com/event/btc-updown-5m-1790565600,"September 27, 11:20-11:25PM ET",SETTLED,83463.34,2026-09-28T03:20:08.733Z,294,83463.33771576466,150,2026-09-28T03:22:30.415Z,149.6,152,2.4,83425.28,-38.06,-4.5601,4-8,0.04,0.97,83424.07,1.21,0.04,0.05,0.95,0.96,ui,LEARN,DOWN,"LEARN: exploring entry at 90s left, buying the leader (entered early at 150s: the round was being decided)",Down,Down,yes,order_book_ask,0.96,0.97,0.0027,0.9627,0.9209,-0.0418,6.41,6.6609,256.5,DOWN,DOWN,1,,1,0.25,0.18,257.13,2026-09-28T03:27:27Z,2,120,2,1.0.7,
1790565900,2026-09-28T03:25:00Z,2026-09-28T03:30:00Z,btc-updown-5m-1790565900,https://polymarket.com/event/btc-updown-5m-1790565900,"September 27, 11:25-11:30PM ET",SETTLED,83387.03,2026-09-28T03:25:08.592Z,293,83387.0260646567,180,2026-09-28T03:27:00.550Z,179.4,181,1.5,83355.24,-31.79,-3.8123,2-4,0.12,0.89,83355.24,-0.0,0.11,0.12,0.88,0.89,ui,LEARN,DOWN,"LEARN: exploring entry at 180s left, buying the leader",Down,Down,yes,order_book_ask,0.89,0.89,0.0069,0.8969,0.8543,-0.0425,6.42,7.1607,256.88,DOWN,DOWN,1,83309.10906943741,1,0.74,0.74,257.87,2026-09-28T03:35:08Z,0,41,2,1.0.7,
1790566200,2026-09-28T03:30:00Z,2026-09-28T03:35:00Z,btc-updown-5m-1790566200,https://polymarket.com/event/btc-updown-5m-1790566200,"September 27, 11:30-11:35PM ET",SETTLED,83315.48,2026-09-28T03:30:09.084Z,293,83315.47832581228,240,2026-09-28T03:31:00.326Z,239.7,242,2.3,83283.3,-32.18,-3.8624,2-4,0.31,0.7,83283.3,-0.0,0.29,0.3,0.7,0.71,ui,LEARN,DOWN,"LEARN: exploring entry at 240s left, buying the leader; capped by the size at the best ask",Down,Down,yes,order_book_ask,0.71,0.7,0.0144,0.7244,0.6936,-0.0308,3.62,5.0,257.13,DOWN,DOWN,1,83243.68109621556,1,1.38,1.45,259.26,2026-09-28T03:40:10Z,0,41,2,1.0.7,
1790566500,2026-09-28T03:35:00Z,2026-09-28T03:40:00Z,btc-updown-5m-1790566500,https://polymarket.com/event/btc-updown-5m-1790566500,"September 27, 11:35-11:40PM ET",SETTLED,83237.27,2026-09-28T03:35:09.731Z,293,83237.27318040053,210,2026-09-28T03:36:30.510Z,209.5,212,2.5,83301.17,63.9,7.6768,4-8,0.95,0.06,83301.17,-0.0,0.94,0.95,0.05,0.06,ui,LEARN,UP,"LEARN: exploring entry at 90s left, buying the leader (entered early at 210s: the round was being decided)",Up,Up,yes,order_book_ask,0.95,0.95,0.0033,0.9533,0.847,-0.1063,6.45,6.7624,257.87,UP,UP,1,83432.72029602884,1,0.31,0.32,259.57,2026-09-28T03:45:11Z,0,5,2,1.0.7,
1790566800,2026-09-28T03:40:00Z,2026-09-28T03:45:00Z,btc-updown-5m-1790566800,https://polymarket.com/event/btc-updown-5m-1790566800,"September 27, 11:40-11:45PM ET",SETTLED,83420.84,2026-09-28T03:40:09.229Z,293,83420.83705993558,90,2026-09-28T03:43:30.450Z,89.5,91,1.4,83455.13,34.29,4.1105,4-8,0.97,0.04,83455.13,-0.0,0.96,0.97,0.03,0.04,ui,LEARN,UP,"LEARN: exploring entry at 75s left, buying the leader (entered early at 90s: the round was being decided)",Up,Up,yes,order_book_ask,0.97,0.97,0.002,0.972,0.95,-0.022,6.48,6.6678,259.26,UP,UP,1,83429.02994212386,1,0.19,0.19,259.76,2026-09-28T03:47:53Z,0,21,2,1.0.7,
1790567100,2026-09-28T03:45:00Z,2026-09-28T03:50:00Z,btc-updown-5m-1790567100,https://polymarket.com/event/btc-updown-5m-1790567100,"September 27, 11:45-11:50PM ET",SETTLED,83460.25,2026-09-28T03:45:08.569Z,294,83460.25227447053,180,2026-09-28T03:47:00.474Z,179.5,182,2.4,83418.36,-41.89,-5.0192,4-8,0.15,0.86,83418.36,-0.0,0.14,0.15,0.85,0.86,ui,LEARN,DOWN,"LEARN: exploring entry at 180s left, buying the leader",Down,Down,yes,order_book_ask,0.86,0.86,0.0084,0.8684,0.8755,0.0071,6.49,7.4723,259.57,DOWN,DOWN,1,83387.65918453112,1,0.98,0.98,260.73,2026-09-28T03:52:35Z,0,5,2,1.0.7,
1790567400,2026-09-28T03:50:00Z,2026-09-28T03:55:00Z,btc-updown-5m-1790567400,https://polymarket.com/event/btc-updown-5m-1790567400,"September 27, 11:50-11:55PM ET",SETTLED,83432.19,2026-09-28T03:50:10.683Z,291,83432.18737363732,180,2026-09-28T03:52:00.121Z,179.9,182,2.1,83420.81,-11.38,-1.364,1-2,0.43,0.58,83420.81,-0.0,0.42,0.43,0.57,0.58,ui,LEARN,DOWN,"LEARN: exploring entry at 180s left, buying the leader",Down,Down,yes,order_book_ask,0.58,0.58,0.0171,0.5971,0.6719,0.0748,6.49,10.8766,259.76,DOWN,DOWN,1,,1,4.39,4.38,265.12,2026-09-28T04:00:16Z,0,11,2,1.0.7,
1790567700,2026-09-28T03:55:00Z,2026-09-28T04:00:00Z,btc-updown-5m-1790567700,https://polymarket.com/event/btc-updown-5m-1790567700,"Market Opened: Sep 27, 2026, 12:07 AM ET",SETTLED,83397.78,2026-09-28T03:55:09.908Z,293,83397.77586372163,150,2026-09-28T03:57:30.627Z,149.4,152,2.6,83370.25,-27.53,-3.301,2-4,0.19,0.82,83369.78,0.47,0.07,0.08,0.92,0.93,ui,LEARN,DOWN,"LEARN: exploring entry at 75s left, buying the leader (entered early at 150s: the round was being decided); capped by the size at the best ask",Down,Down,yes,order_book_ask,0.93,0.82,0.0046,0.9346,0.9409,0.0064,4.67,5.0,260.73,DOWN,DOWN,1,83321.48010485675,1,0.33,0.95,265.45,2026-09-28T04:02:59Z,0,342,2,1.0.7,
1790568000,2026-09-28T04:00:00Z,2026-09-28T04:05:00Z,btc-updown-5m-1790568000,https://polymarket.com/event/btc-updown-5m-1790568000,,SETTLED,,,,83318.5643950117,210,2026-09-28T04:01:30.485Z,209.5,,,83242.53,-76.03,-9.1254,8+,,,83242.53,0.0,0.06,0.07,0.93,0.94,api_fallback(ui_unavailable),LEARN,UP,"LEARN: exploring entry at 180s left, buying the underdog (entered early at 210s: the round was being decided)",Down,Down,yes,order_book_ask,0.07,,0.0046,0.0746,0.0656,-0.009,6.63,88.8975,265.12,DOWN,DOWN,1,83231.37675354263,0,-6.63,,258.82,2026-09-28T04:09:03Z,0,,2,1.0.7,page not ready for this round at this checkpoint
1790568300,2026-09-28T04:05:00Z,2026-09-28T04:10:00Z,btc-updown-5m-1790568300,https://polymarket.com/event/btc-updown-5m-1790568300,"September 28, 12:05-12:10AM ET",SETTLED,83243.46,2026-09-28T04:05:08.103Z,,83243.46413410018,180,2026-09-28T04:07:00.540Z,179.5,180,0.5,83290.81,47.35,5.6881,4-8,0.95,0.06,83290.81,0.0,0.94,0.95,0.05,0.06,ui,LEARN,UP,"LEARN: exploring entry at 150s left, buying the leader (entered early at 180s: the round was being decided)",Up,Up,yes,order_book_ask,0.95,0.95,0.0033,0.9533,0.9298,-0.0235,6.64,6.9611,265.45,UP,UP,1,,1,0.32,0.33,259.14,2026-09-28T04:15:04Z,0,49,2,1.0.7,
1790568600,2026-09-28T04:10:00Z,2026-09-28T04:15:00Z,btc-updown-5m-1790568600,https://polymarket.com/event/btc-updown-5m-1790568600,"September 28, 12:10-12:15AM ET",SETTLED,83308.8,2026-09-28T04:10:03.581Z,297,83308.79648942953,240,2026-09-28T04:11:00.312Z,239.7,240,0.3,83324.59,15.79,1.8954,1-2,0.77,0.24,83324.59,0.0,0.76,0.77,0.23,0.24,ui,LEARN,UP,"LEARN: exploring entry at 240s left, buying the leader",Up,Up,yes,order_book_ask,0.77,0.77,0.0124,0.7824,0.8104,0.028,6.47,8.2702,258.82,UP,UP,1,83409.68642686085,1,1.8,1.8,260.95,2026-09-28T04:17:47Z,1,8,2,1.0.7,
1790568900,2026-09-28T04:15:00Z,2026-09-28T04:20:00Z,btc-updown-5m-1790568900,https://polymarket.com/event/btc-updown-5m-1790568900,"September 28, 12:15-12:20AM ET",SETTLED,83404.11,2026-09-28T04:15:09.035Z,292,83404.1121006881,210,2026-09-28T04:16:30.204Z,209.8,211,1.2,83390.58,-13.53,-1.6222,1-2,0.34,0.67,83390.58,-0.0,0.33,0.34,0.66,0.67,ui,LEARN,UP,"LEARN: exploring entry at 210s left, buying the underdog",Down,Down,yes,order_book_ask,0.34,0.34,0.0157,0.3557,0.2866,-0.0691,6.48,18.2132,259.14,UP,UP,1,83475.62232511249,1,11.73,11.74,272.68,2026-09-28T04:22:49Z,0,19,2,1.0.7,
1790569200,2026-09-28T04:20:00Z,2026-09-28T04:25:00Z,btc-updown-5m-1790569200,https://polymarket.com/event/btc-updown-5m-1790569200,"September 28, 12:20-12:25AM ET",SETTLED,83476.2,2026-09-28T04:20:11.441Z,289,83476.19823893414,120,2026-09-28T04:23:00.117Z,119.9,121,1.1,83450.0,-26.2,-3.1386,2-4,0.42,0.59,83450.0,-0.0,0.41,0.42,0.58,0.59,ui,LEARN,DOWN,"LEARN: exploring entry at 120s left, buying the leader",Down,Down,yes,order_book_ask,0.59,0.59,0.0169,0.6069,0.7467,0.1398,6.82,11.2318,272.68,UP,UP,1,83475.04307578267,0,-6.82,-6.82,265.86,2026-09-28T04:28:53Z,0,113,2,1.0.7,
1790569500,2026-09-28T04:25:00Z,2026-09-28T04:30:00Z,btc-updown-5m-1790569500,https://polymarket.com/event/btc-updown-5m-1790569500,"September 28, 12:25-12:30AM ET",SETTLED,83478.77,2026-09-28T04:25:08.564Z,292,83478.76987755031,120,2026-09-28T04:28:00.161Z,119.8,120,0.1,83458.15,-20.62,-2.4701,2-4,0.19,0.82,83458.04,0.11,0.18,0.19,0.81,0.82,ui,LEARN,DOWN,"LEARN: exploring entry at 120s left, buying the leader",Down,Down,yes,order_book_ask,0.82,0.82,0.0103,0.8303,0.8598,0.0295,6.82,8.21,272.68,DOWN,DOWN,1,83458.2902436467,1,1.39,1.39,267.26,2026-09-28T04:34:55Z,0,13,2,1.0.7,
1790569800,2026-09-28T04:30:00Z,2026-09-28T04:35:00Z,btc-updown-5m-1790569800,https://polymarket.com/event/btc-updown-5m-1790569800,"September 28, 12:30-12:35AM ET",SETTLED,83463.33,2026-09-28T04:30:08.546Z,292,83463.33419633607,150,2026-09-28T04:32:30.483Z,149.5,150,0.4,83438.64,-24.69,-2.9582,2-4,0.22,0.79,83438.64,-0.0,0.21,0.22,0.78,0.79,ui,LEARN,DOWN,"LEARN: exploring entry at 150s left, buying the leader",Down,Down,yes,order_book_ask,0.79,0.79,0.0116,0.8016,0.8716,0.0699,6.65,8.2915,265.86,DOWN,DOWN,1,83427.60879520504,1,1.64,1.65,268.9,2026-09-28T04:39:58Z,1,7,2,1.0.7,
1790570100,2026-09-28T04:35:00Z,2026-09-28T04:40:00Z,btc-updown-5m-1790570100,https://polymarket.com/event/btc-updown-5m-1790570100,"September 28, 12:35-12:40AM ET",SETTLED,83419.88,2026-09-28T04:35:12.260Z,288,83419.88340628243,90,2026-09-28T04:38:30.492Z,89.5,90,0.5,83427.98,8.1,0.971,0.5-1,0.85,0.16,83427.98,0.0,0.83,0.84,0.16,0.17,ui,LEARN,UP,"LEARN: exploring entry at 90s left, buying the leader",Up,Up,yes,order_book_ask,0.84,0.85,0.0094,0.8494,0.825,-0.0244,6.68,7.866,267.26,UP,UP,1,83445.71929673005,1,1.19,1.1,270.08,2026-09-28T04:45:19Z,0,55,2,1.0.7,
1790570400,2026-09-28T04:40:00Z,2026-09-28T04:45:00Z,btc-updown-5m-1790570400,https://polymarket.com/event/btc-updown-5m-1790570400,"September 28, 12:40-12:45AM ET",SETTLED,83454.26,2026-09-28T04:40:09.099Z,292,83454.26096001606,150,2026-09-28T04:42:30.120Z,149.9,151,1.1,83449.26,-5.0,-0.5991,0.5-1,0.94,0.07,83449.26,-0.0,0.93,0.94,0.06,0.07,ui,LEARN,DOWN,"LEARN: exploring entry at 150s left, buying the leader",Down,Up,no,order_book_ask,0.07,0.07,0.0046,0.0746,0.0629,-0.0117,6.72,90.1652,268.9,UP,UP,1,83477.8326208767,0,-6.72,-6.72,263.36,2026-09-28T04:49:22Z,0,70,2,1.0.7,
1790570700,2026-09-28T04:45:00Z,2026-09-28T04:50:00Z,btc-updown-5m-1790570700,https://polymarket.com/event/btc-updown-5m-1790570700,"September 28, 12:45-12:50AM ET",SETTLED,83477.64,2026-09-28T04:45:08.603Z,292,83477.63871321136,150,2026-09-28T04:47:30.143Z,149.9,150,0.1,83454.77,-22.87,-2.7397,2-4,0.09,0.92,83454.77,0.0,0.08,0.09,0.91,0.92,ui,LEARN,DOWN,"LEARN: exploring entry at 150s left, buying the leader",Down,Down,yes,order_book_ask,0.92,0.92,0.0052,0.9252,0.9398,0.0147,6.75,7.2983,270.08,DOWN,DOWN,1,83417.81800647835,1,0.55,0.55,263.9,2026-09-28T04:55:23Z,0,5,2,1.0.7,
1790571000,2026-09-28T04:50:00Z,2026-09-28T04:55:00Z,btc-updown-5m-1790571000,https://polymarket.com/event/btc-updown-5m-1790571000,"September 28, 12:50-12:55AM ET",SETTLED,83415.71,2026-09-28T04:50:08.559Z,292,83415.70758625207,180,2026-09-28T04:52:00.454Z,179.5,180,0.4,83455.97,40.26,4.8264,4-8,0.91,0.1,83455.97,0.0,0.9,0.91,0.09,0.1,ui,LEARN,DOWN,"LEARN: exploring entry at 90s left, buying the underdog (entered early at 180s: the round was being decided)",Up,Up,yes,order_book_ask,0.1,0.1,0.0063,0.1063,0.0898,-0.0165,6.58,61.9378,263.36,UP,UP,1,,0,-6.58,-6.58,257.33,2026-09-28T05:00:25Z,1,6,2,1.0.7,
1790571300,2026-09-28T04:55:00Z,2026-09-28T05:00:00Z,btc-updown-5m-1790571300,https://polymarket.com/event/btc-updown-5m-1790571300,"September 28, 12:55-1AM ET",SETTLED,83470.36,2026-09-28T04:55:08.619Z,292,83470.35607636864,150,2026-09-28T04:57:30.178Z,149.8,150,0.1,83443.47,-26.89,-3.2215,2-4,0.3,0.71,83443.47,0.0,0.29,0.3,0.7,0.71,ui,LEARN,UP,"LEARN: exploring entry at 150s left, buying the underdog",Down,Down,yes,order_book_ask,0.3,0.3,0.0147,0.3147,0.1642,-0.1505,6.6,20.9647,263.9,UP,UP,1,,1,14.36,14.37,271.69,2026-09-28T05:05:07Z,0,11,2,1.0.7,
1790571600,2026-09-28T05:00:00Z,2026-09-28T05:05:00Z,btc-updown-5m-1790571600,https://polymarket.com/event/btc-updown-5m-1790571600,"September 28, 1-1:05AM ET",SETTLED,83484.56,2026-09-28T05:00:08.699Z,292,83484.56167844783,210,2026-09-28T05:01:30.152Z,209.8,211,1.1,83501.91,17.35,2.0782,2-4,0.58,0.43,83501.91,0.0,0.57,0.58,0.42,0.43,ui,LEARN,UP,"LEARN: exploring entry at 210s left, buying the leader",Up,Up,yes,order_book_ask,0.58,0.58,0.0171,0.5971,0.7284,0.1314,6.43,10.7749,257.33,DOWN,DOWN,1,83362.74637135473,0,-6.43,-6.43,265.26,2026-09-28T05:10:08Z,1,38,2,1.0.7,
1790571900,2026-09-28T05:05:00Z,2026-09-28T05:10:00Z,btc-updown-5m-1790571900,https://polymarket.com/event/btc-updown-5m-1790571900,"September 28, 1:05-1:10AM ET",SETTLED,83368.79,2026-09-28T05:06:24.214Z,238,83368.78505615324,150,2026-09-28T05:07:30.513Z,149.5,150,0.5,83380.49,11.7,1.4034,1-2,0.37,0.64,83380.49,-0.0,0.31,0.32,0.68,0.69,ui,LEARN,UP,"LEARN: exploring entry at 150s left, buying the leader",Up,Down,no,order_book_ask,0.32,0.37,0.0152,0.3352,0.2953,-0.0399,6.79,20.2612,271.69,DOWN,UP,0,83338.28365604329,0,-6.79,-6.79,258.47,2026-09-28T05:12:11Z,0,120,2,1.0.7,
1790572200,2026-09-28T05:10:00Z,2026-09-28T05:15:00Z,btc-updown-5m-1790572200,https://polymarket.com/event/btc-updown-5m-1790572200,"September 28, 1:10-1:15AM ET",SETTLED,83340.02,2026-09-28T05:11:36.072Z,220,83340.0193365376,150,2026-09-28T05:12:30.193Z,149.8,151,1.2,83328.72,-11.3,-1.3559,1-2,0.28,0.73,83328.49,0.23,0.25,0.26,0.74,0.75,ui,LEARN,DOWN,"LEARN: exploring entry at 150s left, buying the leader",Down,Down,yes,order_book_ask,0.75,0.73,0.0131,0.7631,0.8098,0.0467,6.46,8.4673,258.47,DOWN,DOWN,1,83310.10999019993,1,2.01,2.23,260.47,2026-09-28T05:20:12Z,2,74,2,1.0.7,
1790572500,2026-09-28T05:15:00Z,2026-09-28T05:20:00Z,btc-updown-5m-1790572500,https://polymarket.com/event/btc-updown-5m-1790572500,"September 28, 1:15-1:20AM ET",SETTLED,83275.19,2026-09-28T05:17:47.487Z,134,83275.18914023218,90,2026-09-28T05:18:30.167Z,89.8,91,1.2,83209.3,-65.89,-7.9123,4-8,0.11,0.9,83209.3,-0.0,0.1,0.11,0.89,0.9,ui,LEARN,DOWN,"LEARN: exploring entry at 90s left, buying the leader",Down,Down,yes,order_book_ask,0.9,0.9,0.0063,0.9063,0.9231,0.0168,6.46,7.1296,258.46,DOWN,DOWN,1,83223.9494236352,1,0.67,0.67,261.14,2026-09-28T05:25:14Z,2,46,2,1.0.7,
1790572800,2026-09-28T05:20:00Z,2026-09-28T05:25:00Z,btc-updown-5m-1790572800,https://polymarket.com/event/btc-updown-5m-1790572800,"September 28, 1:20-1:25AM ET",SETTLED,83224.12,2026-09-28T05:20:12.794Z,288,83224.11883151178,120,2026-09-28T05:23:00.399Z,119.6,121,1.4,83209.08,-15.04,-1.8072,1-2,0.08,0.93,83209.08,-0.0,0.07,0.08,0.92,0.93,ui,LEARN,UP,"LEARN: exploring entry at 120s left, buying the underdog",Down,Down,yes,order_book_ask,0.08,0.08,0.0052,0.0852,0.0677,-0.0174,6.51,76.472,260.47,DOWN,DOWN,1,83042.11118163967,0,-6.51,-6.51,254.63,2026-09-28T05:28:16Z,0,6,1,1.0.8,
1790573100,2026-09-28T05:25:00Z,2026-09-28T05:30:00Z,btc-updown-5m-1790573100,https://polymarket.com/event/btc-updown-5m-1790573100,"September 28, 1:25-1:30AM ET",SETTLED,83066.63,2026-09-28T05:25:03.637Z,297,83066.6275553226,120,2026-09-28T05:28:00.292Z,119.7,120,0.3,83081.13,14.5,1.7456,1-2,0.74,0.27,83081.13,-0.0,0.73,0.74,0.26,0.27,ui,LEARN,UP,"LEARN: exploring entry at 120s left, buying the leader",Up,Up,yes,order_book_ask,0.74,0.74,0.0135,0.7535,0.8135,0.0601,6.53,8.6645,261.14,UP,UP,1,83053.73071127973,1,2.13,2.14,256.77,2026-09-28T05:32:39Z,0,32,1,1.0.8,
1790573400,2026-09-28T05:30:00Z,2026-09-28T05:35:00Z,btc-updown-5m-1790573400,https://polymarket.com/event/btc-updown-5m-1790573400,"September 28, 1:30-1:35AM ET",SETTLED,83071.84,2026-09-28T05:30:08.753Z,293,83071.83862535434,240,2026-09-28T05:31:00.484Z,239.5,241,1.5,83038.07,-33.77,-4.0652,4-8,0.34,0.67,83038.28,-0.21,0.33,0.34,0.66,0.67,ui,LEARN,DOWN,"LEARN: exploring entry at 240s left, buying the leader",Down,Down,yes,order_book_ask,0.67,0.67,0.0155,0.6855,0.7767,0.0912,6.37,9.2866,254.63,DOWN,DOWN,1,82903.9199063201,1,2.92,2.92,259.69,2026-09-28T05:37:42Z,1,22,1,1.0.8,
1790573700,2026-09-28T05:35:00Z,2026-09-28T05:40:00Z,btc-updown-5m-1790573700,https://polymarket.com/event/btc-updown-5m-1790573700,"September 28, 1:35-1:40AM ET",OPEN,82916.7,2026-09-28T05:35:09.208Z,292,82916.7006136803,150,2026-09-28T05:37:30.099Z,149.9,151,1.0,82892.01,-24.69,-2.9777,2-4,0.35,0.66,82892.01,0.0,0.32,0.33,0.67,0.68,ui,ADAPT,DOWN,"ADAPT: cell (150s left, gap 2-4 bps, 31 rounds seen) shows +11.2c edge buying the leader; half-Kelly stake",Down,Down,yes,order_book_ask,0.68,0.66,0.0152,0.6952,0.8074,0.1121,15.41,22.1596,256.77,,,,,,,,,,0,7,1,1.0.8,
