ts,reason,active_quotes
1790426400,BAND_EXIT mid=0.68 5m,2
1790426735,BAND_EXIT mid=0.68 5m,4
1790427022,BAND_EXIT mid=0.60 5m,2
1790428262,SPOT_MOVE 7.9bps/10s,0
1790428263,SPOT_MOVE 8.1bps/10s,0
1790428264,SPOT_MOVE 8.2bps/10s,0
1790428265,SPOT_MOVE 8.3bps/10s,0
1790428266,SPOT_MOVE 8.8bps/10s,0
1790428267,SPOT_MOVE 8.9bps/10s,0
1790428268,SPOT_MOVE 8.9bps/10s,0
1790428269,SPOT_MOVE 9.0bps/10s,0
1790428270,SPOT_MOVE 8.9bps/10s,0
1790428270,SPOT_MOVE 8.9bps/10s,0
1790428564,BAND_EXIT mid=0.38 15m,4
1790428800,BAND_EXIT mid=0.64 5m,2
1790429486,BAND_EXIT mid=0.39 5m,4
1790429686,BAND_EXIT mid=0.60 5m,2
1790429984,BAND_EXIT mid=0.60 5m,2
1790430300,BAND_EXIT mid=0.60 5m,4
1790430595,BAND_EXIT mid=0.39 5m,2
1790430877,BAND_EXIT mid=0.64 5m,2
1790431208,BAND_EXIT mid=0.33 5m,4
1790431475,BAND_EXIT mid=0.61 5m,2
1790432102,BAND_EXIT mid=0.62 5m,4
1790432446,BAND_EXIT mid=0.39 5m,2
1790436901,BAND_EXIT mid=0.40 5m,2
1790455461,IMB_EXTREME 0.13,0
1790455499,BAND_EXIT mid=0.64 5m,4
1790455553,IMB_EXTREME 0.13,0
1790458207,SPOT_MOVE 6.2bps/10s,0
1790460368,SPOT_MOVE 9.0bps/10s,0
1790460369,SPOT_MOVE 11.2bps/10s,0
1790460370,SPOT_MOVE 13.2bps/10s,0
1790460371,SPOT_MOVE 14.8bps/10s,0
1790460372,SPOT_MOVE 12.4bps/10s,0
1790460373,SPOT_MOVE 11.5bps/10s,0
1790460374,SPOT_MOVE 10.6bps/10s,0
1790460375,SPOT_MOVE 10.3bps/10s,0
1790460376,SPOT_MOVE 6.2bps/10s,0
1790460377,SPOT_MOVE 6.2bps/10s,0
1790460394,SPOT_MOVE 6.1bps/10s,0
1790460600,BAND_EXIT mid=0.64 5m,2
1790461686,SPOT_MOVE 6.3bps/10s,0
1790461687,SPOT_MOVE 6.5bps/10s,0
1790461688,SPOT_MOVE 6.7bps/10s,0
1790461689,SPOT_MOVE 6.6bps/10s,0
1790461690,SPOT_MOVE 6.6bps/10s,0
1790463606,BAND_EXIT mid=0.60 5m,4
1790463926,BAND_EXIT mid=0.29 5m,2
1790464284,BAND_EXIT mid=0.83 5m,2
1790464502,BAND_EXIT mid=0.69 5m,4
1790487424,SPOT_MOVE 6.2bps/10s,0
1790487424,SPOT_MOVE 6.3bps/10s,0
1790487426,SPOT_MOVE 7.7bps/10s,0
1790487426,SPOT_MOVE 7.8bps/10s,0
1790487428,SPOT_MOVE 7.2bps/10s,0
1790487428,SPOT_MOVE 9.5bps/10s,0
1790487430,SPOT_MOVE 7.6bps/10s,0
1790487431,SPOT_MOVE 6.8bps/10s,0
1790500348,SPOT_MOVE 6.0bps/10s,0
1790500349,SPOT_MOVE 6.1bps/10s,0
1790500350,SPOT_MOVE 6.4bps/10s,0
1790500351,SPOT_MOVE 6.4bps/10s,0
1790500352,SPOT_MOVE 6.4bps/10s,0
1790500353,SPOT_MOVE 6.4bps/10s,0
1790504112,SPOT_MOVE 6.5bps/10s,0
1790504113,SPOT_MOVE 6.6bps/10s,0
1790504114,SPOT_MOVE 6.7bps/10s,0
1790504115,SPOT_MOVE 6.3bps/10s,0
1790504116,SPOT_MOVE 6.3bps/10s,0
1790504117,SPOT_MOVE 6.3bps/10s,0
1790504118,SPOT_MOVE 6.3bps/10s,0
1790504141,SPOT_MOVE 6.7bps/10s,0
1790504142,SPOT_MOVE 6.8bps/10s,0
1790515926,SPOT_MOVE 6.0bps/10s,0
1790516427,BAND_EXIT mid=0.36 5m,2
1790516703,BAND_EXIT mid=0.29 5m,4
1790517021,BAND_EXIT mid=0.60 5m,2
1790517326,BAND_EXIT mid=0.64 5m,2
1790517531,SPOT_MOVE 6.2bps/10s,0
1790517532,SPOT_MOVE 7.6bps/10s,0
1790517532,SPOT_MOVE 7.6bps/10s,0
1790517534,SPOT_MOVE 7.7bps/10s,0
1790517535,SPOT_MOVE 7.8bps/10s,0
1790517536,SPOT_MOVE 7.9bps/10s,0
1790517537,SPOT_MOVE 7.9bps/10s,0
1790517644,BAND_EXIT mid=0.61 5m,4
1790517965,BAND_EXIT mid=0.68 5m,2
1790518194,BAND_EXIT mid=0.64 5m,2
1790518539,BAND_EXIT mid=0.61 5m,4
1790518785,BAND_EXIT mid=0.38 5m,2
1790519079,BAND_EXIT mid=0.61 5m,2
1790519425,BAND_EXIT mid=0.64 5m,4
1790519711,BAND_EXIT mid=0.39 5m,2
1790520046,BAND_EXIT mid=0.60 5m,2
1790520299,BAND_EXIT mid=0.37 5m,4
1790520392,SPOT_MOVE 6.1bps/10s,0
1790520500,SPOT_MOVE 6.2bps/10s,0
1790520501,SPOT_MOVE 6.3bps/10s,0
1790520503,SPOT_MOVE 6.6bps/10s,0
1790520505,SPOT_MOVE 6.7bps/10s,0
1790520505,SPOT_MOVE 6.9bps/10s,0
1790520507,SPOT_MOVE 7.6bps/10s,0
1790520507,SPOT_MOVE 8.8bps/10s,0
1790520509,SPOT_MOVE 9.5bps/10s,0
1790520509,SPOT_MOVE 9.8bps/10s,0
1790520510,SPOT_MOVE 9.2bps/10s,0
1790520512,SPOT_MOVE 10.1bps/10s,0
1790520513,SPOT_MOVE 10.5bps/10s,0
1790520513,SPOT_MOVE 9.5bps/10s,0
1790520514,SPOT_MOVE 9.3bps/10s,0
1790520515,SPOT_MOVE 11.2bps/10s,0
1790520517,SPOT_MOVE 12.5bps/10s,0
1790520519,SPOT_MOVE 12.6bps/10s,0
1790520519,SPOT_MOVE 12.5bps/10s,0
1790520530,SPOT_MOVE 6.4bps/10s,0
1790520531,SPOT_MOVE 6.9bps/10s,0
1790520533,SPOT_MOVE 8.4bps/10s,0
1790520533,SPOT_MOVE 8.3bps/10s,0
1790520534,SPOT_MOVE 8.4bps/10s,0
1790520534,SPOT_MOVE 7.0bps/10s,0
1790520536,SPOT_MOVE 6.2bps/10s,0
1790520598,SPOT_MOVE 6.3bps/10s,2
1790520599,SPOT_MOVE 6.0bps/10s,0
1790520704,SPOT_MOVE 6.2bps/10s,0
1790520704,SPOT_MOVE 6.4bps/10s,0
1790520705,SPOT_MOVE 6.6bps/10s,0
1790520706,SPOT_MOVE 6.4bps/10s,0
1790520881,BAND_EXIT mid=0.38 5m,2
1790521197,BAND_EXIT mid=0.39 5m,4
1790521355,SPOT_MOVE 6.8bps/10s,0
1790521355,SPOT_MOVE 6.8bps/10s,0
1790521470,SPOT_MOVE 7.2bps/10s,0
1790521470,SPOT_MOVE 7.1bps/10s,0
1790521470,SPOT_MOVE 7.1bps/10s,0
1790521472,SPOT_MOVE 6.7bps/10s,2
1790521472,SPOT_MOVE 6.6bps/10s,0
1790521473,SPOT_MOVE 6.7bps/10s,0
1790521473,SPOT_MOVE 6.7bps/10s,0
1790521474,SPOT_MOVE 6.1bps/10s,0
1790521475,SPOT_MOVE 6.3bps/10s,0
1790521475,SPOT_MOVE 7.5bps/10s,0
1790521475,SPOT_MOVE 8.6bps/10s,0
1790521475,SPOT_MOVE 8.2bps/10s,0
1790521475,SPOT_MOVE 8.3bps/10s,0
1790521475,SPOT_MOVE 10.3bps/10s,0
1790521476,SPOT_MOVE 10.4bps/10s,0
1790521476,SPOT_MOVE 10.6bps/10s,0
1790521476,SPOT_MOVE 10.7bps/10s,0
1790521476,SPOT_MOVE 10.5bps/10s,0
1790521478,SPOT_MOVE 7.0bps/10s,0
1790521478,SPOT_MOVE 6.9bps/10s,0
1790521478,SPOT_MOVE 6.0bps/10s,0
1790521486,SPOT_MOVE 6.1bps/10s,0
1790521486,SPOT_MOVE 6.0bps/10s,0
1790521487,SPOT_MOVE 6.1bps/10s,0
1790521487,SPOT_MOVE 6.0bps/10s,0
1790521497,SPOT_MOVE 7.8bps/10s,0
1790521542,SPOT_MOVE 6.9bps/10s,0
1790521543,SPOT_MOVE 8.2bps/10s,0
1790521544,SPOT_MOVE 8.0bps/10s,0
1790521545,SPOT_MOVE 8.3bps/10s,0
1790521546,SPOT_MOVE 7.8bps/10s,0
1790521547,SPOT_MOVE 7.8bps/10s,0
1790521548,SPOT_MOVE 8.4bps/10s,0
1790521549,SPOT_MOVE 9.7bps/10s,0
1790521550,SPOT_MOVE 8.5bps/10s,0
1790521559,SPOT_MOVE 7.0bps/10s,0
1790521559,SPOT_MOVE 7.4bps/10s,0
1790521559,SPOT_MOVE 6.2bps/10s,0
1790521560,SPOT_MOVE 6.2bps/10s,0
1790521635,SPOT_MOVE 6.4bps/10s,0
1790521635,SPOT_MOVE 6.4bps/10s,0
1790521636,SPOT_MOVE 6.4bps/10s,0
1790521845,BAND_EXIT mid=0.66 5m,2
1790522134,BAND_EXIT mid=0.61 15m,2
1790522422,BAND_EXIT mid=0.62 5m,2
1790522507,SPOT_MOVE 6.6bps/10s,0
1790522679,BAND_EXIT mid=0.38 5m,2
1790522817,SPOT_MOVE 6.1bps/10s,0
1790522873,SPOT_MOVE 7.5bps/10s,0
1790522874,SPOT_MOVE 7.9bps/10s,0
1790522990,BAND_EXIT mid=0.61 5m,4
1790523078,SPOT_MOVE 6.2bps/10s,0
1790523079,SPOT_MOVE 6.6bps/10s,0
1790523296,BAND_EXIT mid=0.39 5m,2
1790523621,BAND_EXIT mid=0.40 5m,2
1790523877,BAND_EXIT mid=0.39 5m,4
1790524277,BAND_EXIT mid=0.64 5m,2
1790524478,BAND_EXIT mid=0.36 5m,2
1790524834,BAND_EXIT mid=0.60 15m,4
1790525090,BAND_EXIT mid=0.64 5m,2
1790525375,BAND_EXIT mid=0.62 5m,2
1790535638,SPOT_MOVE 6.1bps/10s,0
1790537836,SPOT_MOVE 6.1bps/10s,0
1790537837,SPOT_MOVE 6.2bps/10s,0
1790537839,SPOT_MOVE 6.0bps/10s,0
1790537840,SPOT_MOVE 6.2bps/10s,0
1790537841,SPOT_MOVE 6.2bps/10s,0
1790537842,SPOT_MOVE 6.2bps/10s,0
1790537843,SPOT_MOVE 6.2bps/10s,0
1790543002,SPOT_MOVE 6.1bps/10s,0
1790546446,SPOT_MOVE 7.1bps/10s,0
1790546449,SPOT_MOVE 7.0bps/10s,0
1790546450,SPOT_MOVE 7.3bps/10s,0
1790546451,SPOT_MOVE 7.4bps/10s,0
1790546452,SPOT_MOVE 7.4bps/10s,0
1790546454,SPOT_MOVE 8.5bps/10s,0
1790546454,SPOT_MOVE 8.8bps/10s,0
1790546455,SPOT_MOVE 8.2bps/10s,0
1790546498,SPOT_MOVE 6.4bps/10s,0
1790546499,SPOT_MOVE 8.1bps/10s,0
1790546500,SPOT_MOVE 8.1bps/10s,0
1790546501,SPOT_MOVE 8.8bps/10s,0
1790546502,SPOT_MOVE 9.7bps/10s,0
1790546503,SPOT_MOVE 7.0bps/10s,0
1790546504,SPOT_MOVE 7.0bps/10s,0
1790546505,SPOT_MOVE 6.9bps/10s,0
1790546531,SPOT_MOVE 6.1bps/10s,0
1790546532,SPOT_MOVE 6.1bps/10s,0
1790546562,SPOT_MOVE 6.2bps/10s,0
1790546573,SPOT_MOVE 6.9bps/10s,0
1790546574,SPOT_MOVE 7.0bps/10s,0
1790546575,SPOT_MOVE 7.9bps/10s,0
1790546591,SPOT_MOVE 6.5bps/10s,0
1790546609,SPOT_MOVE 6.3bps/10s,0
1790546609,SPOT_MOVE 6.5bps/10s,0
1790546612,SPOT_MOVE 6.3bps/10s,0
1790546612,SPOT_MOVE 7.0bps/10s,0
1790546616,SPOT_MOVE 6.8bps/10s,0
1790547005,BAND_EXIT mid=0.60 5m,2
1790547241,LIQ cascade SELL/longs $7.45M/10s,0
1790547245,LIQ cascade SELL/longs $7.45M/10s,0
1790547323,BAND_EXIT mid=0.39 5m,4
1790547652,BAND_EXIT mid=0.66 5m,2
1790547907,BAND_EXIT mid=0.65 5m,2
1790548195,BAND_EXIT mid=0.38 5m,4
1790548262,SPOT_MOVE 6.1bps/10s,0
1790548263,SPOT_MOVE 6.3bps/10s,0
1790548264,SPOT_MOVE 6.6bps/10s,0
1790548266,SPOT_MOVE 7.2bps/10s,0
1790548479,BAND_EXIT mid=0.39 5m,2
1790548534,SPOT_MOVE 8.5bps/10s,0
1790548534,SPOT_MOVE 9.0bps/10s,0
1790548535,SPOT_MOVE 9.1bps/10s,0
1790548536,SPOT_MOVE 8.8bps/10s,0
1790548537,SPOT_MOVE 10.0bps/10s,0
1790548538,SPOT_MOVE 10.7bps/10s,0
1790548539,SPOT_MOVE 11.3bps/10s,0
1790548540,SPOT_MOVE 11.5bps/10s,0
1790548541,SPOT_MOVE 11.6bps/10s,0
1790548804,BAND_EXIT mid=0.40 5m,2
1790549102,BAND_EXIT mid=0.36 5m,4
1790549418,BAND_EXIT mid=0.60 5m,2
1790549731,BAND_EXIT mid=0.62 5m,2
1790549978,BAND_EXIT mid=0.38 5m,4
1790550018,SPOT_MOVE 7.0bps/10s,0
1790550019,SPOT_MOVE 7.8bps/10s,0
1790550019,SPOT_MOVE 8.0bps/10s,0
1790550021,SPOT_MOVE 7.6bps/10s,0
1790550022,SPOT_MOVE 7.5bps/10s,0
1790550023,SPOT_MOVE 7.1bps/10s,0
1790550024,SPOT_MOVE 6.0bps/10s,0
1790550303,BAND_EXIT mid=0.60 5m,2
1790550612,BAND_EXIT mid=0.38 5m,2
1790550896,BAND_EXIT mid=0.39 5m,4
1790551195,BAND_EXIT mid=0.61 5m,2
1790551827,BAND_EXIT mid=0.61 5m,4
1790552101,BAND_EXIT mid=0.60 5m,2
1790552131,SPOT_MOVE 6.8bps/10s,0
1790552132,SPOT_MOVE 6.6bps/10s,0
1790552133,SPOT_MOVE 6.6bps/10s,0
1790552134,SPOT_MOVE 6.6bps/10s,0
1790552135,SPOT_MOVE 6.6bps/10s,0
1790552135,SPOT_MOVE 6.6bps/10s,0
1790552137,SPOT_MOVE 6.1bps/10s,0
1790552138,SPOT_MOVE 6.0bps/10s,0
1790552869,SPOT_MOVE 6.1bps/10s,0
1790552871,SPOT_MOVE 6.3bps/10s,0
1790552871,SPOT_MOVE 6.2bps/10s,0
1790552872,SPOT_MOVE 6.3bps/10s,0
1790552873,SPOT_MOVE 6.4bps/10s,0
1790552874,SPOT_MOVE 6.5bps/10s,0
1790552875,SPOT_MOVE 6.4bps/10s,0
1790552876,SPOT_MOVE 6.4bps/10s,0
1790553492,SPOT_MOVE 6.3bps/10s,0
1790553493,SPOT_MOVE 7.7bps/10s,0
1790553494,SPOT_MOVE 7.8bps/10s,0
1790553495,SPOT_MOVE 7.2bps/10s,0
1790553496,SPOT_MOVE 7.2bps/10s,0
1790553497,SPOT_MOVE 7.3bps/10s,0
1790553498,SPOT_MOVE 7.2bps/10s,0
1790553499,SPOT_MOVE 7.3bps/10s,0
1790553500,SPOT_MOVE 7.1bps/10s,0
1790553501,SPOT_MOVE 7.3bps/10s,0
1790554782,SPOT_MOVE 7.3bps/10s,0
1790554783,SPOT_MOVE 7.6bps/10s,0
1790554783,SPOT_MOVE 7.5bps/10s,0
1790554785,SPOT_MOVE 7.5bps/10s,0
1790554786,SPOT_MOVE 6.6bps/10s,0
1790554797,SPOT_MOVE 6.3bps/10s,0
1790554798,SPOT_MOVE 6.5bps/10s,0
1790554842,SPOT_MOVE 6.2bps/10s,0
1790554844,SPOT_MOVE 6.8bps/10s,0
1790554863,SPOT_MOVE 7.5bps/10s,0
1790554864,SPOT_MOVE 9.8bps/10s,0
1790554865,SPOT_MOVE 12.1bps/10s,0
1790554865,SPOT_MOVE 12.6bps/10s,0
1790554868,SPOT_MOVE 10.0bps/10s,0
1790554868,SPOT_MOVE 10.0bps/10s,0
1790554869,SPOT_MOVE 10.5bps/10s,0
1790554870,SPOT_MOVE 11.7bps/10s,0
1790554871,SPOT_MOVE 12.9bps/10s,0
1790554872,SPOT_MOVE 13.3bps/10s,0
1790554877,LIQ cascade BUY/shorts $2.09M/10s,0
1790554881,LIQ cascade BUY/shorts $3.84M/10s,0
1790554885,LIQ cascade BUY/shorts $3.84M/10s,0
1790554892,SPOT_MOVE 6.3bps/10s,0
1790554904,SPOT_MOVE 6.5bps/10s,0
1790554963,SPOT_MOVE 7.0bps/10s,0
1790554964,SPOT_MOVE 7.6bps/10s,0
1790554965,SPOT_MOVE 7.5bps/10s,0
1790554967,SPOT_MOVE 6.1bps/10s,0
1790555093,BAND_EXIT mid=0.40 5m,2
1790555283,SPOT_MOVE 7.3bps/10s,0
1790555284,SPOT_MOVE 7.7bps/10s,0
1790555285,SPOT_MOVE 8.1bps/10s,0
1790555286,SPOT_MOVE 10.0bps/10s,0
1790555288,SPOT_MOVE 6.1bps/10s,0
1790555289,SPOT_MOVE 6.0bps/10s,0
1790555290,SPOT_MOVE 6.6bps/10s,0
1790555291,SPOT_MOVE 6.7bps/10s,0
1790555292,SPOT_MOVE 6.7bps/10s,0
1790555329,SPOT_MOVE 6.2bps/10s,0
1790555330,SPOT_MOVE 6.3bps/10s,0
1790555403,BAND_EXIT mid=0.40 5m,4
1790555467,SPOT_MOVE 7.8bps/10s,0
1790555468,SPOT_MOVE 8.4bps/10s,0
1790555469,SPOT_MOVE 10.7bps/10s,0
1790555471,SPOT_MOVE 11.4bps/10s,0
1790555471,SPOT_MOVE 12.1bps/10s,0
1790555472,SPOT_MOVE 15.6bps/10s,0
1790555472,SPOT_MOVE 18.5bps/10s,0
1790555474,SPOT_MOVE 16.4bps/10s,0
1790555475,SPOT_MOVE 13.9bps/10s,0
1790555476,SPOT_MOVE 8.3bps/10s,0
1790555477,SPOT_MOVE 8.0bps/10s,0
1790555482,SPOT_MOVE 6.7bps/10s,0
1790555524,SPOT_MOVE 9.3bps/10s,0
1790555525,SPOT_MOVE 8.2bps/10s,0
1790555525,SPOT_MOVE 8.0bps/10s,0
1790555527,SPOT_MOVE 8.0bps/10s,0
1790555528,SPOT_MOVE 8.5bps/10s,0
1790555528,SPOT_MOVE 8.0bps/10s,0
1790555530,SPOT_MOVE 7.7bps/10s,0
1790555556,SPOT_MOVE 6.7bps/10s,0
1790555556,SPOT_MOVE 8.0bps/10s,0
1790555557,SPOT_MOVE 9.3bps/10s,0
1790555558,SPOT_MOVE 9.1bps/10s,0
1790555559,SPOT_MOVE 8.3bps/10s,0
1790555560,SPOT_MOVE 8.3bps/10s,0
1790555561,SPOT_MOVE 8.5bps/10s,0
1790555562,SPOT_MOVE 7.6bps/10s,0
1790555563,SPOT_MOVE 7.2bps/10s,0
1790555575,SPOT_MOVE 7.2bps/10s,0
1790555665,SPOT_MOVE 7.2bps/10s,0
1790555666,SPOT_MOVE 6.2bps/10s,0
1790555666,SPOT_MOVE 6.1bps/10s,0
1790555678,BAND_EXIT mid=0.61 5m,2
1790555681,SPOT_MOVE 7.3bps/10s,0
1790555682,SPOT_MOVE 7.5bps/10s,0
1790555683,SPOT_MOVE 7.5bps/10s,0
1790555684,SPOT_MOVE 6.8bps/10s,0
1790555685,SPOT_MOVE 7.3bps/10s,0
1790555686,SPOT_MOVE 8.2bps/10s,0
1790555720,SPOT_MOVE 6.6bps/10s,0
1790555721,SPOT_MOVE 8.1bps/10s,0
1790555721,SPOT_MOVE 9.4bps/10s,0
1790555723,SPOT_MOVE 8.7bps/10s,0
1790555724,SPOT_MOVE 8.5bps/10s,0
1790555724,SPOT_MOVE 9.0bps/10s,0
1790555726,SPOT_MOVE 10.2bps/10s,0
1790555727,SPOT_MOVE 9.6bps/10s,0
1790555728,SPOT_MOVE 8.8bps/10s,0
1790555839,LIQ cascade SELL/longs $97.50M/10s,0
1790555901,SPOT_MOVE 6.2bps/10s,0
1790555902,SPOT_MOVE 6.5bps/10s,0
1790555998,BAND_EXIT mid=0.35 5m,2
1790556007,SPOT_MOVE 6.1bps/10s,0
1790556008,SPOT_MOVE 6.2bps/10s,0
1790556283,BAND_EXIT mid=0.64 5m,4
1790556634,BAND_EXIT mid=0.60 5m,2
1790556761,SPOT_MOVE 6.9bps/10s,0
1790556762,SPOT_MOVE 6.9bps/10s,0
1790556763,SPOT_MOVE 6.1bps/10s,0
1790556764,SPOT_MOVE 6.2bps/10s,0
1790556885,BAND_EXIT mid=0.39 5m,2
1790556901,SPOT_MOVE 6.6bps/10s,0
1790557114,SPOT_MOVE 7.2bps/10s,0
1790557115,SPOT_MOVE 7.9bps/10s,0
1790557116,SPOT_MOVE 7.6bps/10s,0
1790557207,BAND_EXIT mid=0.39 15m,4
1790557207,SPOT_MOVE 7.1bps/10s,0
1790557208,SPOT_MOVE 8.8bps/10s,0
1790557209,SPOT_MOVE 9.5bps/10s,0
1790557210,SPOT_MOVE 8.9bps/10s,0
1790557211,SPOT_MOVE 7.8bps/10s,0
1790557212,SPOT_MOVE 7.3bps/10s,0
1790557215,SPOT_MOVE 8.4bps/10s,0
1790557284,SPOT_MOVE 7.5bps/10s,0
1790557285,SPOT_MOVE 8.2bps/10s,0
1790557286,SPOT_MOVE 8.8bps/10s,0
1790557287,SPOT_MOVE 8.0bps/10s,0
1790557290,SPOT_MOVE 6.0bps/10s,0
1790557290,SPOT_MOVE 6.3bps/10s,0
1790557307,SPOT_MOVE 8.0bps/10s,0
1790557308,SPOT_MOVE 7.3bps/10s,0
1790557484,BAND_EXIT mid=0.64 5m,2
1790557521,SPOT_MOVE 6.4bps/10s,0
1790557523,SPOT_MOVE 6.1bps/10s,0
1790557573,SPOT_MOVE 6.6bps/10s,0
1790557601,SPOT_MOVE 9.4bps/10s,0
1790557602,SPOT_MOVE 10.8bps/10s,0
1790557603,SPOT_MOVE 8.7bps/10s,0
1790557617,SPOT_MOVE 6.2bps/10s,0
1790557618,SPOT_MOVE 6.7bps/10s,0
1790557789,BAND_EXIT mid=0.36 5m,2
1790557794,SPOT_MOVE 6.4bps/10s,0
1790557795,SPOT_MOVE 6.4bps/10s,0
1790557796,SPOT_MOVE 6.4bps/10s,0
1790557796,SPOT_MOVE 6.5bps/10s,0
1790558102,BAND_EXIT mid=0.39 5m,4
1790558124,SPOT_MOVE 6.5bps/10s,0
1790558280,SPOT_MOVE 6.7bps/10s,0
1790558281,SPOT_MOVE 6.9bps/10s,0
1790558283,SPOT_MOVE 6.2bps/10s,0
1790558388,BAND_EXIT mid=0.64 5m,2
1790558389,SPOT_MOVE 7.1bps/10s,0
1790558390,SPOT_MOVE 6.5bps/10s,0
1790558390,SPOT_MOVE 6.6bps/10s,0
1790558584,SPOT_MOVE 6.8bps/10s,0
1790558585,SPOT_MOVE 7.2bps/10s,0
1790558585,SPOT_MOVE 8.1bps/10s,0
1790558586,SPOT_MOVE 8.0bps/10s,0
1790558587,SPOT_MOVE 6.6bps/10s,0
1790558588,SPOT_MOVE 6.4bps/10s,0
1790558600,SPOT_MOVE 6.4bps/10s,0
1790558601,SPOT_MOVE 6.5bps/10s,0
1790558602,SPOT_MOVE 6.8bps/10s,0
1790558603,SPOT_MOVE 6.7bps/10s,0
1790558740,BAND_EXIT mid=0.36 5m,2
1790558755,SPOT_MOVE 6.0bps/10s,0
1790558946,SPOT_MOVE 6.1bps/10s,0
1790559012,BAND_EXIT mid=0.60 5m,4
1790559303,BAND_EXIT mid=0.34 5m,2
1790559312,SPOT_MOVE 7.1bps/10s,0
1790559312,SPOT_MOVE 6.2bps/10s,0
1790559314,SPOT_MOVE 6.2bps/10s,0
1790559315,SPOT_MOVE 6.7bps/10s,0
1790559316,SPOT_MOVE 6.1bps/10s,0
1790559582,BAND_EXIT mid=0.62 5m,2
1790559703,SPOT_MOVE 7.1bps/10s,0
1790559704,SPOT_MOVE 7.9bps/10s,0
1790559705,SPOT_MOVE 8.4bps/10s,0
1790559706,SPOT_MOVE 8.5bps/10s,0
1790559856,SPOT_MOVE 6.7bps/10s,0
1790559857,SPOT_MOVE 6.9bps/10s,0
1790559857,SPOT_MOVE 6.4bps/10s,0
1790559859,SPOT_MOVE 6.4bps/10s,0
1790559890,BAND_EXIT mid=0.39 5m,4
1790559928,SPOT_MOVE 6.5bps/10s,0
1790559929,SPOT_MOVE 7.0bps/10s,0
1790559930,SPOT_MOVE 7.0bps/10s,0
1790559964,SPOT_MOVE 6.2bps/10s,0
1790559965,SPOT_MOVE 6.7bps/10s,0
1790559966,SPOT_MOVE 6.4bps/10s,0
1790559967,SPOT_MOVE 6.0bps/10s,0
1790560162,SPOT_MOVE 7.2bps/10s,0
1790560163,SPOT_MOVE 7.3bps/10s,0
1790560164,SPOT_MOVE 7.6bps/10s,0
1790560164,LIQ cascade SELL/longs $1.95M/10s,0
1790560165,SPOT_MOVE 7.0bps/10s,0
1790560171,LIQ cascade SELL/longs $43.17M/10s,2
1790560180,LIQ cascade SELL/longs $40.91M/10s,0
1790560187,LIQ cascade SELL/longs $10.00M/10s,0
1790560191,LIQ cascade SELL/longs $3.64M/10s,0
1790560196,LIQ cascade SELL/longs $3.68M/10s,0
1790560203,LIQ cascade SELL/longs $8.80M/10s,0
1790560207,LIQ cascade SELL/longs $8.67M/10s,0
1790560212,LIQ cascade SELL/longs $1011.68M/10s,0
1790560218,LIQ cascade SELL/longs $1012.02M/10s,0
1790560223,LIQ cascade SELL/longs $1012.04M/10s,0
1790560228,SPOT_MOVE 6.5bps/10s,0
1790560229,SPOT_MOVE 6.9bps/10s,0
1790560230,SPOT_MOVE 7.2bps/10s,0
1790560231,SPOT_MOVE 9.0bps/10s,0
1790560232,SPOT_MOVE 8.8bps/10s,0
1790560233,SPOT_MOVE 9.3bps/10s,0
1790560234,SPOT_MOVE 9.1bps/10s,0
1790560235,SPOT_MOVE 9.5bps/10s,0
1790560236,SPOT_MOVE 10.0bps/10s,0
1790560238,SPOT_MOVE 8.0bps/10s,0
1790560239,SPOT_MOVE 7.4bps/10s,0
1790560240,SPOT_MOVE 6.7bps/10s,0
1790560241,SPOT_MOVE 7.8bps/10s,0
1790560242,SPOT_MOVE 8.3bps/10s,0
1790560243,SPOT_MOVE 6.6bps/10s,0
1790560246,SPOT_MOVE 6.9bps/10s,0
1790560247,SPOT_MOVE 6.5bps/10s,0
1790560248,SPOT_MOVE 6.7bps/10s,0
1790560249,SPOT_MOVE 6.9bps/10s,0
1790560311,SPOT_MOVE 6.2bps/10s,0
1790560312,SPOT_MOVE 6.5bps/10s,0
1790560313,SPOT_MOVE 6.1bps/10s,0
1790560360,SPOT_MOVE 6.2bps/10s,0
1790560361,SPOT_MOVE 6.6bps/10s,0
1790560362,SPOT_MOVE 6.2bps/10s,0
1790560495,BAND_EXIT mid=0.38 5m,2
1790560640,SPOT_MOVE 7.1bps/10s,0
1790560641,SPOT_MOVE 7.0bps/10s,0
1790560642,SPOT_MOVE 7.1bps/10s,0
1790560643,SPOT_MOVE 6.1bps/10s,0
1790560644,SPOT_MOVE 6.1bps/10s,0
1790560645,SPOT_MOVE 6.2bps/10s,0
1790560646,SPOT_MOVE 7.7bps/10s,0
1790560647,SPOT_MOVE 7.6bps/10s,0
1790560648,SPOT_MOVE 6.8bps/10s,0
1790560649,SPOT_MOVE 6.7bps/10s,0
1790560801,BAND_EXIT mid=0.40 5m,4
1790560872,LIQ cascade SELL/longs $66.07M/10s,0
1790560879,LIQ cascade SELL/longs $66.08M/10s,0
1790560883,LIQ cascade SELL/longs $66.06M/10s,0
1790560896,SPOT_MOVE 6.4bps/10s,0
1790560896,SPOT_MOVE 7.2bps/10s,0
1790560897,SPOT_MOVE 6.5bps/10s,0
1790560908,SPOT_MOVE 6.8bps/10s,0
1790560909,SPOT_MOVE 7.2bps/10s,0
1790560911,SPOT_MOVE 6.1bps/10s,0
1790560934,SPOT_MOVE 7.7bps/10s,0
1790560941,SPOT_MOVE 6.7bps/10s,0
1790560942,SPOT_MOVE 6.9bps/10s,0
1790560943,SPOT_MOVE 6.9bps/10s,0
1790561001,LIQ cascade SELL/longs $4.42M/10s,0
1790561008,LIQ cascade SELL/longs $2.85M/10s,0
1790561012,LIQ cascade SELL/longs $2.99M/10s,0
1790561018,SPOT_MOVE 6.2bps/10s,0
1790561018,LIQ cascade SELL/longs $2.87M/10s,0
1790561042,SPOT_MOVE 7.3bps/10s,0
1790561043,SPOT_MOVE 8.2bps/10s,0
1790561044,SPOT_MOVE 6.4bps/10s,0
1790561045,SPOT_MOVE 6.7bps/10s,0
1790561046,SPOT_MOVE 7.1bps/10s,0
1790561047,SPOT_MOVE 6.4bps/10s,0
1790561049,SPOT_MOVE 7.6bps/10s,0
1790561101,BAND_EXIT mid=0.61 5m,2
1790561305,SPOT_MOVE 6.5bps/10s,0
1790561400,BAND_EXIT mid=0.39 5m,2
1790561411,SPOT_MOVE 6.1bps/10s,0
1790561725,BAND_EXIT mid=0.35 5m,4
1790561986,BAND_EXIT mid=0.60 5m,2
1790562113,SPOT_MOVE 6.9bps/10s,0
1790562114,SPOT_MOVE 6.8bps/10s,0
1790562115,SPOT_MOVE 6.6bps/10s,0
1790562267,SPOT_MOVE 7.8bps/10s,0
1790562269,SPOT_MOVE 10.2bps/10s,0
1790562269,SPOT_MOVE 10.2bps/10s,0
1790562270,SPOT_MOVE 10.2bps/10s,0
1790562272,SPOT_MOVE 10.9bps/10s,0
1790562272,SPOT_MOVE 10.7bps/10s,0
1790562273,SPOT_MOVE 10.6bps/10s,0
1790562274,SPOT_MOVE 10.0bps/10s,0
1790562275,SPOT_MOVE 10.0bps/10s,0
1790562813,SPOT_MOVE 6.2bps/10s,0
1790562816,SPOT_MOVE 6.0bps/10s,0
1790562817,SPOT_MOVE 6.2bps/10s,0
1790562818,SPOT_MOVE 6.2bps/10s,0
1790562925,SPOT_MOVE 6.2bps/10s,0
1790562926,SPOT_MOVE 6.1bps/10s,0
1790562927,SPOT_MOVE 6.1bps/10s,0
1790562928,SPOT_MOVE 6.1bps/10s,0
1790563610,SPOT_MOVE 7.2bps/10s,0
1790563611,SPOT_MOVE 7.0bps/10s,0
1790563612,SPOT_MOVE 8.1bps/10s,0
1790563613,SPOT_MOVE 8.1bps/10s,0
1790563614,SPOT_MOVE 11.9bps/10s,0
1790563615,SPOT_MOVE 11.1bps/10s,0
1790563616,SPOT_MOVE 10.5bps/10s,0
1790563617,SPOT_MOVE 10.0bps/10s,0
1790563618,SPOT_MOVE 9.4bps/10s,0
1790564405,SPOT_MOVE 6.4bps/10s,0
1790564406,SPOT_MOVE 6.3bps/10s,0
1790564407,SPOT_MOVE 6.3bps/10s,0
1790564408,SPOT_MOVE 6.6bps/10s,0
1790565865,SPOT_MOVE 6.6bps/10s,0
1790565866,SPOT_MOVE 7.0bps/10s,0
1790565867,SPOT_MOVE 7.5bps/10s,0
1790565868,SPOT_MOVE 7.4bps/10s,0
1790565954,LIQ cascade SELL/longs $27.20M/10s,0
1790565969,LIQ cascade SELL/longs $27.18M/10s,0
1790566018,LIQ cascade SELL/longs $4.16M/10s,0
1790566024,LIQ cascade SELL/longs $4.18M/10s,0
1790566029,LIQ cascade SELL/longs $4.18M/10s,0
1790566195,LIQ cascade SELL/longs $373.37M/10s,4
1790566456,LIQ cascade SELL/longs $14.58M/10s,0
1790566476,BAND_EXIT mid=0.64 5m,2
1790567398,SPOT_MOVE 9.5bps/10s,0
1790567399,SPOT_MOVE 9.3bps/10s,0
1790567400,SPOT_MOVE 9.1bps/10s,0
1790567401,SPOT_MOVE 9.3bps/10s,0
1790567402,SPOT_MOVE 9.7bps/10s,0
1790567403,SPOT_MOVE 9.9bps/10s,0
1790567404,SPOT_MOVE 10.4bps/10s,0
1790567405,SPOT_MOVE 10.2bps/10s,0
1790567406,SPOT_MOVE 10.4bps/10s,0
1790571914,SPOT_MOVE 6.0bps/10s,0
1790571915,SPOT_MOVE 6.0bps/10s,0
1790571916,SPOT_MOVE 6.1bps/10s,0
1790571917,SPOT_MOVE 6.1bps/10s,0
1790571918,SPOT_MOVE 6.1bps/10s,0
1790572483,SPOT_MOVE 6.4bps/10s,0
1790572484,SPOT_MOVE 6.5bps/10s,0
1790572485,SPOT_MOVE 6.3bps/10s,0
1790572584,SPOT_MOVE 6.2bps/10s,0
1790572585,SPOT_MOVE 6.2bps/10s,0
1790572586,SPOT_MOVE 6.2bps/10s,0
1790572587,SPOT_MOVE 6.2bps/10s,0
1790572588,SPOT_MOVE 6.2bps/10s,0
1790572589,SPOT_MOVE 6.2bps/10s,0
1790572590,SPOT_MOVE 6.1bps/10s,0
1790572599,SPOT_MOVE 6.4bps/10s,0
1790572600,SPOT_MOVE 6.6bps/10s,0
1790572998,LIQ cascade SELL/longs $4.23M/10s,0
1790573003,SPOT_MOVE 6.1bps/10s,0
1790573004,SPOT_MOVE 12.3bps/10s,0
1790573005,SPOT_MOVE 8.6bps/10s,0
1790573006,SPOT_MOVE 7.8bps/10s,0
1790573007,LIQ cascade SELL/longs $13.84M/10s,0
1790573007,SPOT_MOVE 7.8bps/10s,0
1790573008,SPOT_MOVE 8.0bps/10s,0
1790573009,SPOT_MOVE 8.8bps/10s,0
1790573010,SPOT_MOVE 7.3bps/10s,0
1790573013,LIQ cascade SELL/longs $8.68M/10s,0
1790573018,LIQ cascade SELL/longs $7.40M/10s,0
1790573040,LIQ cascade SELL/longs $23.13M/10s,0
1790573044,LIQ cascade SELL/longs $23.16M/10s,0
1790573106,BAND_EXIT mid=0.40 5m,2
1790573159,SPOT_MOVE 6.1bps/10s,0
1790573161,SPOT_MOVE 6.8bps/10s,0
1790573168,LIQ cascade SELL/longs $1.86M/10s,0
1790573172,LIQ cascade SELL/longs $3.24M/10s,0
1790573621,LIQ cascade SELL/longs $13.39M/10s,0
1790573650,LIQ cascade SELL/longs $18.69M/10s,0
1790573734,BAND_EXIT mid=0.62 5m,2
1790573931,SPOT_MOVE 8.3bps/10s,0
1790573932,SPOT_MOVE 11.3bps/10s,0
1790573933,SPOT_MOVE 14.0bps/10s,0
1790573934,SPOT_MOVE 11.8bps/10s,0
1790573935,SPOT_MOVE 12.0bps/10s,0
1790573936,SPOT_MOVE 14.2bps/10s,0
1790573937,SPOT_MOVE 14.7bps/10s,0
1790573938,SPOT_MOVE 17.9bps/10s,0
1790573939,SPOT_MOVE 17.7bps/10s,0
1790573940,SPOT_MOVE 9.9bps/10s,0
1790573941,SPOT_MOVE 10.2bps/10s,0
1790573942,SPOT_MOVE 9.6bps/10s,0
1790573944,LIQ cascade SELL/longs $6.13M/10s,0
1790573944,SPOT_MOVE 7.3bps/10s,0
1790573950,LIQ cascade SELL/longs $5.38M/10s,0
1790573954,LIQ cascade SELL/longs $59.38M/10s,0
1790574015,BAND_EXIT mid=0.62 5m,2
1790574401,SPOT_MOVE 7.1bps/10s,0
1790574402,SPOT_MOVE 7.5bps/10s,0
1790574403,SPOT_MOVE 7.6bps/10s,0
1790574404,SPOT_MOVE 8.2bps/10s,0
1790574405,SPOT_MOVE 7.2bps/10s,0
1790574406,SPOT_MOVE 6.5bps/10s,0
1790576432,SPOT_MOVE 6.4bps/10s,0
1790576433,SPOT_MOVE 7.2bps/10s,0
1790576434,SPOT_MOVE 7.0bps/10s,0
1790576435,SPOT_MOVE 6.8bps/10s,0
1790576436,SPOT_MOVE 6.3bps/10s,0
1790576437,SPOT_MOVE 6.3bps/10s,0
