series,start,placed,ended,why,preopen,round_trades,first_trade_ts,trades_in_window,routeA_sell_le_045,routeA_shares,routeA_sides,routeB_buy_ge_055,routeB_shares,routeB_bought,routeA_tol2s,routeB_tol2s,min_sell_px,max_buy_px,our_sides_fillable,both_sides_fillable,error
15m,1790425800,1790426228,1790426250,window end,False,599,1790424971,27,1,4.0,Down,3,1779.9,Up,1,3,0.43,0.5839175246,Down,False,
5m,1790426400,1790426370,1790426400,PULL MAKERS — BAND_EXIT mid=# #m,True,1083,1790426162,31,2,6.9,Down,7,128.6,Up,3,21,0.43,0.5699999918,Down,False,
15m,1790426700,1790426672,1790426735,PULL MAKERS — BAND_EXIT mid=# #m,True,2777,1790424534,30,0,0,,1,65.4,Up,0,1,,0.5500682092,Down,False,
5m,1790426700,1790426672,1790426735,PULL MAKERS — BAND_EXIT mid=# #m,True,931,1790425578,110,0,0,,5,82.3,Up,0,5,0.46,0.5699999886,Down,False,
5m,1790427000,1790426972,1790427022,PULL MAKERS — BAND_EXIT mid=# #m,True,1076,1790425032,75,1,0.0,Down,32,683.9,Up,1,35,0.41,0.6,Down,False,
5m,1790427300,1790427270,1790427420,window end,True,2097,1790426505,599,5,55.9,Down,151,4172.1,Down/Up,5,151,0.4,0.6,Down/Up,True,
15m,1790428500,1790428471,1790428564,PULL MAKERS — BAND_EXIT mid=# #m,True,664,1790425775,73,0,0,,21,492.6,Down/Up,0,21,,0.6299998362,Down/Up,True,
5m,1790428500,1790428471,1790428564,PULL MAKERS — BAND_EXIT mid=# #m,True,2879,1790427725,649,3,12.7,Down/Up,203,8486.8,Down/Up,3,209,0.38,0.71,Down/Up,True,
5m,1790428800,1790428770,1790428800,PULL MAKERS — BAND_EXIT mid=# #m,True,1752,1790427906,50,0,0,,27,1854.3,Up,0,30,,0.5999999952,Down,False,
15m,1790429400,1790429441,1790429486,PULL MAKERS — BAND_EXIT mid=# #m,False,1053,1790425797,47,0,0,,2,76.7,Up,0,3,0.52,0.579999994,Down,False,
5m,1790429400,1790429472,1790429486,PULL MAKERS — BAND_EXIT mid=# #m,False,2890,1790427941,202,4,41.2,Up,57,2504.2,Down,4,64,0.27,0.7399999734,Up,False,
5m,1790429700,1790429670,1790429686,PULL MAKERS — BAND_EXIT mid=# #m,True,1910,1790428928,7,0,0,,3,48.1,Up,0,12,,0.5699999886,Down,False,
5m,1790430000,1790429970,1790429984,PULL MAKERS — BAND_EXIT mid=# #m,True,2046,1790427459,21,0,0,,6,1272.2,Up,0,7,,0.59999994,Down,False,
15m,1790430300,1790430271,1790430300,PULL MAKERS — BAND_EXIT mid=# #m,True,747,1790425826,6,0,0,,4,202.1,Up,0,6,,0.56,Down,False,
5m,1790430300,1790430271,1790430300,PULL MAKERS — BAND_EXIT mid=# #m,True,2242,1790429586,28,0,0,,9,371.8,Up,0,23,,0.5899999875,Down,False,
5m,1790430600,1790430571,1790430595,PULL MAKERS — BAND_EXIT mid=# #m,True,3140,1790429538,24,0,0,,0,0,,0,5,,0.53,,False,
5m,1790430900,1790430870,1790430877,PULL MAKERS — BAND_EXIT mid=# #m,True,3037,1790430131,10,0,0,,2,143.8,Up,0,10,,0.5588254465,Down,False,
15m,1790431200,1790431171,1790431208,PULL MAKERS — BAND_EXIT mid=# #m,True,5152,1790426136,30,0,0,,6,130.0,Up,0,11,0.52,0.5733162233,Down,False,
5m,1790431200,1790431171,1790431208,PULL MAKERS — BAND_EXIT mid=# #m,True,3309,1790430794,59,0,0,,10,562.6,Down/Up,0,24,0.54,0.6099999748,Down/Up,True,
5m,1790431500,1790431470,1790431475,PULL MAKERS — BAND_EXIT mid=# #m,True,1492,1790430396,1,0,0,,1,0.6,Up,0,4,,0.57,Down,False,
15m,1790432100,1790432070,1790432102,PULL MAKERS — BAND_EXIT mid=# #m,True,399,1790426876,10,0,0,,0,0,,0,0,,0.53,,False,
5m,1790432100,1790432070,1790432102,PULL MAKERS — BAND_EXIT mid=# #m,True,1611,1790431328,56,3,217.0,Down,20,1977.5,Up,3,27,0.41,0.7172391054,Down,False,
5m,1790432400,1790432372,1790432444,⬜ BOX DISARMED — hold_s expired wi,True,1625,1790429531,145,0,0,,13,2148.9,Down/Up,0,17,0.48,0.59,Down/Up,True,
5m,1790436900,1790436870,1790436901,PULL MAKERS — BAND_EXIT mid=# #m,True,1877,1790433372,35,0,0,,23,800.7,Down,0,32,,0.59,Up,False,
15m,1790455500,1790455472,1790455499,PULL MAKERS — BAND_EXIT mid=# #m,True,545,1790455086,6,0,0,,1,19.9,Up,0,1,0.47,0.5599999799,Down,False,
5m,1790455500,1790455472,1790455499,PULL MAKERS — BAND_EXIT mid=# #m,True,1781,1790433938,33,0,0,,16,1087.6,Up,0,17,0.55,0.58,Down,False,
5m,1790460600,1790460572,1790460600,PULL MAKERS — BAND_EXIT mid=# #m,True,1531,1790460261,50,0,0,,10,126.8,Down/Up,0,17,,0.5899999861,Down/Up,True,
15m,1790463600,1790463570,1790463606,PULL MAKERS — BAND_EXIT mid=# #m,True,731,1790463183,14,0,0,,0,0,,0,0,0.4755819261,0.53,,False,
5m,1790463600,1790463571,1790463606,PULL MAKERS — BAND_EXIT mid=# #m,True,486,1790463263,27,0,0,,16,396.4,Up,0,23,,0.5732358169,Down,False,
5m,1790463900,1790463870,1790463913,⬜ BOX DISARMED — hold_s expired wi,True,716,1790463612,49,0,0,,0,0,,0,0,,0.53,,False,
5m,1790464200,1790464172,1790464284,PULL MAKERS — BAND_EXIT mid=# #m,True,1098,1790463749,178,0,0,,18,366.4,Up,0,52,0.47,0.59,Down,False,
15m,1790464500,1790464471,1790464502,PULL MAKERS — BAND_EXIT mid=# #m,True,2978,1790464242,7,0,0,,0,0,,0,0,0.5,0.5099999824,,False,
5m,1790464500,1790464471,1790464502,PULL MAKERS — BAND_EXIT mid=# #m,True,1825,1790463759,41,0,0,,9,269.6,Up,0,14,,0.5899998466,Down,False,
5m,1790516400,1790516373,1790516427,PULL MAKERS — BAND_EXIT mid=# #m,True,1283,1790515229,193,0,0,,6,584.4,Down,0,41,0.4742633339,0.632601639,Up,False,
15m,1790516700,1790516671,1790516703,PULL MAKERS — BAND_EXIT mid=# #m,True,510,1790516163,16,0,0,,1,10.8,Down,0,7,,0.55,Up,False,
5m,1790516700,1790516672,1790516703,PULL MAKERS — BAND_EXIT mid=# #m,True,1599,1790515868,65,0,0,,16,173.6,Down,0,29,0.5601900303,0.6,Up,False,
5m,1790517000,1790516971,1790517021,PULL MAKERS — BAND_EXIT mid=# #m,True,1711,1790515190,475,0,0,,17,127.1,Up,0,23,0.48,0.6099999353,Down,False,
5m,1790517300,1790517273,1790517326,PULL MAKERS — BAND_EXIT mid=# #m,True,829,1790516738,142,1,0.0,Down,43,851.1,Down/Up,1,48,0.43,0.6,Down/Up,True,
15m,1790517600,1790517570,1790517644,PULL MAKERS — BAND_EXIT mid=# #m,True,730,1790516807,29,0,0,,0,0,,0,0,0.49,0.54,,False,
5m,1790517600,1790517571,1790517644,PULL MAKERS — BAND_EXIT mid=# #m,True,1467,1790515784,255,0,0,,59,1413.7,Down/Up,0,59,0.52,0.5799999766,Down/Up,True,
5m,1790517900,1790517870,1790517965,PULL MAKERS — BAND_EXIT mid=# #m,True,1210,1790517144,515,3,61.8,Down/Up,121,2435.8,Down/Up,3,140,0.36,0.6799999932,Down/Up,True,
5m,1790518200,1790518173,1790518194,PULL MAKERS — BAND_EXIT mid=# #m,True,1634,1790517626,25,0,0,,15,209.4,Up,0,18,0.59,0.6,Down,False,
15m,1790518500,1790518473,1790518539,PULL MAKERS — BAND_EXIT mid=# #m,True,443,1790517504,24,0,0,,0,0,,0,0,,0.5399999568,,False,
5m,1790518500,1790518473,1790518539,PULL MAKERS — BAND_EXIT mid=# #m,True,1494,1790517848,122,1,11.3,Down,21,264.9,Up,1,22,0.37,0.63,Down,False,
5m,1790518800,1790518771,1790518785,PULL MAKERS — BAND_EXIT mid=# #m,True,813,1790518070,23,0,0,,12,133.4,Down,0,15,,0.6110548553,Up,False,
5m,1790519100,1790519073,1790519079,PULL MAKERS — BAND_EXIT mid=# #m,True,1360,1790518479,7,0,0,,2,24.7,Up,0,2,,0.609999986,Down,False,
15m,1790519400,1790519372,1790519425,PULL MAKERS — BAND_EXIT mid=# #m,True,3245,1790517527,48,0,0,,1,43.8,Up,1,4,,0.56,Down,False,
5m,1790519400,1790519372,1790519425,PULL MAKERS — BAND_EXIT mid=# #m,True,1194,1790518485,230,1,34.4,Down,41,559.1,Down/Up,2,56,0.43,0.6,Down/Up,True,
5m,1790519700,1790519672,1790519711,PULL MAKERS — BAND_EXIT mid=# #m,True,1156,1790518496,93,0,0,,14,116.1,Down,0,17,0.49,0.61515,Up,False,
5m,1790520000,1790519972,1790520046,PULL MAKERS — BAND_EXIT mid=# #m,True,1655,1790519271,400,3,50.5,Down/Up,117,1693.1,Down/Up,3,122,0.37,0.67,Down/Up,True,
15m,1790520300,1790520271,1790520299,PULL MAKERS — BAND_EXIT mid=# #m,True,1191,1790517552,27,0,0,,18,600.1,Down,0,21,,0.57,Up,False,
5m,1790520300,1790520272,1790520299,PULL MAKERS — BAND_EXIT mid=# #m,True,944,1790519859,32,0,0,,0,0,,0,0,,0.5399999568,,False,
5m,1790520600,1790520572,1790520598,PULL MAKERS — SPOT_MOVE #bps/#s,True,1433,1790520035,63,0,0,,21,588.9,Up,0,22,0.5543707317,0.6299998362,Down,False,
5m,1790520900,1790520878,1790520881,PULL MAKERS — BAND_EXIT mid=# #m,True,3188,1790520504,26,0,0,,14,79.1,Down,0,43,,0.6299999454,Up,False,
15m,1790521200,1790521172,1790521197,PULL MAKERS — BAND_EXIT mid=# #m,True,3994,1790520168,9,0,0,,0,0,,0,0,,0.51,,False,
5m,1790521200,1790521172,1790521197,PULL MAKERS — BAND_EXIT mid=# #m,True,2182,1790519253,45,0,0,,9,929.0,Down/Up,0,14,0.51,0.5899998466,Down/Up,True,
5m,1790521500,1790521472,1790521472,PULL MAKERS — SPOT_MOVE #bps/#s,True,2712,1790520963,0,0,0,,0,0,,0,3,,,,False,
5m,1790521800,1790521772,1790521845,PULL MAKERS — BAND_EXIT mid=# #m,True,1677,1790521124,238,0,0,,87,1797.2,Down/Up,0,90,0.51,0.71,Down/Up,True,
15m,1790522100,1790522071,1790522134,PULL MAKERS — BAND_EXIT mid=# #m,True,1145,1790521203,39,0,0,,17,245.4,Up,1,17,,0.58,Down,False,
5m,1790522400,1790522420,1790522422,PULL MAKERS — BAND_EXIT mid=# #m,False,2561,1790521682,44,0,0,,19,363.2,Up,1,49,0.65,0.66,Down,False,
5m,1790522700,1790522672,1790522679,PULL MAKERS — BAND_EXIT mid=# #m,True,3590,1790521689,11,0,0,,0,0,,0,7,,0.523288392,,False,
15m,1790523000,1790522970,1790522990,PULL MAKERS — BAND_EXIT mid=# #m,True,2406,1790522106,4,0,0,,0,0,,0,0,,0.5490367766,,False,
5m,1790523000,1790522971,1790522990,PULL MAKERS — BAND_EXIT mid=# #m,True,1551,1790522501,21,0,0,,14,191.1,Up,0,17,0.54,0.5799999768,Down,False,
5m,1790523300,1790523273,1790523296,PULL MAKERS — BAND_EXIT mid=# #m,True,1053,1790522507,25,0,0,,12,58.8,Down,0,16,,0.5899999458,Up,False,
5m,1790523600,1790523571,1790523575,⬜ BOX DISARMED — hold_s expired wi,True,1896,1790522343,4,0,0,,1,2.0,Up,0,1,0.52,0.55,Down,False,
15m,1790523900,1790523870,1790523877,PULL MAKERS — BAND_EXIT mid=# #m,True,4860,1790522145,4,0,0,,0,0,,0,0,,0.48,,False,
5m,1790523900,1790523871,1790523877,PULL MAKERS — BAND_EXIT mid=# #m,True,1244,1790523141,9,0,0,,0,0,,0,6,,0.5399999933,,False,
5m,1790524200,1790524171,1790524277,PULL MAKERS — BAND_EXIT mid=# #m,True,1399,1790523159,246,0,0,,4,42.3,Up,0,10,0.5,0.5533651518,Down,False,
5m,1790524500,1790524471,1790524478,PULL MAKERS — BAND_EXIT mid=# #m,True,1859,1790523171,12,0,0,,5,29.1,Down,0,23,,0.5799999648,Up,False,
15m,1790524800,1790524773,1790524834,PULL MAKERS — BAND_EXIT mid=# #m,True,2922,1790523905,48,0,0,,3,332.8,Up,0,42,,0.5615028098,Down,False,
5m,1790524800,1790524773,1790524834,PULL MAKERS — BAND_EXIT mid=# #m,True,1936,1790515209,191,1,11.1,Down,64,986.6,Down/Up,1,68,0.43,0.6,Down/Up,True,
5m,1790525100,1790525072,1790525090,PULL MAKERS — BAND_EXIT mid=# #m,True,996,1790524653,15,0,0,,9,317.7,Up,0,12,0.59,0.6099999937,Down,False,
5m,1790525400,1790525372,1790525375,PULL MAKERS — BAND_EXIT mid=# #m,True,1264,1790524797,6,0,0,,4,50.9,Up,0,9,,0.6099999726,Down,False,
5m,1790547000,1790547000,1790547005,PULL MAKERS — BAND_EXIT mid=# #m,False,1461,1790534927,19,0,0,,13,244.8,Up,0,20,,0.63055805,Down,False,
15m,1790547300,1790547271,1790547296,⬜ BOX DISARMED — hold_s expired wi,True,347,1790546544,4,0,0,,0,0,,0,0,,0.52,,False,
5m,1790547300,1790547272,1790547296,⬜ BOX DISARMED — hold_s expired wi,True,1208,1790534936,40,0,0,,4,183.8,Up,0,4,0.48,0.6,Down,False,
5m,1790547600,1790547646,1790547652,PULL MAKERS — BAND_EXIT mid=# #m,False,1193,1790534946,35,0,0,,14,311.6,Up,1,31,0.68,0.5699999994,Down,False,
5m,1790547900,1790547870,1790547907,PULL MAKERS — BAND_EXIT mid=# #m,True,867,1790534960,61,0,0,,7,232.8,Up,0,22,,0.6024129293,Down,False,
15m,1790548200,1790548171,1790548195,PULL MAKERS — BAND_EXIT mid=# #m,True,294,1790547231,4,0,0,,0,0,,0,0,,0.5299999229,,False,
5m,1790548200,1790548171,1790548195,PULL MAKERS — BAND_EXIT mid=# #m,True,666,1790534969,28,0,0,,0,0,,0,2,0.49,0.54,,False,
5m,1790548500,1790548472,1790548479,PULL MAKERS — BAND_EXIT mid=# #m,True,1233,1790534979,17,0,0,,10,91.4,Down,0,15,0.55,0.6099999913,Up,False,
5m,1790548800,1790548770,1790548804,PULL MAKERS — BAND_EXIT mid=# #m,True,1108,1790534990,66,0,0,,2,51.7,Down/Up,0,12,,0.5599999919,Down/Up,True,
15m,1790549100,1790549071,1790549102,PULL MAKERS — BAND_EXIT mid=# #m,True,755,1790547249,5,0,0,,0,0,,0,0,,0.5299998864,,False,
5m,1790549100,1790549071,1790549102,PULL MAKERS — BAND_EXIT mid=# #m,True,1780,1790534999,30,0,0,,0,0,,0,26,0.53,0.54,,False,
5m,1790549400,1790549371,1790549418,PULL MAKERS — BAND_EXIT mid=# #m,True,981,1790535009,140,0,0,,51,1801.8,Up,0,53,,0.62,Down,False,
5m,1790549700,1790549671,1790549731,PULL MAKERS — BAND_EXIT mid=# #m,True,1691,1790535018,184,1,10.9,Down,46,890.1,Up,1,56,0.41,0.61,Down,False,
15m,1790550000,1790549971,1790549978,PULL MAKERS — BAND_EXIT mid=# #m,True,926,1790549105,0,0,0,,0,0,,0,0,,,,False,
5m,1790550000,1790549971,1790549978,PULL MAKERS — BAND_EXIT mid=# #m,True,1250,1790535029,2,0,0,,0,0,,0,5,,0.51,,False,
5m,1790550300,1790550271,1790550303,PULL MAKERS — BAND_EXIT mid=# #m,True,907,1790535039,40,0,0,,9,112.4,Up,0,13,,0.6,Down,False,
5m,1790550600,1790550572,1790550612,PULL MAKERS — BAND_EXIT mid=# #m,True,952,1790535048,75,0,0,,20,244.1,Down,0,28,,0.6,Up,False,
15m,1790550900,1790550870,1790550896,PULL MAKERS — BAND_EXIT mid=# #m,True,417,1790550005,8,0,0,,0,0,,0,0,,0.5299999868,,False,
5m,1790550900,1790550870,1790550896,PULL MAKERS — BAND_EXIT mid=# #m,True,1813,1790535059,27,0,0,,0,0,,0,1,0.4953487349,0.5399999963,,False,
5m,1790551200,1790551170,1790551195,PULL MAKERS — BAND_EXIT mid=# #m,True,811,1790535068,10,0,0,,5,70.0,Up,0,13,,0.57,Down,False,
15m,1790551800,1790551770,1790551827,PULL MAKERS — BAND_EXIT mid=# #m,True,493,1790551289,33,0,0,,10,513.6,Down/Up,0,12,,0.57,Down/Up,True,
5m,1790551800,1790551770,1790551827,PULL MAKERS — BAND_EXIT mid=# #m,True,1423,1790535090,134,1,10.2,Up,50,751.4,Down/Up,1,61,0.41,0.7,Down/Up,True,
5m,1790552100,1790552072,1790552101,PULL MAKERS — BAND_EXIT mid=# #m,True,1447,1790535099,38,0,0,,12,467.6,Down/Up,0,15,,0.5799999768,Down/Up,True,
5m,1790555100,1790555071,1790555093,PULL MAKERS — BAND_EXIT mid=# #m,True,1474,1790554763,12,0,0,,6,36.1,Down,0,8,0.55,0.6,Up,False,
15m,1790555400,1790555370,1790555403,PULL MAKERS — BAND_EXIT mid=# #m,True,363,1790551344,2,0,0,,0,0,,0,1,,0.5299998463,,False,
5m,1790555400,1790555370,1790555403,PULL MAKERS — BAND_EXIT mid=# #m,True,883,1790554956,58,1,10.4,Up,1,20.0,Down,1,10,0.43,0.55,Up,False,
5m,1790555700,1790555671,1790555678,PULL MAKERS — BAND_EXIT mid=# #m,True,1748,1790554976,11,0,0,,1,10.0,Up,0,4,,0.55,Down,False,
5m,1790556000,1790555971,1790555998,PULL MAKERS — BAND_EXIT mid=# #m,True,1942,1790555225,42,0,0,,2,22.4,Down,0,13,0.52,0.5799999845,Up,False,
15m,1790556300,1790556271,1790556283,PULL MAKERS — BAND_EXIT mid=# #m,True,1047,1790551908,1,0,0,,0,0,,0,0,,0.5099998215,,False,
5m,1790556300,1790556272,1790556283,PULL MAKERS — BAND_EXIT mid=# #m,True,649,1790555586,16,0,0,,2,82.6,Up,0,8,,0.58,Down,False,
5m,1790556600,1790556571,1790556634,PULL MAKERS — BAND_EXIT mid=# #m,True,1611,1790555763,183,2,15.2,Up,38,745.8,Down/Up,2,53,0.41,0.6,Down/Up,True,
5m,1790556900,1790556871,1790556885,PULL MAKERS — BAND_EXIT mid=# #m,True,642,1790555768,16,0,0,,7,42.0,Down,0,7,0.5868859985,0.605040624,Up,False,
15m,1790557200,1790557170,1790557207,PULL MAKERS — BAND_EXIT mid=# #m,True,1170,1790557077,65,0,0,,3,138.1,Down,0,18,,0.5540471154,Up,False,
5m,1790557200,1790557171,1790557207,PULL MAKERS — BAND_EXIT mid=# #m,True,1995,1790556533,157,0,0,,49,1087.9,Down/Up,0,97,0.49,0.64,Down/Up,True,
5m,1790557500,1790557470,1790557484,PULL MAKERS — BAND_EXIT mid=# #m,True,1491,1790556560,14,0,0,,9,150.5,Up,0,19,,0.6,Down,False,
5m,1790557800,1790557771,1790557789,PULL MAKERS — BAND_EXIT mid=# #m,True,1154,1790556617,21,0,0,,5,118.5,Down,0,22,0.47,0.5824590361,Up,False,
15m,1790558100,1790558071,1790558102,PULL MAKERS — BAND_EXIT mid=# #m,True,803,1790557181,11,0,0,,0,0,,0,0,,0.52,,False,
5m,1790558100,1790558071,1790558102,PULL MAKERS — BAND_EXIT mid=# #m,True,1743,1790557268,43,0,0,,10,112.3,Down,0,15,,0.6,Up,False,
5m,1790558400,1790558372,1790558388,PULL MAKERS — BAND_EXIT mid=# #m,True,931,1790558082,37,0,0,,3,122.0,Up,0,3,,0.6,Down,False,
5m,1790558700,1790558671,1790558740,PULL MAKERS — BAND_EXIT mid=# #m,True,1561,1790558109,221,1,5.0,Up,25,325.4,Down/Up,1,46,0.45,0.59,Down/Up,True,
15m,1790559000,1790558971,1790559012,PULL MAKERS — BAND_EXIT mid=# #m,True,576,1790556305,47,0,0,,0,0,,0,0,,0.5299999854,,False,
5m,1790559000,1790558971,1790559012,PULL MAKERS — BAND_EXIT mid=# #m,True,1626,1790558168,98,0,0,,16,305.9,Down,0,19,0.5,0.58,Up,False,
5m,1790559300,1790559272,1790559303,PULL MAKERS — BAND_EXIT mid=# #m,True,853,1790558997,41,0,0,,13,167.8,Down/Up,0,28,,0.6,Down/Up,True,
5m,1790559600,1790559571,1790559582,PULL MAKERS — BAND_EXIT mid=# #m,True,1850,1790559281,12,0,0,,1,5.1,Up,0,1,,0.5999999607,Down,False,
15m,1790559900,1790559871,1790559890,PULL MAKERS — BAND_EXIT mid=# #m,True,1078,1790559485,9,0,0,,0,0,,0,0,,0.5230263027,,False,
5m,1790559900,1790559871,1790559890,PULL MAKERS — BAND_EXIT mid=# #m,True,2266,1790559426,27,0,0,,3,318.0,Down,0,3,,0.6006464133,Up,False,
5m,1790560200,1790560171,1790560171,PULL MAKERS — LIQ cascade SELL/lon,True,2072,1790559747,0,0,0,,0,0,,0,1,,,,False,
5m,1790560500,1790560470,1790560495,PULL MAKERS — BAND_EXIT mid=# #m,True,1468,1790559933,34,0,0,,1,20.7,Down,0,1,,0.5699999831,Up,False,
15m,1790560800,1790560770,1790560801,PULL MAKERS — BAND_EXIT mid=# #m,True,1162,1790559903,4,0,0,,0,0,,0,1,0.46,0.54,,False,
5m,1790560800,1790560770,1790560801,PULL MAKERS — BAND_EXIT mid=# #m,True,1288,1790559764,22,0,0,,0,0,,0,6,,0.53,,False,
5m,1790561100,1790561071,1790561101,PULL MAKERS — BAND_EXIT mid=# #m,True,1897,1790559770,39,0,0,,6,115.9,Up,0,24,,0.5899999705,Down,False,
5m,1790561400,1790561370,1790561400,PULL MAKERS — BAND_EXIT mid=# #m,True,971,1790559777,40,0,0,,6,409.9,Down,0,6,,0.59999988,Up,False,
15m,1790561700,1790561672,1790561725,PULL MAKERS — BAND_EXIT mid=# #m,True,799,1790560803,47,0,0,,5,86.0,Down/Up,0,11,,0.55,Down/Up,True,
5m,1790561700,1790561672,1790561725,PULL MAKERS — BAND_EXIT mid=# #m,True,1172,1790559903,169,0,0,,33,795.0,Down/Up,0,46,0.53,0.61,Down/Up,True,
5m,1790562000,1790561970,1790561986,PULL MAKERS — BAND_EXIT mid=# #m,True,1545,1790560719,25,0,0,,6,75.3,Up,0,7,,0.6099999956,Down,False,
15m,1790566200,1790566171,1790566195,PULL MAKERS — LIQ cascade SELL/lon,True,783,1790565305,7,0,0,,0,0,,0,0,,0.52,,False,
5m,1790566200,1790566171,1790566195,PULL MAKERS — LIQ cascade SELL/lon,True,1262,1790565690,67,0,0,,12,276.1,Down/Up,0,12,,0.59,Down/Up,True,
5m,1790566500,1790566471,1790566476,PULL MAKERS — BAND_EXIT mid=# #m,True,748,1790565911,5,0,0,,2,30.7,Up,0,3,,0.5799999963,Down,False,
5m,1790573100,1790573070,1790573106,PULL MAKERS — BAND_EXIT mid=# #m,True,1920,1790572460,106,0,0,,8,284.7,Down,1,11,0.4760967239,0.6,Up,False,
5m,1790573700,1790573672,1790573734,PULL MAKERS — BAND_EXIT mid=# #m,True,1340,1790531978,192,0,0,,18,643.9,Down/Up,1,28,0.46,0.5799999979,Down/Up,True,
5m,1790574000,1790573970,1790574015,PULL MAKERS — BAND_EXIT mid=# #m,True,758,1790573133,157,1,2.2,Down,28,807.0,Down/Up,1,34,0.4,0.62,Down/Up,True,
